AOD,narration,cummulative_credit_amount,Output
87,0,230128,0
80,0,1885,0
87,1,223603,0
94,1,941015,0
83,0,76498,0
96,0,458231,0
92,0,376936,0
97,1,279643,0
82,0,282550,0
98,0,196885,0
97,0,14615,0
83,0,236979,0
83,0,799617,0
89,0,142782,0
93,1,727886,0
81,1,946225,1
99,1,710917,0
98,1,574624,0
98,0,963345,0
97,1,158054,0
92,1,634582,0
84,1,76747,0
90,1,86015,0
86,1,181270,0
94,0,351166,0
99,0,73131,0
90,0,75609,0
84,1,662634,1
89,1,596966,1
98,0,138072,0
85,1,622762,1
80,0,998049,0
83,0,797726,0
95,0,51772,0
84,0,748095,0
93,1,913027,0
93,1,287105,0
86,1,897448,1
84,0,455552,0
85,1,296411,0
91,0,561636,0
93,0,344735,0
95,0,904532,0
95,0,171915,0
80,0,33003,0
87,1,807279,1
81,1,778812,1
82,1,563484,1
100,0,995666,0
85,0,575067,0
80,0,899718,0
93,0,668516,0
87,1,862444,1
93,0,997494,0
92,0,903129,0
96,1,116802,0
100,1,446973,0
88,0,290008,0
84,0,521309,0
97,1,572389,0
80,1,907466,1
98,0,981845,0
99,1,476350,0
99,1,124598,0
97,0,25736,0
87,1,448013,0
91,1,474601,0
98,0,645030,0
94,0,560021,0
97,1,150853,0
96,0,501183,0
86,0,575434,0
86,0,897942,0
85,1,782818,1
96,0,323474,0
93,0,420489,0
90,1,205398,0
98,0,901584,0
87,0,115199,0
84,0,597041,0
87,1,782885,1
88,1,308014,0
85,0,652487,0
91,0,389884,0
88,1,955235,1
88,1,12395,0
89,1,781291,1
92,1,461003,0
91,1,937368,0
80,1,952217,1
88,1,772738,1
91,1,366667,0
90,0,66640,0
93,0,669319,0
85,0,76476,0
95,1,251973,0
81,0,623946,0
83,1,87909,0
84,0,243253,0
84,1,931855,1
81,1,475357,0
84,0,921583,0
80,1,254734,0
98,0,987373,0
93,1,629681,0
95,1,216899,0
80,1,308757,0
83,1,98934,0
81,1,62320,0
85,1,823356,1
90,1,922350,0
99,0,936873,0
84,0,557374,0
92,0,592677,0
85,0,968207,0
80,1,730352,1
91,1,43252,0
93,1,955616,0
89,1,307135,0
82,0,354944,0
97,1,979146,0
90,1,639382,0
94,1,867425,0
85,1,368287,0
96,0,627118,0
98,0,246958,0
96,0,666679,0
99,0,695249,0
99,1,124575,0
96,1,504475,0
83,1,430972,0
86,1,856088,1
95,0,362322,0
98,0,64397,0
88,1,321503,0
88,1,203486,0
88,0,980220,0
89,1,695628,1
82,0,452872,0
84,0,813559,0
87,0,180193,0
91,1,113297,0
93,0,155464,0
99,0,649693,0
93,0,100419,0
99,0,875145,0
82,0,893173,0
90,1,701101,0
97,0,607918,0
85,1,141800,0
83,0,422754,0
83,1,641067,1
94,0,810235,0
85,0,192363,0
92,1,685864,0
88,0,407665,0
81,0,528472,0
89,1,12513,0
83,0,306740,0
95,1,8426,0
99,1,844986,0
83,1,674586,1
98,1,45117,0
80,0,75672,0
86,1,140462,0
99,1,660542,0
84,0,233537,0
99,0,297555,0
94,1,658424,0
93,0,962094,0
87,0,331010,0
96,1,721642,0
97,1,930031,0
97,1,397546,0
93,0,959661,0
98,1,730732,0
88,1,167040,0
98,0,469858,0
94,1,916687,0
88,0,378216,0
88,1,547966,1
98,1,868700,0
89,1,880999,1
85,0,735407,0
100,1,887661,0
100,1,355056,0
83,1,84940,0
91,0,486965,0
97,1,582576,0
96,1,33384,0
83,0,185106,0
88,1,854188,1
87,0,650650,0
97,0,581985,0
85,1,498379,0
91,0,987398,0
99,1,125634,0
92,1,666320,0
88,0,224233,0
87,1,448028,0
88,0,971200,0
92,0,887920,0
89,1,788237,1
87,1,406373,0
80,1,734516,1
81,1,543741,1
85,0,117006,0
92,0,701941,0
98,1,398205,0
87,0,320643,0
84,1,15712,0
81,1,275699,0
96,1,926989,0
93,1,42144,0
85,1,676566,1
83,0,910141,0
93,0,193883,0
96,1,368911,0
90,0,979806,0
93,0,434082,0
81,1,192452,0
81,1,370452,0
80,1,629094,1
88,0,928932,0
89,0,11132,0
86,1,805278,1
93,1,47039,0
94,1,613088,0
84,1,68874,0
92,0,452533,0
92,0,390366,0
92,0,959654,0
98,1,386004,0
95,1,44975,0
80,0,813443,0
85,0,164149,0
97,0,217218,0
91,1,429916,0
80,0,348910,0
96,1,581588,0
86,1,239396,0
92,0,699399,0
81,1,996125,1
99,1,751600,0
97,1,726638,0
96,0,124044,0
88,1,718099,1
80,0,603613,0
91,0,565893,0
98,1,313201,0
90,1,676211,0
98,1,840555,0
90,0,500719,0
96,1,606096,0
90,0,975862,0
88,1,839494,1
94,0,514273,0
89,0,68946,0
90,0,414329,0
84,0,868767,0
88,1,663199,1
100,1,460478,0
98,1,489164,0
94,1,746784,0
80,1,636738,1
100,0,561895,0
98,0,519072,0
96,0,243722,0
89,0,23684,0
94,0,108096,0
84,0,150276,0
94,0,278893,0
96,1,752204,0
94,0,493819,0
88,0,109351,0
92,0,923323,0
83,0,62771,0
87,0,127514,0
83,0,300572,0
80,0,666925,0
86,0,571330,0
90,1,366286,0
89,0,115380,0
97,0,596843,0
96,0,524909,0
94,1,395417,0
92,1,48819,0
87,1,771347,1
87,1,359394,0
100,1,675136,0
84,0,654367,0
92,0,161013,0
91,0,649555,0
95,0,186113,0
86,1,852319,1
99,0,559954,0
82,0,319618,0
89,0,478611,0
91,0,36907,0
85,0,699899,0
98,1,864692,0
86,1,707238,1
98,1,486653,0
86,0,486703,0
100,0,434423,0
92,0,554916,0
100,1,624038,0
88,1,682244,1
82,0,319708,0
95,1,311068,0
86,1,343291,0
87,1,654679,1
86,1,252083,0
100,1,568357,0
93,0,770002,0
89,1,907554,1
91,1,562136,0
97,1,967374,0
96,1,122263,0
92,1,967711,0
85,1,624652,1
99,0,805010,0
80,1,822053,1
80,1,867184,1
82,1,949912,1
96,0,10025,0
99,1,326537,0
87,0,309508,0
82,1,755743,1
91,1,660806,0
81,1,263579,0
89,0,3525,0
82,0,656723,0
89,1,226820,0
100,1,473450,0
82,0,501022,0
92,1,339460,0
92,0,252495,0
85,1,43695,0
95,1,470257,0
87,1,758639,1
94,0,339717,0
91,0,335570,0
90,1,698649,0
81,0,251161,0
80,1,928015,1
99,1,475449,0
100,0,34052,0
95,1,267233,0
99,1,762671,0
87,0,731282,0
96,0,954680,0
86,1,607990,1
96,0,801872,0
99,1,587484,0
96,1,121678,0
80,1,768098,1
86,0,590651,0
90,1,77046,0
90,1,331491,0
100,1,847702,0
88,0,148949,0
99,0,831321,0
88,1,90675,0
80,1,564962,1
90,1,963098,0
92,0,356488,0
86,1,399689,0
98,1,391674,0
89,1,474101,0
97,0,872184,0
90,1,326408,0
96,0,292668,0
85,0,451296,0
89,1,49173,0
87,1,581859,1
96,0,670006,0
84,1,598533,1
95,1,194745,0
86,0,352221,0
83,1,520840,1
82,0,981539,0
91,1,819330,0
81,0,633513,0
82,1,127221,0
85,1,812118,1
96,1,228143,0
100,1,248770,0
81,1,573365,1
97,0,381118,0
95,1,7868,0
91,0,315341,0
99,1,708325,0
80,1,861035,1
91,1,543709,0
88,1,568957,1
100,0,358686,0
80,0,656581,0
100,1,910711,0
99,0,955783,0
92,0,176063,0
96,0,309605,0
85,1,49099,0
98,0,792109,0
90,1,28834,0
85,0,217632,0
90,1,498156,0
97,0,113614,0
85,1,871968,1
96,0,251438,0
83,0,662463,0
83,0,22337,0
85,0,123672,0
91,1,944798,0
89,1,613307,1
96,1,26787,0
82,1,640913,1
89,1,109406,0
90,0,712327,0
92,0,570183,0
84,1,324275,0
92,0,652580,0
97,0,465724,0
92,0,679787,0
97,1,880600,0
96,0,275262,0
83,0,219338,0
97,1,810875,0
88,0,494657,0
91,1,726794,0
82,1,478365,0
98,1,445133,0
89,0,882947,0
81,1,355248,0
100,0,992604,0
95,1,223439,0
89,0,736046,0
84,1,768218,1
97,1,129720,0
93,0,780730,0
93,0,178080,0
97,0,643919,0
97,1,127254,0
83,1,912970,1
88,1,310829,0
94,0,978904,0
97,1,721162,0
81,1,507630,1
87,1,902667,1
81,1,674465,1
91,0,814552,0
98,1,419404,0
92,1,790832,0
95,0,721601,0
85,0,200996,0
94,1,641706,0
84,0,288308,0
85,1,405583,0
84,1,665163,1
95,1,19970,0
82,1,386219,0
96,1,183570,0
83,0,39713,0
96,0,521168,0
95,1,867059,0
90,0,935798,0
83,0,106917,0
85,1,237100,0
81,1,92936,0
95,0,629208,0
91,1,646582,0
83,1,12860,0
95,0,555667,0
95,1,164415,0
99,0,53786,0
93,1,17489,0
89,0,330976,0
84,0,652548,0
87,0,108887,0
100,0,137505,0
88,0,150315,0
93,1,298148,0
99,0,812342,0
99,0,554674,0
83,0,753202,0
88,0,722879,0
95,0,278378,0
91,1,47599,0
100,0,436073,0
80,1,715937,1
98,0,926782,0
92,1,730332,0
81,1,139208,0
94,1,882846,0
97,0,28760,0
100,1,283367,0
88,0,605585,0
83,1,933871,1
91,0,357995,0
95,0,16219,0
90,1,279364,0
82,1,288059,0
94,0,642265,0
83,1,702728,1
85,1,823801,1
98,1,48106,0
86,0,858644,0
95,1,753931,0
83,0,618515,0
90,1,940175,0
96,1,302565,0
96,1,817614,0
100,0,545012,0
84,1,28835,0
83,0,538166,0
82,1,213218,0
99,1,531672,0
83,0,413587,0
80,0,424844,0
92,1,98976,0
97,1,90531,0
89,1,705403,1
96,1,633516,0
85,1,177841,0
84,0,419720,0
89,0,5473,0
97,1,489892,0
83,0,284203,0
85,1,100075,0
91,0,541717,0
84,1,37066,0
96,1,555306,0
96,0,921935,0
87,1,431839,0
86,0,769279,0
89,0,863442,0
80,0,94556,0
85,0,470565,0
95,1,266131,0
97,1,354371,0
93,0,244355,0
99,0,973313,0
82,0,954014,0
83,1,68387,0
89,1,672686,1
91,0,530764,0
82,0,278865,0
99,0,292704,0
96,0,285802,0
89,0,977492,0
89,1,850986,1
85,0,788453,0
88,0,627249,0
80,0,80275,0
97,0,780394,0
99,1,849213,0
91,0,45117,0
90,1,583200,0
91,1,205300,0
87,0,921163,0
85,0,72163,0
84,0,575571,0
92,0,517571,0
81,0,723837,0
93,0,885338,0
88,0,455159,0
87,0,690744,0
96,1,742743,0
86,0,116255,0
88,0,588606,0
98,0,677398,0
90,0,758586,0
95,1,406412,0
96,1,151336,0
83,1,473173,0
97,0,616615,0
82,0,153297,0
94,0,115690,0
100,0,555839,0
80,0,849651,0
86,1,313837,0
80,1,893041,1
96,1,381653,0
93,1,351779,0
83,0,586136,0
91,0,38185,0
95,1,171395,0
85,0,978374,0
80,1,598984,1
98,0,94290,0
93,1,953686,0
92,0,691054,0
99,0,866755,0
95,0,923289,0
83,0,60150,0
97,0,409191,0
91,0,227598,0
84,1,397708,0
84,0,558323,0
88,0,17850,0
88,0,988669,0
90,1,330652,0
96,0,707481,0
93,0,931771,0
86,0,429603,0
98,0,621988,0
93,0,301666,0
82,1,880853,1
81,0,198228,0
97,0,897768,0
99,0,599362,0
84,0,975085,0
80,1,532557,1
81,1,423886,0
95,1,346763,0
96,0,710293,0
99,0,867840,0
95,0,92665,0
99,1,78888,0
89,0,293443,0
99,0,188259,0
84,1,794013,1
86,1,814691,1
99,1,18246,0
96,0,54443,0
83,0,817908,0
87,1,409296,0
80,1,840539,1
94,1,499674,0
100,0,819063,0
86,0,367565,0
89,1,369890,0
80,1,22576,0
80,1,489261,0
88,0,818435,0
87,0,553976,0
92,0,772011,0
99,0,379,0
87,1,67906,0
83,1,995664,1
91,0,476759,0
86,1,626295,1
83,1,586604,1
96,1,596733,0
94,0,319226,0
100,1,191038,0
82,0,930265,0
92,1,451109,0
96,1,397167,0
83,1,468402,0
90,0,176486,0
87,1,881012,1
95,0,120570,0
95,0,796113,0
92,0,304392,0
85,1,56575,0
94,0,202665,0
99,0,6072,0
96,1,985235,0
92,1,46478,0
82,1,747060,1
93,0,874046,0
94,1,752676,0
85,1,995013,1
97,0,510440,0
88,1,570442,1
80,0,742122,0
95,1,801082,0
88,0,617970,0
88,1,172391,0
92,0,719503,0
80,1,619877,1
89,0,627562,0
98,1,903233,0
96,1,403990,0
86,1,284540,0
82,1,370263,0
98,0,32633,0
83,1,647738,1
89,1,326944,0
87,0,646374,0
99,0,816151,0
82,1,931272,1
94,0,639696,0
86,0,129689,0
100,0,276452,0
89,1,278392,0
89,1,756126,1
85,0,115616,0
97,1,807543,0
93,0,792475,0
94,1,618269,0
96,1,417569,0
100,1,429778,0
80,1,870826,1
94,0,533785,0
80,1,13259,0
82,1,373389,0
88,1,49096,0
85,0,710132,0
80,1,557383,1
100,0,193148,0
90,0,446901,0
100,0,152217,0
97,1,132299,0
88,1,596240,1
84,0,884381,0
96,0,212829,0
96,1,492888,0
90,0,54588,0
98,1,955877,0
82,0,89597,0
91,0,898398,0
90,1,701904,0
97,1,307022,0
90,1,753709,0
89,1,29657,0
82,0,55355,0
95,0,587657,0
84,1,936913,1
84,0,496058,0
99,1,126675,0
92,1,898795,0
95,0,61570,0
94,1,688492,0
98,0,8167,0
89,0,640917,0
83,1,342341,0
82,1,452424,0
82,1,566204,1
85,1,457816,0
82,0,630424,0
95,1,708480,0
93,0,866935,0
83,0,197661,0
88,0,698440,0
94,0,585398,0
92,0,571941,0
88,1,579993,1
94,0,819572,0
99,0,228426,0
88,1,741868,1
93,0,486951,0
90,1,209015,0
83,1,958367,1
96,0,899353,0
85,0,146443,0
91,1,574109,0
80,0,874931,0
85,0,463701,0
87,1,195461,0
82,1,358248,0
100,0,550676,0
98,0,347034,0
96,1,243198,0
95,1,167877,0
91,1,241393,0
89,1,495643,0
83,0,503635,0
86,1,487729,0
83,1,777590,1
87,1,14083,0
90,0,819176,0
94,0,319460,0
83,0,756632,0
97,1,956214,0
81,1,194068,0
100,0,71032,0
100,0,917619,0
92,1,770656,0
82,1,974467,1
92,1,504641,0
91,1,742413,0
84,0,428808,0
83,0,901127,0
98,1,454501,0
87,0,661519,0
86,0,482578,0
93,0,941262,0
97,1,154270,0
81,1,323004,0
100,1,450631,0
88,1,432572,0
89,0,166767,0
90,0,952870,0
90,1,495191,0
90,1,408906,0
96,0,311133,0
85,0,436483,0
94,1,719406,0
93,0,529494,0
83,1,818762,1
87,1,306271,0
92,1,36461,0
95,1,264742,0
99,1,545308,0
80,1,310991,0
94,1,655126,0
87,1,687839,1
94,0,553181,0
84,1,758936,1
94,1,150916,0
82,0,376917,0
98,1,524806,0
93,1,719337,0
82,0,652908,0
91,0,343041,0
80,1,962181,1
99,1,108517,0
84,1,709522,1
86,0,564154,0
94,0,990199,0
85,1,606883,1
92,1,635519,0
91,1,755489,0
88,1,47616,0
94,1,338602,0
81,0,503748,0
89,1,512218,1
80,0,792244,0
86,0,802694,0
99,0,873752,0
98,1,549608,0
95,0,574213,0
89,0,404592,0
100,0,110312,0
94,1,714945,0
90,0,214925,0
85,1,432007,0
82,1,868812,1
94,1,926868,0
100,1,210894,0
95,1,4647,0
89,0,947095,0
83,1,41076,0
92,0,585769,0
98,0,631525,0
88,1,540446,1
80,0,269663,0
81,1,955295,1
88,1,80296,0
89,0,153955,0
92,1,463712,0
92,1,233788,0
85,0,385761,0
92,1,647753,0
93,0,101626,0
100,1,384137,0
81,1,435713,0
92,0,307600,0
95,1,663699,0
82,1,658394,1
93,1,164072,0
98,1,759858,0
85,0,700664,0
100,0,489045,0
91,1,184888,0
88,1,87893,0
80,1,885146,1
86,1,960866,1
93,0,156076,0
96,1,956142,0
87,0,663460,0
83,0,974204,0
91,1,157763,0
82,0,196935,0
80,1,164780,0
92,0,868171,0
93,0,265794,0
82,0,945391,0
84,0,343417,0
84,0,449116,0
89,0,35750,0
96,1,308228,0
81,0,599039,0
95,1,978797,0
87,0,380443,0
84,0,521555,0
87,0,433451,0
99,0,177894,0
87,1,807458,1
95,1,346303,0
87,0,32269,0
90,1,732423,0
95,1,841675,0
88,1,299474,0
88,0,163471,0
89,0,113343,0
93,0,615317,0
93,0,599118,0
80,1,48004,0
97,1,197103,0
92,0,76367,0
84,1,909141,1
83,1,272231,0
81,0,574126,0
85,1,928337,1
91,1,869734,0
81,1,168784,0
81,0,818309,0
93,1,3547,0
80,0,317070,0
92,1,44573,0
95,0,325149,0
87,0,373263,0
94,1,955232,0
82,1,810237,1
86,0,797037,0
86,1,848094,1
90,1,458792,0
88,1,451270,0
80,1,526226,1
80,0,814634,0
80,1,10760,0
100,0,332446,0
81,1,621134,1
80,0,240425,0
100,0,577767,0
85,1,456674,0
87,1,983426,1
93,1,769474,0
84,0,674423,0
82,1,509471,1
93,0,818106,0
84,0,263667,0
84,1,924276,1
82,1,49641,0
83,0,481391,0
84,0,22455,0
93,1,379055,0
82,0,954461,0
95,0,188962,0
99,1,29271,0
97,0,272804,0
99,0,883671,0
95,1,267429,0
87,0,852431,0
99,1,370446,0
86,0,15484,0
97,1,674076,0
89,1,303403,0
100,1,155449,0
94,0,206095,0
99,1,806906,0
96,1,540066,0
92,1,838429,0
88,0,475608,0
100,1,768979,0
94,1,230590,0
85,1,85054,0
93,0,925159,0
94,1,151086,0
82,0,670055,0
92,0,16570,0
81,0,166471,0
83,1,845439,1
81,1,699639,1
91,1,372225,0
81,0,439878,0
81,0,983661,0
86,1,912974,1
86,0,137733,0
83,0,538322,0
95,1,167191,0
89,1,648191,1
100,0,106294,0
100,0,191127,0
93,1,170280,0
88,0,939687,0
92,1,142638,0
91,0,701877,0
82,1,599308,1
89,1,394220,0
82,1,270237,0
84,1,33986,0
93,1,101498,0
90,1,817016,0
89,0,866046,0
86,0,390797,0
83,1,351267,0
89,1,31423,0
90,1,113233,0
93,0,263675,0
96,1,468796,0
88,0,519753,0
91,0,178704,0
99,1,879309,0
98,1,286315,0
85,0,467529,0
99,0,11617,0
100,1,419052,0
83,0,522697,0
95,1,614272,0
83,0,224089,0
92,0,851353,0
97,1,992973,0
98,1,911356,0
84,0,328049,0
87,0,253945,0
82,1,334290,0
90,1,907529,0
93,0,432345,0
99,0,957185,0
89,1,723447,1
91,1,402128,0
80,0,864565,0
82,1,988130,1
99,0,676859,0
93,0,187198,0
89,1,344281,0
97,1,89645,0
86,1,555537,1
87,0,242942,0
97,1,524724,0
97,0,369933,0
81,1,677339,1
86,0,304732,0
98,1,13642,0
88,0,357877,0
82,0,262751,0
100,1,242477,0
95,0,287354,0
99,0,500975,0
83,1,760218,1
98,0,572680,0
80,0,572105,0
83,1,156407,0
90,0,694026,0
93,0,449047,0
98,0,179440,0
100,1,856281,0
81,0,750090,0
88,0,599453,0
98,0,921514,0
92,0,892612,0
88,0,420149,0
97,0,209491,0
93,0,948936,0
91,1,666996,0
95,1,633644,0
97,1,753113,0
84,0,223907,0
86,0,499940,0
99,1,56282,0
100,1,586717,0
98,0,971373,0
89,1,750644,1
81,1,602388,1
94,1,293389,0
99,0,810473,0
80,1,340471,0
100,0,721480,0
82,1,796396,1
85,0,343458,0
94,1,371695,0
97,0,570979,0
89,1,232448,0
100,1,923963,0
88,1,828033,1
94,0,369233,0
91,1,444223,0
99,0,366210,0
95,0,986390,0
88,0,802593,0
85,0,137661,0
95,1,798832,0
91,0,847813,0
100,1,607225,0
90,0,676737,0
91,0,138328,0
85,0,355015,0
81,1,60787,0
98,1,27967,0
83,1,375903,0
100,1,121888,0
94,1,30184,0
100,0,888537,0
98,0,184451,0
83,0,926937,0
100,0,123777,0
99,1,21701,0
100,1,797507,0
87,0,587946,0
90,0,844730,0
88,1,373811,0
98,0,859142,0
99,1,63940,0
92,1,221704,0
91,1,11518,0
87,0,122863,0
83,0,380846,0
88,0,399245,0
97,1,120590,0
85,0,145162,0
81,1,934569,1
99,1,928543,0
92,1,460656,0
84,1,370870,0
86,0,497781,0
92,1,11143,0
97,1,13050,0
90,1,601184,0
98,1,812011,0
80,0,734385,0
92,0,136847,0
86,1,173733,0
97,0,557231,0
87,1,427476,0
98,0,926057,0
85,1,499150,0
88,0,302202,0
94,0,71895,0
85,1,32427,0
85,1,20012,0
84,0,915048,0
93,0,816193,0
81,0,957492,0
88,1,929414,1
88,0,808158,0
95,1,702929,0
83,0,441295,0
80,0,433826,0
88,1,813288,1
91,1,225074,0
91,0,275293,0
83,0,867093,0
83,0,988055,0
86,1,148784,0
88,1,945993,1
86,0,32324,0
100,1,349516,0
87,1,657736,1
83,0,775230,0
90,0,123287,0
100,1,569759,0
98,0,120181,0
97,1,777211,0
93,0,445944,0
99,1,895198,0
86,0,692994,0
98,1,858132,0
99,0,718861,0
96,0,383506,0
100,1,865584,0
90,0,265431,0
84,0,310212,0
89,1,339523,0
91,1,62675,0
100,1,64951,0
83,1,212956,0
91,0,13740,0
88,0,325399,0
92,0,938947,0
93,0,796820,0
93,0,269800,0
100,1,262083,0
94,0,953437,0
86,0,132214,0
92,1,711007,0
100,1,486170,0
96,1,462348,0
97,0,972714,0
82,1,522709,1
91,1,686191,0
80,1,419150,0
86,0,11759,0
95,1,600001,0
98,1,810871,0
89,1,865940,1
98,0,981888,0
86,1,156463,0
91,0,918863,0
83,1,344250,0
83,1,394655,0
81,0,194743,0
86,0,791227,0
98,1,764814,0
84,0,170312,0
90,0,77320,0
98,0,684232,0
94,1,265017,0
96,1,778692,0
99,1,376589,0
90,0,476889,0
86,0,686403,0
83,0,91170,0
99,0,571129,0
82,1,720410,1
93,0,585923,0
83,0,371092,0
89,0,497145,0
85,1,530425,1
99,1,538721,0
82,1,60205,0
87,0,553896,0
97,1,140790,0
83,0,213545,0
89,1,240232,0
98,1,508963,0
81,0,278764,0
95,1,4047,0
98,1,854527,0
96,1,95819,0
84,1,41825,0
81,0,78275,0
87,0,431151,0
80,1,271849,0
98,0,40149,0
92,0,814169,0
98,1,609919,0
80,0,76586,0
87,0,174798,0
100,0,305587,0
91,0,261824,0
95,1,486831,0
96,1,532441,0
83,1,210009,0
97,1,774559,0
93,1,748834,0
83,1,832720,1
92,1,72090,0
98,0,168153,0
87,0,246180,0
89,0,859119,0
90,0,649010,0
93,0,466314,0
85,1,462172,0
92,0,694451,0
92,1,532963,0
89,0,620756,0
87,0,352688,0
84,0,563722,0
86,1,256118,0
86,1,408583,0
87,1,42293,0
96,1,890960,0
87,1,283534,0
92,0,514211,0
100,1,376882,0
82,1,320946,0
89,0,429370,0
83,1,97585,0
84,0,779005,0
81,1,483673,0
100,0,54378,0
86,0,142411,0
89,0,102268,0
85,1,856054,1
85,1,307402,0
93,1,744813,0
85,0,291781,0
81,0,734860,0
81,0,664576,0
90,1,443188,0
91,0,143310,0
93,1,724534,0
84,1,212862,0
92,0,578637,0
94,1,577883,0
99,1,751457,0
93,0,633878,0
92,1,576897,0
84,0,56522,0
87,1,20620,0
84,0,919288,0
87,1,70412,0
84,0,343852,0
95,0,771975,0
83,0,787903,0
83,0,681516,0
82,1,312524,0
87,0,132461,0
99,0,937626,0
97,0,892707,0
86,0,648886,0
89,0,634508,0
100,0,605164,0
93,0,574195,0
91,1,996946,0
92,1,843851,0
84,0,177844,0
88,1,332053,0
100,1,816426,0
83,1,761340,1
98,0,117029,0
97,1,731874,0
88,0,341234,0
88,0,379822,0
89,0,368310,0
99,0,303157,0
98,1,553137,0
88,0,603938,0
95,0,974110,0
83,0,80996,0
88,0,640354,0
90,0,525145,0
96,0,489051,0
92,0,826140,0
86,0,117880,0
86,0,90864,0
85,1,6603,0
99,0,466053,0
100,0,765854,0
96,0,731923,0
98,0,971588,0
87,1,345013,0
97,0,750416,0
94,0,410752,0
85,0,277585,0
80,0,535788,0
96,1,157359,0
83,1,89272,0
81,0,458669,0
89,1,818760,1
84,0,540394,0
99,0,123388,0
99,0,942823,0
87,1,163277,0
90,1,110278,0
100,1,800297,0
92,1,223277,0
85,1,418441,0
97,0,637372,0
99,0,951848,0
89,1,897773,1
84,1,803148,1
87,0,245672,0
83,1,440223,0
94,1,884763,0
90,0,240034,0
82,1,473919,0
90,1,830698,0
94,0,726608,0
93,0,168443,0
95,0,162082,0
88,1,158009,0
88,1,184892,0
97,0,336639,0
81,0,203662,0
96,1,936353,0
84,1,730222,1
91,0,874446,0
88,1,977597,1
96,1,704119,0
86,0,767109,0
94,0,585049,0
84,1,961476,1
89,1,473656,0
90,1,694432,0
99,1,229217,0
85,0,759160,0
99,1,569046,0
88,1,215628,0
92,0,131596,0
93,0,561121,0
87,0,234998,0
88,1,761812,1
92,1,566385,0
80,1,781233,1
87,0,730694,0
82,0,335156,0
81,0,259524,0
96,1,729137,0
84,1,451308,0
89,1,258073,0
99,0,164066,0
90,1,21005,0
95,0,564932,0
87,0,899870,0
91,1,974719,0
89,1,245676,0
88,0,522011,0
96,1,972593,0
85,1,898758,1
98,0,178096,0
84,1,114808,0
90,1,535460,0
99,1,455337,0
89,1,153422,0
100,0,712400,0
90,1,261419,0
89,0,246162,0
92,1,982835,0
94,1,109038,0
89,1,292798,0
100,1,571060,0
85,0,15646,0
99,0,279044,0
100,1,730857,0
90,0,720837,0
90,0,708915,0
84,1,978267,1
89,0,770381,0
94,0,655748,0
81,1,330198,0
80,1,807084,1
85,0,886977,0
93,1,814171,0
90,1,41934,0
92,0,943453,0
87,1,357242,0
84,0,738385,0
91,0,507799,0
91,1,814228,0
94,1,434827,0
98,0,253880,0
84,0,814537,0
86,0,641496,0
92,0,335596,0
94,0,980582,0
84,0,764368,0
87,0,592440,0
84,0,148048,0
97,1,311609,0
82,0,308219,0
80,0,275947,0
99,0,493942,0
84,1,236624,0
83,1,648640,1
88,1,396662,0
86,0,803875,0
81,1,960113,1
92,1,672983,0
89,0,534433,0
93,0,915133,0
94,0,579689,0
80,1,275644,0
96,0,87595,0
84,1,816065,1
93,0,70144,0
88,0,395040,0
100,1,745048,0
92,0,609576,0
86,0,278585,0
91,1,236746,0
100,0,726153,0
95,1,528881,0
87,1,3886,0
89,0,417071,0
82,0,597716,0
96,0,994349,0
88,1,111609,0
90,0,266959,0
81,0,711349,0
85,0,522080,0
82,1,876237,1
84,0,95462,0
83,1,689007,1
93,0,835579,0
80,1,663932,1
94,0,955510,0
95,1,409282,0
80,0,321457,0
85,0,232018,0
93,0,425982,0
90,1,387960,0
88,0,91939,0
95,1,696302,0
88,1,458621,0
85,1,694544,1
98,1,894759,0
96,0,415977,0
100,0,406792,0
80,1,319872,0
97,0,54950,0
88,0,542941,0
97,0,225657,0
83,1,113009,0
95,1,573403,0
97,0,390796,0
87,1,700944,1
80,1,350387,0
88,1,253547,0
89,1,549950,1
86,1,103617,0
82,0,26602,0
93,1,289021,0
80,1,36065,0
83,1,928044,1
81,0,689430,0
92,0,627673,0
80,1,9297,0
85,0,882208,0
92,0,484257,0
84,0,331045,0
96,1,692186,0
99,1,189574,0
82,0,652822,0
81,0,360546,0
92,0,931534,0
100,1,498178,0
93,1,225956,0
97,1,956578,0
94,0,648168,0
92,1,259447,0
88,1,545641,1
82,0,164741,0
96,0,654120,0
88,1,671356,1
83,1,8226,0
81,0,696493,0
87,0,2912,0
81,0,935648,0
86,0,586881,0
96,0,491450,0
95,0,731633,0
97,1,843041,0
96,0,39312,0
94,1,197684,0
82,1,844931,1
85,1,522471,1
93,0,662410,0
95,1,417558,0
88,0,134222,0
93,0,169825,0
98,1,693785,0
96,0,103894,0
97,1,54900,0
91,0,889883,0
83,0,186174,0
81,1,39091,0
80,0,308658,0
89,0,535154,0
95,0,540894,0
90,1,941005,0
90,0,224646,0
82,1,782096,1
81,0,671929,0
90,0,950677,0
100,1,667582,0
80,1,885657,1
89,0,234168,0
81,1,445008,0
83,0,387598,0
81,0,478399,0
91,1,897939,0
87,0,263034,0
82,1,570011,1
99,1,509200,0
100,1,441392,0
87,0,929285,0
95,0,288682,0
98,0,231445,0
83,1,584623,1
92,1,288157,0
86,0,851089,0
94,0,666983,0
85,0,314937,0
85,1,970231,1
88,1,903898,1
88,0,613343,0
88,0,365285,0
90,1,684738,0
98,0,242048,0
99,1,890796,0
94,0,21314,0
84,0,38365,0
100,0,935407,0
86,0,23105,0
87,0,803736,0
90,1,267612,0
81,1,867477,1
91,1,293924,0
99,0,732434,0
91,0,998782,0
85,1,424643,0
89,1,100686,0
82,0,898396,0
94,0,338426,0
100,0,404286,0
89,1,292651,0
81,1,56946,0
93,1,377032,0
99,0,403031,0
91,1,371846,0
80,0,595378,0
81,0,766580,0
91,0,16184,0
99,0,798529,0
96,1,113946,0
80,1,215958,0
98,1,927047,0
97,0,202398,0
88,0,113573,0
89,1,144485,0
85,1,799167,1
93,0,838611,0
96,0,788146,0
96,0,55408,0
95,1,155579,0
100,0,447675,0
81,0,812998,0
98,0,777902,0
88,0,264902,0
96,0,133673,0
80,0,396151,0
84,1,526319,1
80,0,196208,0
90,0,21847,0
92,0,736066,0
92,1,591734,0
97,0,984179,0
100,1,974559,0
99,0,466722,0
96,0,857004,0
99,0,991168,0
97,1,725476,0
89,1,478231,0
82,1,326153,0
100,1,24950,0
82,0,578787,0
89,0,821984,0
90,0,957212,0
89,1,126520,0
91,1,493870,0
99,0,657864,0
89,0,50199,0
81,1,441380,0
81,1,441744,0
100,0,292025,0
85,1,868389,1
80,1,505797,1
98,0,804503,0
90,0,462461,0
93,0,974797,0
92,1,721006,0
95,1,43805,0
84,1,958781,1
91,0,975515,0
86,1,495128,0
96,1,778593,0
93,1,120037,0
80,1,466882,0
87,1,84816,0
100,0,56856,0
88,0,379161,0
82,0,256913,0
96,0,651010,0
89,1,512911,1
93,1,858299,0
100,0,586119,0
82,1,523514,1
80,0,692368,0
86,0,565971,0
85,0,519928,0
80,0,837176,0
92,0,601818,0
83,1,523542,1
81,0,701553,0
96,1,762786,0
89,1,955185,1
84,0,196500,0
98,1,388944,0
80,1,356642,0
83,0,954986,0
98,0,629513,0
85,1,114781,0
90,1,367809,0
87,1,226092,0
96,1,657360,0
84,1,471618,0
91,1,179028,0
89,1,531077,1
87,0,731960,0
98,1,259654,0
100,0,824325,0
97,0,364083,0
94,0,40297,0
94,0,773346,0
93,0,70423,0
97,1,716963,0
90,1,404273,0
92,0,817390,0
96,1,480976,0
94,1,934112,0
89,0,35107,0
83,1,214967,0
85,1,457342,0
85,1,127792,0
95,0,708238,0
98,0,504833,0
84,1,897420,1
81,1,4336,0
91,0,172583,0
89,1,675607,1
87,1,458956,0
97,1,975488,0
97,1,219155,0
99,1,278719,0
93,1,345074,0
90,1,30867,0
92,0,224484,0
80,1,597597,1
83,1,830723,1
87,0,598504,0
81,0,252700,0
85,0,345709,0
85,0,432307,0
90,0,6060,0
100,1,211468,0
100,1,593338,0
82,0,38292,0
92,0,344725,0
96,0,313533,0
98,1,197377,0
99,1,527532,0
98,0,827572,0
86,0,856018,0
84,1,909089,1
98,1,232680,0
97,1,248108,0
85,1,270760,0
92,0,496719,0
91,0,348476,0
96,1,134803,0
100,1,862003,0
82,0,961722,0
85,1,77594,0
87,0,722682,0
98,1,954025,0
93,1,506790,0
89,1,949765,1
92,1,802821,0
87,1,263582,0
96,1,455054,0
83,1,316995,0
92,0,352380,0
87,0,28115,0
87,1,22067,0
82,0,839605,0
84,0,356707,0
91,0,828102,0
81,0,813367,0
89,1,812073,1
94,0,437431,0
83,0,67698,0
84,0,323670,0
100,0,462928,0
91,0,952823,0
92,0,814527,0
81,1,404527,0
81,1,538721,1
90,1,679228,0
82,1,229370,0
80,1,895672,1
100,1,935221,0
88,0,193833,0
86,0,609823,0
82,1,706528,1
92,1,957705,0
91,1,885831,0
95,1,444567,0
81,0,236334,0
93,1,922001,0
96,0,47184,0
94,0,400743,0
86,0,716471,0
91,1,731031,0
87,1,177827,0
80,0,601078,0
99,0,641709,0
85,1,243935,0
84,1,371577,0
96,1,691507,0
92,1,685165,0
85,0,50495,0
87,0,20463,0
100,1,698332,0
88,1,274304,0
89,1,653253,1
80,0,967692,0
96,0,399364,0
83,1,615342,1
87,0,22441,0
90,1,286073,0
83,1,302835,0
92,0,366786,0
97,0,558254,0
95,1,285328,0
85,1,119424,0
89,0,531571,0
83,1,406215,0
91,1,197401,0
92,1,690500,0
94,0,497332,0
86,0,888440,0
90,1,303597,0
91,1,383348,0
89,0,640147,0
88,1,256893,0
98,1,449525,0
98,0,28501,0
84,1,620154,1
100,0,910856,0
99,1,840934,0
91,0,134093,0
91,0,679876,0
96,0,603953,0
89,0,902555,0
98,1,680501,0
95,0,33096,0
91,0,169833,0
89,1,804704,1
94,0,985550,0
94,0,134401,0
83,0,568949,0
99,1,294723,0
95,0,422730,0
80,0,97361,0
81,0,819143,0
88,0,155051,0
89,0,731533,0
86,0,73822,0
81,1,151517,0
89,0,638453,0
80,0,334438,0
81,1,811955,1
90,1,61275,0
81,0,776857,0
90,0,17123,0
98,1,665488,0
96,1,416862,0
100,1,878451,0
82,0,822578,0
96,0,755149,0
81,0,664680,0
100,1,739350,0
81,0,333389,0
95,1,53173,0
96,1,404981,0
94,0,760186,0
88,0,818466,0
86,0,611208,0
96,1,418033,0
100,1,148184,0
93,0,956661,0
91,0,710712,0
84,1,224093,0
95,1,822833,0
84,1,558266,1
80,1,553583,1
84,0,199046,0
86,0,309971,0
80,1,122660,0
93,0,174509,0
89,0,326212,0
94,1,185766,0
84,0,752902,0
86,0,406127,0
80,1,755851,1
89,0,556207,0
86,0,19390,0
86,1,370244,0
100,0,275271,0
80,0,567475,0
92,0,594463,0
86,1,289587,0
84,1,943069,1
86,0,594795,0
87,0,299359,0
98,0,849218,0
89,0,406379,0
86,0,679933,0
94,0,734056,0
82,1,471606,0
87,0,341039,0
81,1,112165,0
88,1,414094,0
94,1,132972,0
100,1,145036,0
94,1,654099,0
93,1,364270,0
91,1,1491,0
83,0,691840,0
92,0,853145,0
97,1,126295,0
81,1,200189,0
84,1,365975,0
83,0,678302,0
82,0,903945,0
93,0,329743,0
93,0,872112,0
95,1,85633,0
98,0,787720,0
87,0,434023,0
93,0,919014,0
93,1,694712,0
85,0,16516,0
94,0,865113,0
96,0,671261,0
95,0,574809,0
92,1,596992,0
88,0,894085,0
100,1,891065,0
99,1,432523,0
89,0,965848,0
93,1,578209,0
94,0,946570,0
92,1,262708,0
84,1,688387,1
98,0,842746,0
93,0,485891,0
95,1,794064,0
87,1,263018,0
98,0,315048,0
97,0,755492,0
91,0,174985,0
93,0,829559,0
81,0,641219,0
87,1,405998,0
81,1,650074,1
92,1,900476,0
91,1,472953,0
99,1,364469,0
100,0,17339,0
99,1,427454,0
83,0,805793,0
96,0,928362,0
81,0,783936,0
93,0,202455,0
91,1,564324,0
98,1,249398,0
87,0,603553,0
87,1,52864,0
91,0,162211,0
90,1,854871,0
81,1,546089,1
86,0,720022,0
81,1,644054,1
80,1,23387,0
97,1,864176,0
88,0,196205,0
99,1,309745,0
100,1,440492,0
85,0,587427,0
81,1,665764,1
92,0,870761,0
90,0,985400,0
85,0,642194,0
99,0,258959,0
80,1,756487,1
99,1,524106,0
86,0,679902,0
82,0,321989,0
85,0,433984,0
87,1,796819,1
84,1,212283,0
90,0,588402,0
80,1,156833,0
97,0,842394,0
80,1,103403,0
97,0,107228,0
93,1,772490,0
95,0,357573,0
92,0,871904,0
81,1,123672,0
91,1,652407,0
82,1,39643,0
97,1,698571,0
90,0,716761,0
91,1,885391,0
92,0,514454,0
94,0,444807,0
83,1,266292,0
80,1,210876,0
91,1,434393,0
91,1,962925,0
99,1,437721,0
88,0,853107,0
90,0,246018,0
91,1,507909,0
85,0,277837,0
94,1,136074,0
92,1,232940,0
91,0,775241,0
89,0,569970,0
92,0,912166,0
99,1,762097,0
84,1,753474,1
85,0,429396,0
87,0,643144,0
98,0,483038,0
81,1,898264,1
88,0,157027,0
100,1,451100,0
94,1,578903,0
83,0,32348,0
93,1,92777,0
83,1,636556,1
94,1,1919,0
88,0,805199,0
88,0,711753,0
90,1,684819,0
82,1,872266,1
99,1,339522,0
92,0,434424,0
100,0,138531,0
89,1,814097,1
90,0,140833,0
93,1,347669,0
88,1,542183,1
94,1,306154,0
91,1,187514,0
82,0,133231,0
92,0,704406,0
95,1,357768,0
81,1,891937,1
82,1,540428,1
85,1,547146,1
84,1,722359,1
83,0,179885,0
94,1,251522,0
100,1,461653,0
94,1,980120,0
88,0,582214,0
91,0,728828,0
91,0,497754,0
83,0,593244,0
97,0,792560,0
85,1,638824,1
94,1,74281,0
90,0,522231,0
80,0,388631,0
93,1,722050,0
92,0,108629,0
95,0,649192,0
81,1,262953,0
80,0,714494,0
94,1,915021,0
89,1,659766,1
85,1,98244,0
93,0,526864,0
87,0,103395,0
86,1,462847,0
95,1,285357,0
83,0,105007,0
81,1,221656,0
95,1,421346,0
83,1,602257,1
82,1,618379,1
83,1,761265,1
100,0,310950,0
82,0,25801,0
88,0,199650,0
94,1,57487,0
96,1,970189,0
99,1,698817,0
99,1,86478,0
85,1,995491,1
93,1,192201,0
96,1,657102,0
89,1,671339,1
82,0,70199,0
100,1,507056,0
85,0,31516,0
80,0,527585,0
100,0,390151,0
81,0,644545,0
80,1,124845,0
84,1,250617,0
86,0,856997,0
83,0,965612,0
97,0,954254,0
96,0,613768,0
100,0,850613,0
89,1,669529,1
86,0,683254,0
84,1,499604,0
85,1,583728,1
88,0,280366,0
81,1,680550,1
91,0,867740,0
89,0,667161,0
90,1,531057,0
80,1,745469,1
94,1,109178,0
99,0,649853,0
93,1,843466,0
87,0,189410,0
85,1,443003,0
83,1,415272,0
85,1,141754,0
84,0,423608,0
92,0,665994,0
85,0,500535,0
97,1,367131,0
90,0,328948,0
100,1,948442,0
82,1,492855,0
97,0,39400,0
84,1,95174,0
91,0,294906,0
95,0,637204,0
84,0,617308,0
96,1,434206,0
80,0,931752,0
88,1,762647,1
100,1,796622,0
99,0,363240,0
81,0,85950,0
80,1,463097,0
82,1,935205,1
91,1,265575,0
83,0,7424,0
92,0,584308,0
97,1,43741,0
82,1,5367,0
81,0,355129,0
99,0,862531,0
89,0,21868,0
86,1,515194,1
81,0,126251,0
100,1,353696,0
100,0,882089,0
83,1,614951,1
93,0,372354,0
91,0,227435,0
81,1,818820,1
95,1,463982,0
95,1,542073,0
87,1,394528,0
91,0,38861,0
95,0,254229,0
88,1,264678,0
97,1,716391,0
95,1,767713,0
94,0,677675,0
98,1,360828,0
82,1,946513,1
82,0,133576,0
82,0,37612,0
95,0,587365,0
95,0,825319,0
96,0,74198,0
98,0,957043,0
85,1,882077,1
93,1,768697,0
97,1,568349,0
82,1,882515,1
84,1,363535,0
100,0,380476,0
81,0,527351,0
91,1,849824,0
85,1,845493,1
99,0,156892,0
82,0,730122,0
85,0,826665,0
89,1,294765,0
98,1,309012,0
93,0,372511,0
85,0,949343,0
87,1,447752,0
96,1,541448,0
84,0,58439,0
86,1,326095,0
92,0,169108,0
82,0,327412,0
82,1,287555,0
82,1,546591,1
100,1,661427,0
88,1,342847,0
80,0,813792,0
82,0,809985,0
90,1,854492,0
86,1,61900,0
88,1,727817,1
96,0,875142,0
93,1,403763,0
87,1,700902,1
86,0,772188,0
80,0,420118,0
92,1,268155,0
97,1,852971,0
94,0,722346,0
97,1,409992,0
82,0,407838,0
95,1,273237,0
95,1,289824,0
90,0,108862,0
91,0,323694,0
97,0,991459,0
90,0,968738,0
99,0,203476,0
84,0,452556,0
90,0,364397,0
83,1,41380,0
83,1,654388,1
94,0,67187,0
93,0,466318,0
90,0,352235,0
97,1,408987,0
90,1,165979,0
80,1,119095,0
81,0,764092,0
82,0,443004,0
87,0,163741,0
84,1,465391,0
85,0,50426,0
94,0,106657,0
92,0,730266,0
84,1,461466,0
88,0,380,0
84,0,258907,0
89,0,249442,0
82,0,586954,0
100,0,857432,0
92,0,913996,0
87,0,243037,0
81,1,711516,1
91,1,108693,0
82,1,147814,0
83,0,693515,0
83,1,195077,0
91,0,364060,0
84,1,432356,0
96,1,71574,0
89,1,754524,1
80,1,258760,0
100,1,934997,0
83,1,412057,0
87,1,620419,1
88,0,42765,0
88,0,308521,0
92,1,159843,0
88,1,640996,1
95,0,414733,0
86,0,691167,0
80,1,393601,0
82,0,305773,0
99,0,886763,0
90,1,651033,0
82,1,540269,1
87,1,348565,0
83,1,847922,1
87,1,610455,1
82,0,955077,0
94,1,488443,0
87,0,65924,0
81,1,224246,0
98,1,778496,0
86,0,932892,0
81,0,10003,0
85,0,590072,0
98,0,674165,0
84,1,171718,0
88,0,783133,0
81,1,550407,1
95,1,406723,0
94,0,421369,0
81,0,660260,0
93,1,614731,0
91,0,642435,0
87,0,223662,0
80,1,417371,0
87,0,869505,0
85,0,128182,0
85,0,527133,0
83,1,338774,0
96,0,964483,0
92,0,844398,0
80,1,969342,1
98,1,975025,0
80,1,613093,1
87,0,435132,0
92,0,622635,0
98,1,75210,0
86,1,239508,0
91,0,660731,0
100,1,954238,0
89,1,293753,0
88,0,476250,0
80,0,594991,0
89,0,803651,0
97,1,500195,0
88,1,678090,1
88,0,524461,0
91,1,221695,0
85,0,933289,0
99,1,546296,0
82,0,270866,0
99,1,788104,0
89,0,588590,0
94,0,522054,0
99,1,150121,0
99,1,430820,0
96,0,215974,0
99,1,94758,0
98,1,612099,0
92,0,417279,0
100,1,923740,0
85,1,21626,0
93,1,635928,0
85,1,755906,1
91,1,738832,0
100,0,905301,0
82,0,249986,0
82,1,644074,1
92,1,604127,0
85,0,976886,0
82,1,19705,0
92,1,505868,0
88,0,970002,0
96,1,92271,0
94,1,631554,0
90,0,480967,0
80,1,198001,0
82,1,87223,0
96,1,192787,0
86,0,477914,0
83,1,599077,1
99,1,479025,0
91,1,208877,0
88,1,311225,0
98,1,770712,0
97,0,376042,0
92,0,443707,0
94,1,705366,0
83,1,739408,1
100,0,66645,0
90,0,254844,0
81,0,302655,0
93,1,639778,0
81,0,634847,0
90,0,770631,0
84,1,734599,1
99,0,230313,0
86,0,913985,0
83,0,561303,0
87,1,333527,0
91,0,384753,0
95,0,164518,0
88,1,557622,1
94,1,615275,0
80,1,901668,1
98,1,403917,0
98,1,148456,0
89,1,413802,0
85,0,905812,0
97,1,969711,0
87,1,937965,1
86,0,391245,0
98,0,352505,0
85,1,445317,0
95,0,742576,0
93,1,208615,0
87,1,848178,1
89,1,305154,0
91,0,658590,0
84,1,526391,1
81,0,527137,0
84,0,431941,0
95,0,860273,0
90,1,661603,0
99,0,37894,0
92,0,716052,0
100,1,611797,0
85,0,179274,0
82,1,322762,0
96,0,758026,0
85,0,345191,0
94,0,679778,0
88,0,605230,0
91,1,709085,0
81,1,316668,0
95,1,842333,0
82,1,793580,1
89,0,132692,0
83,0,43991,0
80,0,628797,0
91,1,70298,0
85,0,44853,0
90,0,17348,0
96,1,702380,0
88,1,612586,1
94,1,510446,0
97,1,904631,0
86,1,433318,0
84,1,634482,1
98,1,749736,0
98,1,894213,0
81,0,322092,0
84,0,766296,0
97,0,368965,0
85,0,973289,0
80,0,495716,0
95,1,502863,0
96,0,161053,0
97,0,193640,0
93,0,38780,0
97,1,917969,0
90,1,201148,0
82,1,258599,0
92,0,503700,0
82,1,530358,1
84,1,568178,1
84,0,143362,0
93,0,780211,0
85,1,483838,0
94,0,234983,0
94,0,63515,0
80,0,162431,0
89,1,347358,0
91,1,938257,0
89,0,624570,0
97,0,277736,0
81,1,450813,0
86,0,944627,0
83,0,610612,0
87,0,607671,0
95,1,237442,0
92,0,838159,0
82,1,341262,0
100,0,510666,0
96,1,276301,0
97,0,5963,0
93,0,781272,0
81,1,922030,1
93,1,604787,0
90,0,692211,0
100,1,556551,0
94,0,693458,0
92,0,846155,0
80,0,491056,0
98,1,545211,0
90,0,862728,0
99,0,676303,0
94,0,783120,0
99,0,203435,0
90,0,628933,0
84,1,596173,1
81,1,8754,0
87,0,91883,0
92,0,753716,0
97,0,899948,0
99,1,873581,0
98,1,719491,0
94,0,595756,0
84,1,55948,0
96,1,823871,0
92,1,696219,0
81,0,473447,0
87,1,229856,0
92,1,138986,0
85,1,589152,1
91,0,553357,0
87,1,685136,1
87,1,980624,1
89,0,195163,0
87,0,395765,0
85,1,177561,0
89,0,393973,0
96,0,42507,0
94,0,963492,0
95,1,270476,0
87,1,117567,0
87,0,975988,0
84,1,72296,0
99,0,969306,0
99,1,847550,0
80,0,974717,0
94,0,254957,0
81,0,219428,0
97,0,135996,0
93,0,126054,0
97,0,298598,0
92,1,131265,0
100,1,979217,0
80,0,385170,0
83,0,576141,0
99,1,472023,0
83,0,417136,0
99,1,13972,0
99,1,786503,0
95,1,582539,0
91,1,600847,0
80,0,204459,0
92,1,115048,0
89,0,155155,0
91,0,611155,0
82,0,616835,0
88,1,927789,1
85,1,842035,1
82,1,589375,1
89,1,807541,1
92,0,249741,0
87,0,708788,0
83,1,605866,1
99,0,974196,0
99,1,614049,0
100,0,780550,0
82,0,88393,0
88,0,742791,0
90,1,578186,0
80,1,854239,1
85,1,567739,1
89,1,329001,0
85,0,862931,0
95,0,922713,0
88,0,123077,0
87,1,644652,1
88,0,480999,0
95,0,262485,0
82,0,179658,0
99,1,465872,0
99,1,100390,0
100,0,34091,0
82,1,888816,1
83,0,894677,0
93,0,730597,0
90,1,182209,0
96,0,381263,0
96,0,252160,0
87,1,738956,1
100,1,350162,0
94,1,85927,0
97,1,197366,0
94,1,729566,0
90,0,222246,0
82,0,848442,0
83,1,437993,0
80,0,532509,0
93,0,747488,0
82,1,99166,0
88,1,822816,1
86,1,903942,1
100,0,448318,0
91,0,232179,0
90,1,286601,0
98,1,29448,0
81,0,182934,0
92,0,786628,0
81,0,977511,0
80,1,90930,0
95,0,689378,0
80,0,479278,0
88,1,787402,1
84,0,544868,0
93,0,199224,0
80,1,370770,0
82,1,125917,0
99,0,993772,0
100,0,28793,0
85,1,564002,1
86,1,575438,1
92,1,245125,0
83,0,594923,0
97,0,4954,0
98,0,683176,0
97,0,17718,0
98,0,758293,0
93,0,476192,0
94,0,713571,0
94,0,851008,0
89,0,69478,0
93,1,211808,0
94,0,734758,0
90,0,862580,0
92,0,140221,0
87,1,705407,1
80,0,263704,0
92,0,459688,0
83,1,36561,0
83,0,645185,0
100,1,85628,0
82,1,756194,1
95,1,82172,0
85,1,15493,0
81,1,540865,1
92,1,255860,0
97,1,756689,0
90,0,469086,0
84,1,784834,1
92,1,320486,0
95,0,270996,0
99,1,788208,0
97,0,817227,0
96,1,940857,0
94,0,877695,0
85,0,812359,0
85,1,614857,1
95,1,332955,0
86,0,606167,0
100,0,139490,0
89,1,628382,1
96,0,209715,0
83,1,555814,1
98,0,574193,0
88,1,290222,0
82,1,315332,0
96,1,89972,0
80,0,679222,0
81,0,302401,0
88,1,838859,1
91,0,668198,0
98,1,453438,0
100,1,39519,0
96,0,855606,0
98,0,825891,0
98,0,434710,0
97,0,357187,0
98,1,352643,0
87,1,33325,0
94,0,639674,0
87,0,799282,0
81,1,400275,0
84,0,675372,0
89,1,637351,1
81,0,940421,0
84,1,130280,0
80,0,967950,0
80,1,820672,1
83,0,359047,0
95,1,347976,0
94,0,16804,0
95,0,593357,0
81,1,939073,1
88,0,744452,0
86,1,523403,1
98,1,612359,0
83,1,4016,0
83,1,180085,0
89,0,941247,0
81,1,700683,1
100,1,369113,0
100,0,792503,0
81,0,37685,0
89,0,641120,0
100,0,811126,0
87,1,202573,0
96,1,516179,0
84,0,322814,0
93,1,727202,0
88,0,98663,0
81,1,980658,1
94,0,936624,0
84,1,186879,0
98,0,535642,0
99,1,538689,0
81,0,692279,0
93,1,253851,0
84,0,499301,0
80,0,316740,0
80,1,854777,1
86,1,895058,1
99,1,851423,0
95,0,619972,0
88,1,198046,0
84,1,850993,1
95,1,305816,0
87,1,156323,0
82,1,219818,0
82,0,354601,0
90,1,718949,0
88,1,487128,0
81,1,556490,1
80,0,847433,0
82,1,814469,1
86,0,81601,0
92,1,799562,0
86,1,721013,1
90,0,287229,0
82,0,626878,0
88,1,291457,0
91,1,819067,0
97,0,886520,0
83,1,679059,1
86,1,294876,0
96,1,907731,0
90,1,478418,0
86,0,68633,0
81,0,98400,0
92,1,605133,0
88,1,367314,0
86,1,442572,0
89,1,35322,0
83,0,104434,0
89,1,313487,0
81,0,797744,0
92,1,233578,0
86,1,174676,0
94,1,943105,0
100,1,841698,0
83,1,238681,0
90,1,249283,0
91,0,849422,0
83,0,407689,0
82,0,909088,0
84,1,953675,1
94,1,877178,0
93,0,723130,0
95,0,731903,0
95,1,120614,0
87,0,865215,0
86,0,921066,0
84,1,216691,0
94,0,474133,0
89,0,81127,0
93,0,310714,0
83,0,815999,0
92,0,151440,0
100,1,342488,0
100,0,640909,0
83,0,396362,0
83,0,494706,0
91,1,585815,0
99,1,869381,0
86,0,329651,0
98,0,172273,0
87,0,503241,0
93,1,933130,0
80,0,77456,0
85,0,981710,0
84,0,524257,0
81,0,526910,0
98,0,474435,0
89,1,980982,1
86,0,146222,0
96,1,994404,0
99,0,394736,0
91,0,732982,0
83,0,740037,0
90,1,357316,0
83,1,770819,1
89,0,30787,0
99,1,438051,0
88,0,174887,0
100,0,868983,0
93,1,62258,0
85,0,751473,0
95,0,975268,0
90,0,967141,0
97,1,649945,0
87,1,856329,1
99,0,953913,0
98,0,321532,0
81,0,177421,0
81,0,567303,0
88,1,105794,0
86,1,82612,0
81,0,186468,0
81,0,524539,0
83,1,659358,1
90,0,13301,0
87,1,628035,1
97,1,467625,0
100,0,841999,0
83,1,196738,0
99,1,923121,0
97,1,844717,0
85,1,346273,0
99,0,612413,0
89,1,211111,0
82,0,390133,0
90,0,509825,0
94,0,837348,0
89,1,641439,1
88,0,740427,0
93,1,945279,0
85,0,623540,0
85,0,339039,0
91,0,618419,0
93,1,315032,0
87,1,983734,1
81,0,807221,0
96,1,188136,0
88,1,761274,1
93,0,95998,0
97,0,210490,0
81,1,984341,1
89,0,485927,0
85,1,51481,0
82,0,846778,0
84,0,981166,0
97,0,23586,0
88,0,847488,0
94,0,353706,0
99,0,215491,0
87,0,887143,0
87,0,519822,0
82,0,332600,0
99,1,143325,0
84,0,709814,0
94,1,33021,0
85,1,302809,0
89,1,791520,1
93,0,509845,0
96,1,898517,0
89,0,566157,0
86,0,414410,0
94,1,963227,0
83,0,432417,0
95,1,641426,0
91,1,961560,0
94,0,739712,0
84,1,988785,1
99,1,620451,0
88,0,260153,0
90,0,663026,0
89,1,853269,1
89,1,522035,1
96,1,866296,0
91,1,688460,0
100,0,898889,0
100,1,259522,0
94,1,882025,0
86,1,480886,0
81,1,823146,1
82,1,800297,1
93,0,307227,0
89,0,857870,0
95,0,606564,0
87,1,102271,0
96,1,772128,0
99,1,187900,0
81,0,193538,0
99,0,79919,0
94,1,649328,0
88,1,315985,0
85,1,440975,0
84,0,19447,0
80,0,823415,0
100,0,624358,0
95,0,138725,0
100,1,643101,0
83,0,849407,0
88,1,9535,0
94,0,283387,0
86,1,452018,0
92,0,163035,0
81,1,82535,0
80,0,511526,0
81,1,625110,1
99,0,548874,0
92,0,370098,0
91,0,859333,0
95,0,770033,0
98,1,48380,0
92,0,550749,0
100,1,308458,0
94,0,843877,0
96,1,806262,0
83,1,854174,1
93,1,684918,0
88,1,717885,1
88,1,579249,1
91,1,837234,0
88,1,805430,1
85,1,596848,1
99,0,172796,0
90,1,312137,0
82,1,294937,0
92,1,375512,0
88,0,394281,0
98,1,132436,0
85,1,105176,0
84,1,1970,0
96,0,230447,0
97,1,3344,0
96,0,334967,0
82,0,563352,0
94,1,855052,0
88,1,664026,1
87,1,247841,0
83,0,879834,0
100,0,573060,0
98,1,809318,0
88,1,101801,0
92,0,448212,0
99,0,587800,0
86,0,749962,0
84,1,108761,0
80,0,439224,0
94,1,211920,0
88,1,744213,1
81,0,49866,0
96,0,980645,0
100,1,664872,0
99,1,952200,0
91,0,88153,0
96,1,450075,0
100,0,468782,0
85,1,466732,0
80,0,911350,0
98,0,891794,0
92,0,924334,0
86,0,749901,0
97,1,638792,0
89,0,526831,0
90,1,10288,0
91,1,37733,0
95,0,251038,0
81,1,12053,0
84,1,355468,0
81,1,124618,0
99,0,168370,0
89,0,926138,0
86,0,601986,0
82,1,414632,0
93,0,763777,0
85,1,107512,0
80,0,2577,0
93,1,573313,0
90,1,687995,0
90,0,874334,0
94,1,32678,0
100,1,648481,0
80,0,224524,0
93,1,176312,0
84,0,378687,0
87,1,64140,0
98,0,245955,0
86,0,490618,0
88,1,547277,1
86,1,610504,1
91,0,464121,0
100,1,284224,0
97,0,725701,0
85,1,117063,0
86,1,762198,1
82,1,834745,1
83,1,191439,0
98,0,194249,0
87,1,211108,0
89,0,961101,0
86,0,486657,0
87,1,694915,1
81,0,420611,0
88,0,883846,0
89,0,618639,0
87,0,549039,0
90,1,998988,0
85,1,178943,0
100,1,894397,0
89,1,19980,0
84,0,564926,0
98,0,434720,0
95,0,730927,0
93,0,557033,0
99,1,593463,0
89,1,89668,0
82,0,556450,0
84,1,59566,0
89,0,554763,0
90,1,910647,0
97,0,52204,0
85,1,308887,0
98,0,818797,0
83,0,365903,0
88,0,208133,0
82,1,238974,0
97,1,832895,0
85,1,513767,1
83,1,683986,1
93,0,636779,0
89,1,285139,0
100,0,867583,0
88,1,404640,0
88,1,549804,1
87,0,849458,0
94,0,646962,0
96,1,505510,0
94,1,912138,0
91,0,96984,0
81,0,114817,0
96,0,755906,0
82,1,661249,1
88,0,82040,0
90,1,868294,0
85,0,189529,0
82,0,320204,0
86,1,892429,1
99,0,550946,0
86,0,148032,0
82,0,449697,0
82,0,604509,0
82,0,479964,0
94,1,907267,0
93,1,546847,0
99,0,459152,0
87,0,648480,0
82,0,352713,0
85,0,945076,0
99,0,320779,0
100,0,122990,0
98,0,539267,0
88,0,303727,0
80,1,172545,0
95,1,149143,0
91,0,464721,0
80,1,605619,1
81,0,742743,0
90,0,78398,0
94,1,530588,0
89,0,30386,0
93,0,562806,0
96,0,895504,0
88,1,824137,1
87,1,774699,1
87,1,389502,0
96,0,215865,0
80,0,701479,0
82,1,232208,0
87,0,232146,0
94,0,387643,0
83,1,656068,1
91,1,715224,0
90,1,512011,0
95,0,121319,0
82,0,133376,0
94,1,709675,0
99,1,211197,0
81,0,774354,0
84,1,17581,0
80,1,277023,0
85,0,690001,0
89,1,298377,0
91,0,956964,0
91,1,316398,0
88,1,685506,1
83,1,175654,0
88,1,643586,1
87,1,997462,1
93,0,554804,0
94,0,836257,0
94,0,427515,0
87,1,361871,0
84,0,667746,0
96,0,858322,0
85,1,625022,1
88,0,11565,0
90,1,310530,0
80,1,84478,0
83,1,819951,1
84,1,464034,0
98,0,14197,0
89,0,35301,0
82,1,36672,0
99,1,561005,0
99,0,654606,0
81,1,346955,0
95,0,390738,0
90,0,107969,0
98,0,942343,0
100,1,238099,0
96,1,834393,0
99,0,11704,0
80,1,590670,1
90,1,125094,0
96,1,853904,0
89,1,644037,1
81,0,874607,0
99,0,924230,0
99,1,658057,0
98,0,500397,0
91,1,874303,0
84,0,897167,0
96,0,174538,0
87,0,8131,0
94,1,156935,0
87,1,186743,0
95,0,360835,0
98,1,127365,0
99,1,130028,0
80,1,261233,0
93,0,263190,0
97,0,137094,0
82,1,360329,0
88,1,121153,0
88,0,27205,0
98,1,93757,0
85,1,769600,1
84,1,102941,0
85,0,502110,0
98,1,582337,0
85,0,502584,0
94,1,810422,0
100,0,456932,0
90,1,725857,0
81,1,374983,0
88,1,431530,0
96,0,837718,0
84,1,584387,1
93,0,314967,0
97,0,350666,0
87,0,586842,0
85,1,613880,1
85,1,639143,1
92,1,466644,0
95,0,683799,0
96,1,834683,0
99,0,783509,0
96,1,427712,0
100,1,34461,0
90,0,360987,0
97,0,166665,0
91,0,897825,0
84,1,796812,1
93,0,761550,0
93,1,915561,0
80,0,923898,0
88,0,481952,0
98,1,25070,0
84,0,218465,0
95,1,854246,0
89,0,647012,0
88,1,353008,0
90,0,192029,0
84,0,448927,0
87,1,244882,0
95,0,213519,0
100,1,104943,0
82,1,795238,1
96,0,804617,0
98,1,36773,0
95,0,783491,0
100,0,611072,0
94,1,923031,0
94,1,458388,0
85,0,161328,0
96,1,974030,0
87,0,664011,0
85,1,74078,0
95,1,755586,0
82,1,323142,0
92,1,417377,0
80,0,316189,0
89,1,944689,1
98,1,487000,0
90,1,901379,0
86,0,437171,0
98,1,606326,0
84,0,102106,0
85,0,18352,0
92,1,664724,0
97,1,748150,0
100,1,694852,0
82,1,444171,0
89,0,487102,0
88,0,661950,0
91,1,118994,0
85,0,167573,0
88,0,63256,0
92,1,342517,0
99,1,675797,0
95,1,30482,0
92,1,431618,0
99,0,14885,0
96,0,505870,0
89,0,952266,0
96,0,421655,0
80,0,965866,0
89,1,625992,1
94,1,183924,0
89,1,814096,1
90,0,722386,0
87,0,950497,0
87,1,608200,1
93,0,381312,0
97,1,879609,0
92,1,333734,0
91,0,76402,0
87,0,793020,0
85,1,621316,1
80,1,407311,0
100,0,398483,0
80,0,939565,0
81,1,792960,1
82,1,399559,0
81,1,332628,0
99,0,658859,0
98,1,813450,0
92,1,355386,0
85,1,351710,0
96,1,517915,0
92,1,134454,0
91,1,316853,0
85,1,430847,0
94,0,910838,0
88,0,447886,0
99,1,271655,0
94,1,669245,0
89,1,642220,1
98,1,477954,0
88,0,14735,0
96,1,741353,0
95,1,305168,0
98,1,508929,0
85,0,895230,0
86,0,490187,0
86,1,223329,0
88,0,572832,0
85,0,791227,0
98,1,963801,0
88,0,638275,0
88,0,844159,0
100,0,154105,0
85,0,110410,0
80,0,148042,0
90,1,376063,0
100,1,689264,0
92,1,610145,0
83,1,665783,1
98,0,565172,0
83,0,424028,0
95,1,670654,0
89,0,628945,0
98,0,55964,0
86,0,984802,0
96,0,801078,0
97,0,368535,0
94,1,637214,0
92,1,843714,0
94,0,783032,0
95,0,769586,0
80,1,467143,0
84,0,265762,0
99,1,124372,0
83,1,92022,0
100,0,552626,0
89,1,324235,0
97,1,562576,0
83,1,354084,0
100,1,337489,0
87,1,814230,1
86,1,555461,1
95,0,966704,0
90,1,650447,0
93,1,55315,0
100,1,62783,0
92,0,186733,0
94,1,64001,0
93,0,728577,0
92,1,434355,0
94,0,767185,0
83,0,886794,0
98,0,409633,0
100,0,829225,0
91,0,818687,0
82,0,731316,0
83,0,815953,0
92,0,552351,0
100,1,941510,0
83,1,805569,1
93,0,402521,0
99,1,41605,0
90,0,81127,0
93,0,276828,0
90,0,555091,0
94,1,36911,0
89,1,515955,1
91,1,619464,0
99,1,374226,0
93,1,840413,0
81,1,275036,0
87,1,503673,1
82,0,439996,0
98,0,199690,0
100,1,410942,0
92,1,578889,0
87,1,73360,0
99,0,181528,0
92,1,739491,0
94,0,846009,0
81,1,939810,1
81,0,615384,0
86,1,164317,0
85,1,212630,0
83,0,446173,0
100,1,983554,0
87,0,461952,0
87,0,817511,0
83,1,163378,0
86,0,848821,0
89,0,592536,0
88,1,819914,1
89,0,291939,0
86,1,436748,0
82,1,913083,1
90,1,789138,0
84,0,834701,0
84,1,901990,1
94,1,518191,0
80,0,471579,0
84,1,350353,0
88,0,179828,0
94,0,380329,0
92,1,728106,0
82,1,853004,1
100,0,909071,0
85,0,221932,0
99,0,673252,0
88,0,934689,0
85,0,638148,0
97,0,391173,0
86,1,839960,1
87,1,761964,1
98,0,268985,0
96,1,314925,0
93,0,539684,0
100,1,504418,0
92,0,104907,0
80,0,637494,0
91,0,55902,0
84,0,723717,0
80,0,88079,0
95,0,20879,0
90,0,638249,0
80,0,552390,0
87,0,538726,0
84,0,510013,0
86,1,440648,0
98,0,7760,0
88,0,477940,0
89,1,902800,1
95,1,216170,0
87,1,88894,0
85,1,511958,1
86,1,975431,1
83,0,749911,0
82,0,779125,0
80,0,987257,0
87,1,872221,1
96,0,761410,0
98,0,835753,0
95,0,985959,0
82,0,512263,0
97,1,8336,0
85,0,508649,0
90,0,491581,0
93,0,692089,0
82,1,636430,1
80,0,988742,0
89,0,89526,0
86,1,208359,0
89,0,888234,0
92,1,701359,0
99,0,602573,0
81,0,964891,0
91,1,343691,0
88,0,48423,0
81,0,689821,0
92,0,570176,0
91,0,70240,0
93,0,960123,0
91,0,936069,0
86,1,713807,1
82,0,902098,0
83,0,832838,0
86,1,981731,1
94,0,439586,0
87,1,147400,0
97,1,712162,0
93,0,202454,0
95,0,591330,0
95,0,661642,0
83,0,470808,0
91,0,858651,0
80,0,548280,0
90,0,402976,0
84,1,83546,0
87,1,514214,1
80,1,400929,0
83,0,170203,0
90,1,745559,0
94,0,411848,0
85,1,29898,0
90,1,12003,0
91,1,472191,0
98,0,54007,0
89,1,470287,0
96,1,94113,0
86,0,982236,0
94,1,210211,0
97,1,491649,0
98,0,912797,0
86,1,702675,1
82,0,615206,0
90,0,511382,0
89,1,354130,0
91,0,135131,0
98,1,30309,0
100,1,137558,0
82,1,858855,1
98,0,931964,0
89,0,712719,0
94,1,145849,0
81,0,760378,0
82,1,148664,0
83,1,560953,1
87,1,740202,1
91,1,202966,0
90,1,759264,0
90,0,294128,0
81,1,813848,1
98,0,606988,0
82,1,493637,0
83,0,482949,0
94,0,995479,0
97,0,938128,0
94,0,172316,0
83,1,932229,1
94,0,419786,0
81,0,146268,0
99,1,375591,0
100,1,61331,0
98,0,430680,0
92,1,840654,0
97,1,802286,0
95,1,465798,0
99,0,55064,0
87,0,581022,0
91,1,619239,0
95,1,157682,0
80,1,625446,1
85,1,45001,0
95,1,533468,0
99,0,316324,0
82,1,641366,1
95,0,501445,0
90,0,11569,0
99,0,435435,0
92,0,545274,0
84,0,157014,0
84,1,642147,1
91,0,847498,0
93,1,192136,0
96,1,360749,0
84,1,191372,0
81,0,286025,0
92,0,287853,0
80,0,318972,0
94,1,936572,0
86,1,540783,1
88,0,279603,0
84,1,186881,0
88,0,809777,0
89,1,75446,0
87,0,998075,0
87,0,722019,0
89,1,290561,0
89,1,546962,1
87,1,36214,0
93,0,257044,0
94,0,170685,0
91,0,846543,0
84,0,106476,0
94,1,382209,0
81,1,685675,1
86,1,984072,1
87,1,476313,0
85,0,313447,0
88,0,450250,0
97,1,388551,0
91,1,198966,0
85,1,416824,0
98,0,369382,0
98,0,680734,0
85,0,291724,0
85,1,67065,0
94,0,367373,0
91,0,42191,0
95,1,899941,0
97,1,328208,0
92,1,378332,0
87,0,121667,0
97,0,477658,0
98,0,629445,0
98,1,68554,0
85,1,890775,1
83,0,582114,0
98,0,728068,0
91,0,135114,0
99,1,413135,0
88,0,844910,0
83,0,793000,0
93,0,10705,0
87,0,249078,0
86,0,730671,0
83,1,502315,1
97,0,162685,0
81,0,106111,0
97,1,813254,0
96,1,66154,0
84,1,432724,0
95,1,254207,0
98,1,514637,0
93,1,881900,0
89,0,255739,0
81,1,954238,1
94,1,615259,0
100,1,854939,0
91,1,371714,0
94,0,112733,0
84,1,668861,1
100,0,259505,0
83,1,521987,1
99,0,823910,0
89,0,746186,0
95,0,918007,0
98,0,335180,0
84,0,680481,0
89,0,196153,0
81,1,874382,1
89,1,783786,1
80,0,561328,0
91,0,297300,0
90,1,134129,0
92,0,785616,0
96,0,81850,0
88,0,429919,0
86,0,543640,0
83,1,528744,1
81,1,316664,0
98,1,176217,0
85,1,694099,1
83,0,156366,0
83,0,240609,0
89,0,397128,0
100,1,130790,0
100,1,23910,0
92,0,416964,0
84,0,341158,0
89,0,883098,0
82,1,427199,0
87,1,234032,0
85,0,901909,0
85,0,899492,0
80,0,836299,0
81,0,317771,0
82,0,215669,0
83,1,979092,1
81,0,208200,0
85,1,963593,1
82,1,904814,1
86,1,822021,1
97,1,844829,0
83,1,93212,0
96,0,152874,0
94,1,782685,0
100,1,759710,0
94,1,489440,0
100,0,697232,0
80,1,731027,1
91,0,484294,0
84,0,291488,0
86,0,870464,0
84,1,167336,0
98,0,319402,0
97,1,461185,0
99,0,694344,0
81,0,943632,0
83,1,394110,0
87,0,998450,0
88,0,171699,0
82,1,704496,1
83,1,958628,1
95,0,360539,0
87,0,321799,0
92,1,101760,0
93,0,281482,0
95,0,283377,0
100,1,781536,0
85,1,707436,1
96,1,347275,0
91,0,340134,0
99,0,154361,0
99,1,732488,0
89,0,161458,0
83,1,832616,1
90,0,434675,0
95,1,155799,0
92,1,908899,0
88,0,756506,0
98,0,714628,0
84,1,232741,0
89,0,490746,0
94,0,443950,0
80,1,886332,1
89,0,967960,0
87,1,515178,1
100,1,800786,0
98,1,786079,0
100,1,648563,0
89,1,319529,0
91,0,148890,0
93,0,711186,0
92,0,143584,0
90,0,381745,0
95,0,752790,0
100,1,257535,0
80,0,122412,0
81,0,602099,0
85,1,794381,1
97,0,590762,0
98,1,609998,0
93,1,779473,0
86,1,264704,0
97,1,310574,0
80,1,185543,0
85,0,585285,0
82,1,152090,0
87,1,528424,1
92,1,770470,0
86,0,699207,0
86,1,807300,1
84,0,877294,0
80,1,125200,0
89,0,541590,0
98,0,106528,0
100,0,136641,0
80,0,742088,0
93,0,913191,0
94,1,351742,0
100,0,7316,0
93,1,798979,0
96,0,400273,0
86,0,784190,0
81,1,781648,1
88,0,837912,0
97,1,48155,0
87,1,627458,1
93,1,97038,0
91,1,228505,0
99,1,459195,0
81,1,992784,1
94,1,778895,0
91,0,294161,0
82,1,406355,0
95,0,896697,0
92,1,707553,0
100,0,980587,0
91,1,67300,0
80,0,870523,0
83,0,577604,0
100,1,84659,0
88,0,624817,0
81,0,543695,0
87,1,130717,0
96,0,267914,0
97,1,612151,0
89,1,364584,0
85,1,857940,1
100,0,314556,0
81,0,113746,0
81,0,739344,0
98,0,596393,0
84,0,750737,0
86,0,129826,0
89,1,966703,1
85,1,283483,0
97,0,557024,0
95,1,204177,0
86,1,779124,1
91,0,36353,0
92,1,411025,0
80,1,36433,0
91,1,855767,0
96,1,846536,0
89,0,71053,0
80,1,394751,0
93,0,49403,0
90,1,244747,0
80,1,509908,1
94,0,381761,0
86,1,158060,0
91,0,46846,0
100,1,833275,0
99,1,546119,0
81,0,656644,0
87,0,46209,0
100,0,680304,0
96,1,340286,0
92,0,653799,0
98,0,340784,0
95,1,700005,0
95,0,601798,0
99,1,244054,0
95,1,274321,0
92,1,315112,0
99,0,580340,0
91,0,712855,0
87,0,889759,0
94,0,441172,0
83,1,38377,0
87,0,994546,0
94,1,735234,0
82,0,199708,0
93,1,400289,0
100,1,833017,0
95,1,186215,0
81,1,250401,0
82,0,808352,0
87,1,298930,0
92,1,701278,0
82,0,260526,0
96,1,936099,0
86,1,603806,1
88,1,959616,1
95,0,632362,0
80,0,384460,0
82,1,446123,0
97,0,52083,0
88,1,707001,1
81,1,391888,0
97,0,656684,0
87,0,144730,0
82,0,808193,0
97,0,916052,0
92,1,408922,0
91,1,723632,0
86,0,395412,0
100,1,331863,0
84,1,50951,0
96,0,403540,0
94,0,13808,0
88,0,109538,0
85,1,274644,0
93,0,739575,0
98,0,424688,0
99,0,343409,0
86,0,56353,0
93,0,492249,0
80,0,4318,0
80,1,707470,1
87,0,844717,0
100,1,666419,0
85,1,687249,1
81,0,161398,0
89,1,440535,0
94,1,828179,0
88,1,271963,0
89,1,889732,1
95,0,240058,0
85,1,89938,0
88,1,34239,0
92,0,989290,0
88,1,114554,0
97,0,704124,0
99,1,965358,0
89,1,20638,0
86,1,856658,1
100,0,802994,0
84,1,475626,0
82,1,310394,0
84,1,985377,1
85,0,287452,0
91,0,111795,0
83,0,64714,0
85,1,245228,0
95,1,720515,0
80,0,9116,0
97,0,331177,0
93,1,184841,0
82,1,334804,0
80,1,519030,1
96,0,574285,0
81,1,662464,1
88,1,818729,1
90,0,47500,0
100,0,500118,0
84,1,286214,0
86,1,928218,1
91,1,489750,0
87,0,665388,0
99,1,247620,0
97,0,371645,0
82,1,852971,1
93,1,936343,0
89,1,760959,1
80,0,518391,0
84,0,962766,0
80,0,428672,0
82,0,494299,0
98,1,412929,0
90,0,932658,0
100,0,766097,0
100,0,953135,0
85,1,793383,1
84,0,321791,0
80,1,828449,1
87,0,501997,0
96,0,624280,0
98,0,296795,0
96,1,189955,0
87,0,118249,0
81,0,670329,0
80,0,94664,0
81,0,303304,0
84,1,394583,0
95,0,461490,0
99,1,727160,0
83,1,690427,1
93,0,955530,0
96,0,947458,0
87,1,604087,1
90,0,164806,0
100,0,872499,0
88,0,72825,0
89,1,165043,0
89,1,36105,0
94,0,156009,0
90,1,400975,0
96,0,143452,0
91,1,295816,0
94,1,875569,0
83,1,775959,1
80,0,372840,0
97,1,218345,0
84,1,999491,1
86,0,602544,0
85,1,177937,0
82,1,485683,0
91,1,590237,0
86,1,787209,1
91,0,316094,0
85,1,477905,0
91,0,681491,0
85,0,629041,0
89,0,786205,0
91,1,527460,0
87,0,653216,0
81,1,824539,1
80,1,4562,0
97,1,199348,0
84,1,766664,1
89,0,273874,0
92,0,127844,0
82,1,626142,1
89,1,812613,1
89,0,403101,0
88,1,535900,1
99,1,894507,0
95,0,138621,0
96,0,734621,0
100,0,765941,0
82,0,730667,0
98,1,130049,0
87,0,206122,0
89,0,202671,0
100,1,966786,0
85,0,110213,0
80,1,141634,0
85,1,834524,1
94,0,907036,0
96,0,345282,0
100,0,174501,0
94,0,188695,0
90,0,192162,0
89,0,180966,0
96,0,335323,0
84,0,102884,0
83,1,765281,1
84,0,916443,0
94,0,650116,0
80,0,170523,0
95,1,583009,0
93,0,973406,0
93,1,435813,0
87,1,712791,1
86,1,545608,1
86,1,901022,1
100,1,915896,0
92,1,319847,0
82,0,450847,0
89,0,490461,0
85,0,889105,0
97,0,75729,0
90,0,777136,0
82,0,15123,0
96,0,377074,0
95,1,150976,0
97,1,986694,0
98,0,193839,0
88,0,613189,0
93,0,81292,0
96,1,532236,0
87,1,907802,1
96,0,122789,0
81,1,585373,1
88,1,777757,1
100,1,264890,0
90,0,151307,0
94,0,253116,0
83,1,610932,1
80,0,750218,0
96,1,405819,0
83,1,247497,0
91,0,591040,0
91,1,693678,0
93,0,969018,0
93,1,577727,0
90,1,504793,0
96,1,957652,0
87,1,788601,1
84,0,127940,0
83,1,718527,1
89,0,605468,0
99,1,183200,0
97,0,882105,0
98,1,249847,0
80,1,528460,1
96,0,652923,0
83,0,577427,0
95,1,831520,0
91,0,799514,0
91,0,962217,0
100,0,717016,0
88,0,646217,0
97,0,559020,0
89,0,94104,0
96,1,71992,0
81,0,679919,0
84,0,268704,0
92,0,491261,0
98,1,914514,0
92,0,781464,0
82,1,95068,0
94,0,67074,0
84,1,187661,0
81,0,685326,0
87,0,383101,0
81,1,857773,1
95,1,887727,0
81,0,290943,0
89,1,869167,1
82,1,934376,1
88,1,915695,1
97,1,726824,0
84,0,283238,0
86,1,858715,1
88,0,306267,0
94,0,633411,0
88,0,20935,0
82,0,838343,0
89,1,297530,0
94,0,641985,0
96,0,566919,0
100,1,482490,0
95,1,868386,0
85,1,966412,1
87,1,422014,0
80,1,238407,0
83,1,782000,1
96,0,958578,0
97,0,706914,0
89,0,613943,0
81,1,148536,0
97,1,738337,0
86,0,717512,0
94,0,26436,0
86,1,703118,1
96,1,683451,0
88,1,548855,1
99,1,200116,0
90,0,914681,0
91,0,571829,0
84,0,7865,0
92,0,521962,0
98,0,127326,0
88,0,109884,0
98,1,66170,0
94,1,341309,0
80,0,979869,0
97,0,655961,0
89,0,101216,0
93,1,226734,0
98,1,816161,0
83,1,707243,1
82,1,579637,1
99,1,490595,0
88,0,615717,0
80,0,687836,0
93,0,899545,0
94,1,534659,0
92,1,132613,0
98,0,610017,0
91,1,805011,0
90,1,234548,0
86,1,952779,1
80,0,53185,0
100,0,744816,0
91,0,92880,0
90,1,399492,0
87,0,457660,0
85,1,533677,1
86,0,203707,0
80,1,354243,0
92,1,909081,0
98,0,125844,0
98,0,625135,0
94,1,618245,0
100,0,350140,0
97,1,619590,0
100,1,38187,0
80,0,796396,0
94,0,333827,0
98,1,744248,0
82,1,117157,0
100,1,891461,0
83,0,856233,0
99,1,887480,0
100,1,608441,0
94,0,819098,0
84,1,878918,1
97,1,127993,0
93,0,78278,0
91,0,799498,0
96,1,851604,0
81,1,306627,0
81,0,223176,0
99,1,386260,0
95,0,294530,0
90,0,675080,0
92,0,87849,0
83,0,186241,0
91,1,996274,0
88,0,672560,0
83,1,925251,1
90,1,549641,0
85,0,76945,0
81,0,616228,0
85,1,955824,1
81,0,647641,0
87,0,166456,0
93,1,997755,0
80,0,18088,0
86,1,304194,0
82,1,15711,0
81,0,333330,0
95,1,51953,0
90,1,246596,0
80,0,324890,0
88,1,438221,0
84,0,272466,0
95,1,872190,0
96,1,138677,0
82,0,405385,0
99,1,108315,0
93,1,416281,0
91,0,265877,0
94,1,714435,0
84,1,5880,0
87,0,769937,0
80,1,31079,0
90,0,232233,0
91,0,574123,0
91,0,246077,0
82,0,506305,0
84,1,305001,0
90,1,259688,0
94,0,177756,0
99,1,661019,0
98,0,916556,0
91,0,172493,0
96,0,122069,0
90,0,257564,0
100,0,494998,0
88,1,715526,1
95,0,973111,0
100,0,833295,0
97,1,435151,0
86,1,841905,1
80,0,354724,0
98,0,425763,0
87,0,737068,0
98,0,513065,0
100,1,504128,0
91,0,23636,0
91,0,544072,0
97,0,564541,0
98,0,294743,0
94,1,743720,0
92,1,532205,0
97,1,767256,0
89,0,848494,0
83,1,496986,0
81,1,848457,1
97,1,953226,0
94,1,639178,0
97,1,578299,0
99,0,847341,0
86,1,247021,0
92,1,28708,0
87,1,301643,0
91,1,524632,0
100,0,516331,0
88,1,635272,1
100,1,977176,0
99,0,51044,0
82,0,120747,0
85,0,43664,0
96,0,684897,0
80,0,329206,0
96,1,833954,0
92,1,631512,0
95,1,619422,0
98,1,139868,0
90,1,344387,0
82,1,464103,0
84,0,560201,0
83,0,85889,0
81,1,153012,0
91,0,805945,0
99,1,636305,0
99,1,367786,0
86,0,951313,0
91,0,281538,0
84,0,993177,0
93,1,350226,0
99,1,482839,0
92,1,74531,0
81,1,94552,0
99,0,726664,0
84,1,614423,1
82,0,929529,0
84,1,787807,1
100,1,695746,0
90,0,988455,0
95,0,704062,0
85,1,729981,1
87,1,220768,0
96,0,151849,0
81,1,572114,1
95,1,931149,0
95,1,729754,0
88,0,509701,0
82,0,468387,0
92,0,208750,0
86,0,854793,0
93,1,269659,0
93,0,52327,0
96,1,773582,0
91,1,325825,0
88,0,987962,0
91,1,658495,0
85,1,165623,0
88,0,863700,0
84,1,474966,0
91,0,260720,0
84,1,109802,0
83,0,917949,0
92,0,666640,0
81,0,561657,0
82,1,656713,1
82,0,527777,0
98,1,978904,0
84,0,967905,0
87,0,895251,0
84,1,616752,1
91,0,649174,0
95,1,219675,0
93,0,939516,0
91,0,111799,0
87,1,735309,1
86,0,148666,0
86,0,425394,0
92,1,817370,0
83,1,189363,0
86,1,959551,1
91,0,393103,0
99,1,579091,0
96,1,546258,0
99,0,129512,0
95,1,866723,0
92,1,993942,0
83,1,922924,1
88,1,374741,0
96,0,511738,0
93,1,527480,0
96,0,876975,0
90,1,668618,0
94,0,465239,0
88,0,78856,0
86,1,927706,1
82,0,802825,0
85,1,85094,0
94,1,305701,0
93,1,857693,0
97,1,892349,0
86,1,779645,1
89,0,127813,0
97,1,490703,0
96,0,227167,0
97,0,989434,0
91,1,471168,0
92,1,387403,0
82,0,154728,0
93,1,622487,0
98,1,882553,0
88,0,306252,0
91,1,408132,0
92,1,251013,0
96,0,717074,0
87,0,963536,0
95,0,638811,0
90,1,405739,0
84,1,133937,0
85,0,372677,0
85,0,419603,0
91,0,312391,0
81,0,621952,0
99,0,47755,0
100,0,982169,0
85,1,607709,1
82,1,785589,1
93,0,795192,0
98,0,109718,0
88,0,790415,0
82,0,50795,0
94,1,589692,0
84,1,928801,1
92,1,935342,0
81,0,757931,0
92,1,867954,0
99,0,82716,0
87,0,616841,0
84,0,858227,0
92,0,475367,0
100,1,411922,0
89,1,369474,0
99,1,5260,0
98,0,667377,0
94,0,546970,0
99,0,246750,0
99,0,658714,0
99,0,441675,0
100,0,996654,0
89,1,814538,1
88,0,343198,0
82,1,418110,0
82,0,177860,0
99,0,970453,0
98,0,792741,0
82,1,594873,1
83,1,463735,0
87,0,293840,0
100,1,111166,0
88,1,22464,0
91,0,63655,0
99,1,102712,0
90,0,882013,0
100,1,332242,0
98,1,724027,0
80,0,387725,0
81,0,13103,0
97,0,519557,0
92,0,138335,0
82,1,964749,1
91,1,523203,0
81,0,307286,0
99,1,47607,0
82,0,813803,0
82,1,367373,0
82,0,957433,0
80,1,523730,1
82,1,579487,1
88,0,891433,0
100,0,379635,0
84,0,183793,0
98,1,455272,0
91,0,118111,0
100,0,264184,0
84,0,980903,0
89,1,724482,1
86,1,388277,0
84,1,870547,1
87,1,387917,0
92,0,486202,0
93,1,310201,0
86,0,284789,0
84,1,580106,1
97,0,563998,0
98,0,794252,0
81,0,988539,0
91,0,302719,0
99,1,505685,0
99,1,577025,0
100,1,422626,0
91,1,599952,0
81,1,25026,0
98,1,952517,0
100,1,283230,0
84,1,961222,1
100,1,868770,0
99,1,308060,0
87,0,881997,0
91,0,806585,0
83,0,784896,0
86,1,654876,1
95,1,28683,0
89,1,868764,1
82,0,547724,0
94,1,989056,0
87,1,79065,0
91,0,267353,0
93,0,729067,0
94,0,679243,0
88,0,936222,0
80,0,616600,0
82,0,410791,0
99,1,519516,0
93,1,752732,0
86,0,125609,0
96,1,832814,0
86,0,329804,0
83,1,978599,1
86,1,417554,0
88,1,654106,1
84,0,684465,0
89,1,875291,1
90,0,362262,0
82,1,467310,0
81,1,932280,1
88,0,504823,0
87,0,792687,0
94,0,558104,0
83,1,377930,0
93,1,934266,0
92,0,162404,0
96,1,4472,0
89,0,960262,0
97,0,23851,0
94,1,555453,0
83,0,470626,0
85,0,122163,0
81,0,716161,0
100,0,299516,0
95,0,623107,0
85,0,174490,0
97,0,840525,0
82,0,249920,0
82,1,676046,1
100,0,911456,0
87,0,50330,0
80,1,798079,1
89,0,179554,0
84,0,439413,0
80,1,593030,1
92,0,84046,0
84,0,302868,0
87,0,25285,0
91,1,748070,0
81,0,796965,0
83,0,213209,0
90,1,501612,0
84,0,376197,0
86,1,760468,1
87,1,267794,0
83,0,919201,0
95,0,301949,0
88,0,277216,0
81,1,572814,1
93,1,678882,0
83,0,470980,0
100,0,184364,0
91,0,902887,0
88,1,721961,1
82,1,487354,0
92,0,289759,0
90,1,256513,0
80,0,751918,0
90,0,693393,0
84,0,463447,0
80,1,745174,1
97,1,547090,0
98,0,436038,0
80,0,1213,0
98,1,364109,0
99,1,565338,0
99,0,544899,0
85,1,966372,1
100,1,403975,0
98,0,28315,0
90,1,51337,0
82,0,316874,0
93,0,528242,0
92,0,30876,0
96,1,914643,0
100,0,404903,0
91,1,681805,0
91,0,263324,0
88,0,490602,0
82,1,633638,1
99,1,129177,0
88,0,500954,0
98,0,210201,0
96,0,205014,0
95,0,95171,0
91,1,342738,0
89,0,226938,0
95,1,941031,0
85,0,249845,0
85,0,163000,0
87,0,972027,0
100,0,644048,0
95,0,396208,0
82,1,287654,0
92,1,985573,0
94,1,993847,0
98,0,852838,0
91,0,19855,0
81,1,710772,1
88,0,367407,0
98,1,850954,0
95,0,157226,0
97,0,419995,0
82,0,304052,0
80,0,43999,0
95,1,694152,0
96,0,109383,0
96,1,177499,0
93,0,425010,0
94,1,83695,0
95,1,83936,0
90,1,78016,0
88,0,190331,0
97,0,29399,0
99,0,235141,0
85,0,241006,0
100,1,488045,0
86,0,482400,0
84,0,447847,0
100,1,621764,0
93,0,998791,0
93,1,75448,0
89,1,982504,1
87,0,642877,0
81,1,860542,1
80,0,433349,0
82,1,921637,1
95,1,891737,0
91,1,887107,0
85,0,405779,0
99,1,173112,0
87,1,71641,0
94,1,727687,0
90,0,277471,0
82,1,896260,1
87,0,226525,0
96,1,398166,0
90,1,716125,0
84,0,279528,0
86,1,214922,0
100,0,241138,0
82,0,327129,0
95,0,964739,0
96,1,995428,0
96,1,412713,0
90,0,329613,0
96,1,663160,0
85,0,892743,0
92,1,212659,0
96,0,273329,0
81,0,857367,0
80,0,913836,0
87,1,985378,1
90,1,193309,0
97,1,880137,0
95,0,829202,0
100,1,449061,0
93,1,118037,0
85,1,154482,0
85,0,691030,0
84,1,496490,0
100,1,872796,0
99,1,181923,0
86,0,952970,0
90,1,501489,0
86,0,885661,0
82,1,516483,1
86,1,166557,0
83,0,184565,0
86,1,758587,1
100,1,520853,0
99,0,352317,0
97,0,458762,0
87,0,715701,0
89,0,948415,0
99,1,352332,0
84,0,375885,0
96,0,432238,0
90,0,516740,0
88,0,435508,0
100,1,776750,0
83,0,267682,0
83,1,76674,0
89,1,878879,1
93,1,527017,0
90,0,831090,0
92,1,966187,0
83,1,652198,1
88,0,287327,0
82,1,258731,0
98,1,167311,0
88,0,510876,0
88,1,543531,1
81,1,815595,1
93,1,995213,0
82,0,239526,0
94,1,827040,0
94,0,281931,0
94,1,679341,0
97,1,130145,0
95,1,546114,0
81,1,386607,0
98,1,89396,0
95,1,823394,0
88,0,556033,0
87,1,144734,0
89,1,375785,0
95,1,728521,0
97,0,173618,0
100,0,561875,0
98,1,966794,0
99,1,146459,0
83,0,512397,0
100,1,531975,0
94,0,571375,0
86,1,84805,0
85,0,763105,0
84,0,212619,0
95,1,526629,0
89,0,302830,0
91,0,445277,0
95,1,77307,0
82,0,966915,0
82,0,623615,0
93,0,934698,0
89,0,755247,0
85,1,721758,1
83,1,699572,1
88,1,123351,0
83,0,693570,0
88,0,957687,0
88,0,983366,0
81,1,675119,1
82,1,242672,0
86,0,852763,0
90,0,487072,0
95,0,560867,0
98,1,486049,0
100,0,37288,0
84,0,906446,0
86,0,46183,0
80,0,789147,0
88,0,339183,0
100,1,763590,0
96,1,803088,0
89,0,981954,0
84,1,219097,0
82,1,34707,0
100,1,786530,0
98,1,403246,0
91,1,886433,0
81,1,516382,1
84,0,111009,0
90,0,914042,0
86,0,147324,0
91,0,365073,0
83,0,159418,0
85,1,489936,0
90,0,285582,0
98,1,159678,0
100,1,307723,0
100,1,247090,0
98,0,374834,0
88,0,330000,0
85,1,770994,1
95,1,866083,0
92,1,487878,0
80,0,389836,0
91,1,975274,0
90,0,744683,0
97,0,718611,0
84,1,960034,1
82,1,866380,1
100,1,213534,0
89,0,364767,0
90,0,831059,0
99,0,249635,0
92,1,342107,0
96,0,207124,0
86,0,451390,0
92,0,836588,0
82,0,756263,0
89,0,656207,0
95,1,342780,0
83,0,769762,0
91,1,364445,0
92,1,576576,0
84,0,908404,0
90,1,427213,0
98,1,961903,0
91,0,411667,0
92,1,772974,0
95,1,216797,0
85,1,902249,1
84,0,119745,0
92,0,291743,0
80,0,42887,0
84,0,141496,0
83,0,369522,0
95,1,321631,0
93,1,119103,0
88,1,407501,0
97,0,141682,0
99,0,871131,0
90,0,260838,0
86,1,957149,1
82,0,923101,0
81,1,86766,0
95,0,948125,0
96,1,23513,0
92,0,263540,0
80,1,630875,1
82,0,40487,0
88,1,201134,0
96,1,292050,0
93,0,461976,0
95,0,910718,0
98,0,32866,0
92,0,351900,0
81,0,2788,0
83,0,103514,0
96,0,240907,0
86,1,808470,1
82,1,520057,1
85,1,346550,0
94,0,461686,0
83,0,480607,0
88,1,489876,0
92,1,692174,0
85,1,850280,1
85,1,284287,0
90,0,549959,0
92,1,754676,0
85,1,851257,1
87,0,184901,0
81,0,161754,0
86,0,486128,0
86,0,628166,0
97,1,351907,0
82,0,527286,0
91,1,300829,0
96,1,89282,0
98,0,319438,0
88,1,680870,1
92,1,434445,0
92,1,180020,0
90,0,972573,0
88,0,311348,0
94,0,778810,0
99,1,799163,0
88,0,991425,0
92,0,331847,0
83,0,28183,0
97,0,417249,0
87,1,563050,1
100,1,934994,0
82,1,782126,1
91,0,785481,0
86,1,784215,1
91,0,729077,0
89,0,667425,0
99,1,666660,0
84,1,251278,0
90,1,456966,0
90,0,225325,0
85,0,45567,0
99,1,186233,0
93,1,742035,0
81,1,74941,0
80,1,67066,0
84,0,218158,0
95,0,818822,0
94,0,541918,0
92,0,832909,0
96,1,205717,0
86,0,128290,0
90,0,439330,0
85,1,683493,1
100,1,380161,0
88,0,504521,0
89,0,798828,0
87,0,271830,0
96,1,823173,0
98,1,885133,0
84,1,454031,0
82,0,578860,0
87,1,465962,0
90,1,203564,0
100,1,374630,0
87,1,573011,1
81,0,627141,0
80,0,484409,0
84,1,299184,0
100,0,358126,0
85,1,329274,0
95,1,375002,0
99,1,35319,0
92,1,157334,0
88,1,748117,1
93,1,720233,0
94,0,613325,0
81,0,273971,0
82,1,384139,0
89,1,585936,1
98,0,278013,0
89,1,36398,0
88,0,971405,0
91,1,762627,0
88,0,503071,0
88,1,341653,0
91,1,235620,0
90,1,892588,0
88,0,719522,0
91,0,858946,0
93,1,836107,0
92,1,412556,0
85,0,57451,0
85,0,275741,0
81,1,549352,1
92,1,810725,0
86,1,384139,0
90,1,297790,0
94,1,978842,0
84,0,989938,0
82,0,196456,0
95,1,8213,0
85,1,194130,0
80,0,83926,0
92,0,906219,0
99,1,873755,0
88,0,319962,0
95,1,370128,0
88,1,835809,1
93,0,902159,0
85,0,219788,0
100,1,453634,0
91,1,916272,0
92,1,143953,0
80,0,38102,0
97,1,469518,0
99,0,365520,0
98,0,297515,0
89,1,788307,1
93,1,516132,0
100,1,193762,0
91,1,284502,0
80,1,246741,0
95,1,606254,0
93,0,507541,0
94,1,282387,0
93,1,525262,0
93,0,892775,0
83,0,912809,0
85,1,421893,0
95,1,319557,0
83,1,812383,1
95,1,678616,0
97,0,780955,0
91,1,675918,0
90,0,969712,0
87,0,598663,0
100,1,2623,0
92,0,242061,0
84,0,968043,0
93,1,496628,0
80,1,980938,1
80,0,864911,0
81,1,445844,0
90,1,612817,0
86,0,700666,0
98,1,703862,0
100,1,541623,0
88,0,479289,0
80,1,321836,0
81,0,534235,0
86,0,906942,0
98,0,872016,0
85,1,802411,1
91,1,98514,0
90,1,377068,0
99,1,23677,0
96,0,450933,0
91,0,586368,0
85,0,976053,0
89,0,712958,0
97,0,238472,0
83,1,623349,1
82,0,908876,0
97,0,184680,0
92,0,366345,0
97,0,970313,0
88,0,260125,0
81,1,267288,0
100,1,60479,0
96,0,85142,0
99,1,304354,0
100,0,587798,0
81,0,249209,0
89,0,420877,0
86,0,782971,0
98,0,530429,0
83,0,846102,0
83,1,338802,0
93,1,945719,0
81,0,180877,0
90,0,142524,0
98,0,986909,0
80,1,755167,1
90,1,357053,0
88,0,219600,0
81,1,567461,1
86,1,372947,0
84,0,71833,0
99,0,972202,0
83,0,539650,0
91,0,866474,0
86,0,622923,0
92,1,157624,0
100,0,27139,0
96,1,2532,0
98,0,257150,0
90,0,591111,0
82,0,70894,0
85,0,390308,0
100,1,461632,0
81,0,592903,0
85,0,249247,0
99,1,385881,0
85,1,873243,1
98,1,507981,0
82,1,790242,1
88,0,622552,0
90,1,470164,0
94,1,231436,0
99,1,946507,0
82,0,715376,0
96,1,653660,0
86,0,545308,0
86,0,292702,0
88,1,39502,0
91,1,130891,0
95,0,146780,0
96,0,862023,0
96,0,935036,0
96,0,592739,0
83,0,305259,0
85,1,387031,0
87,0,631359,0
82,0,706149,0
94,0,189632,0
92,1,2316,0
96,0,481837,0
84,1,382948,0
99,1,271455,0
95,1,189087,0
87,1,416399,0
89,1,384542,0
99,1,3775,0
90,1,735033,0
94,1,125509,0
100,0,36955,0
90,0,269657,0
100,0,55125,0
84,0,622081,0
93,0,566192,0
93,0,939343,0
81,1,937197,1
83,0,750516,0
89,1,233881,0
91,1,805891,0
91,0,56743,0
82,1,36928,0
95,0,429005,0
82,1,790798,1
84,1,367064,0
98,1,826125,0
87,1,418055,0
84,0,957880,0
93,0,167182,0
80,0,631897,0
88,1,148489,0
95,1,193955,0
85,1,358948,0
90,1,220121,0
87,0,923456,0
90,1,351383,0
93,0,585809,0
86,0,137581,0
94,0,344479,0
83,0,720210,0
100,1,80403,0
93,0,338216,0
89,0,784745,0
80,0,936923,0
83,0,228066,0
93,0,217505,0
90,0,856911,0
80,1,766162,1
91,1,780035,0
95,0,912592,0
88,0,1764,0
100,1,116645,0
93,1,700425,0
82,0,203189,0
80,1,416830,0
90,1,258313,0
94,0,423908,0
98,0,328834,0
91,1,165731,0
88,1,721233,1
98,1,469872,0
81,1,94679,0
100,1,504452,0
82,1,329275,0
90,1,504443,0
82,0,290946,0
96,1,238890,0
87,1,207456,0
80,1,721737,1
82,1,755360,1
80,1,479590,0
83,0,991952,0
94,0,322210,0
100,1,60358,0
100,1,290924,0
100,0,20731,0
97,0,906256,0
91,1,813774,0
80,0,983641,0
83,0,555234,0
81,1,99399,0
100,1,750092,0
84,0,26647,0
96,0,752297,0
93,1,666614,0
99,0,828344,0
95,1,157370,0
82,0,296588,0
89,0,451370,0
94,0,167072,0
99,0,167442,0
92,1,803131,0
98,1,356620,0
80,1,46586,0
97,1,149416,0
84,0,661072,0
83,1,123141,0
82,0,201312,0
100,1,865782,0
92,1,21609,0
82,0,629778,0
84,0,11456,0
92,1,147721,0
89,1,695708,1
84,0,376135,0
84,1,967777,1
88,0,695327,0
86,0,915278,0
86,0,116185,0
80,0,984815,0
93,1,849353,0
91,1,370618,0
89,1,780254,1
80,0,51127,0
95,0,572717,0
87,0,39970,0
95,0,878500,0
94,1,172070,0
95,1,631987,0
92,0,122778,0
86,0,366429,0
97,0,292609,0
82,0,143539,0
86,1,739840,1
90,0,460283,0
82,1,357842,0
86,0,313858,0
84,1,930934,1
98,0,480665,0
98,1,321576,0
82,1,629838,1
83,1,832518,1
98,1,763461,0
99,0,840496,0
99,0,425157,0
81,0,196240,0
81,1,929876,1
86,0,202318,0
80,1,631804,1
81,0,769032,0
100,0,63646,0
91,1,741608,0
80,1,151888,0
96,0,881252,0
98,1,295076,0
95,1,802270,0
81,0,429427,0
96,0,762126,0
85,1,855942,1
94,1,983746,0
90,0,734180,0
97,0,606922,0
99,1,216557,0
99,1,811732,0
82,1,676329,1
92,1,982346,0
84,1,109635,0
97,0,97010,0
81,1,804119,1
89,1,679667,1
99,0,21057,0
80,1,118558,0
82,0,3613,0
86,0,476774,0
82,0,866660,0
90,0,429783,0
93,0,341385,0
80,0,491371,0
89,1,779242,1
86,0,468399,0
86,1,87809,0
99,1,699347,0
92,1,458195,0
99,1,933681,0
92,0,908362,0
96,1,798878,0
86,1,853080,1
93,1,265750,0
81,1,870554,1
88,0,433253,0
95,1,303012,0
85,1,974963,1
97,0,961493,0
87,0,410454,0
96,0,8339,0
94,1,849887,0
100,1,608019,0
86,0,970110,0
100,0,122478,0
85,0,845761,0
86,1,604443,1
83,1,182886,0
90,1,52681,0
96,0,624529,0
92,0,194023,0
99,0,314433,0
82,0,187041,0
82,0,751510,0
87,0,607705,0
99,1,11356,0
97,1,997502,0
90,0,302195,0
85,0,880223,0
93,0,250697,0
91,1,937208,0
89,0,74339,0
92,1,223334,0
97,0,407561,0
80,0,326070,0
85,1,594301,1
88,1,961156,1
99,0,576968,0
93,1,624111,0
90,1,565944,0
97,1,690945,0
98,0,452077,0
93,0,835087,0
96,0,49418,0
94,0,236723,0
89,1,768126,1
88,1,599532,1
83,0,260393,0
90,1,290611,0
93,1,420984,0
84,1,193982,0
90,0,74824,0
95,1,208309,0
99,1,664343,0
81,1,784145,1
86,0,116311,0
95,1,326588,0
84,0,272296,0
91,0,712211,0
80,1,617683,1
98,1,303528,0
95,1,273444,0
92,1,652762,0
98,1,567811,0
95,1,792950,0
82,0,840177,0
89,0,575642,0
98,1,107890,0
97,0,290446,0
88,0,735576,0
86,1,401509,0
88,0,487372,0
93,1,413278,0
82,1,674347,1
85,0,155982,0
97,0,218361,0
82,0,139496,0
96,0,355315,0
99,0,479968,0
86,1,59037,0
91,1,997172,0
82,1,77714,0
89,0,763840,0
98,1,4298,0
85,1,241633,0
98,1,901050,0
92,1,399246,0
84,1,929985,1
96,0,124132,0
81,0,565198,0
89,1,552863,1
95,1,912077,0
87,0,155533,0
100,0,262951,0
91,1,91457,0
81,0,581384,0
89,1,110462,0
80,1,597009,1
96,0,502982,0
95,0,585991,0
84,0,155746,0
87,1,870677,1
95,0,876234,0
99,1,955288,0
92,0,719744,0
80,1,524493,1
95,0,688272,0
87,1,169991,0
91,1,169613,0
81,0,266879,0
80,0,318543,0
95,0,120897,0
80,0,645192,0
90,0,95357,0
86,0,805952,0
98,1,696248,0
94,0,314127,0
92,1,503954,0
94,0,820193,0
89,1,285205,0
98,0,220832,0
86,1,23640,0
88,1,681789,1
92,0,451828,0
80,0,616714,0
85,1,489266,0
81,1,681614,1
99,0,427123,0
88,0,476177,0
82,1,277488,0
86,1,644962,1
92,0,423279,0
94,1,364207,0
94,1,270497,0
89,0,733520,0
97,1,864884,0
90,0,886574,0
83,0,698961,0
97,0,476876,0
92,1,255697,0
81,0,936293,0
81,1,205601,0
84,1,118283,0
88,0,945249,0
83,1,841812,1
98,0,472035,0
85,0,603821,0
93,1,250476,0
87,0,12593,0
97,1,369447,0
95,1,859119,0
83,1,318057,0
97,0,261004,0
99,0,330288,0
100,1,570200,0
91,0,669635,0
87,0,936204,0
97,1,553332,0
100,1,209166,0
95,1,309393,0
100,1,261926,0
82,1,935366,1
93,1,923400,0
89,1,17215,0
99,1,119919,0
93,1,129390,0
86,1,786944,1
98,1,808128,0
98,0,121837,0
93,1,763158,0
96,1,860654,0
98,1,971492,0
95,1,468663,0
82,1,302308,0
80,0,864315,0
84,0,462199,0
94,0,648200,0
97,0,819883,0
95,1,628129,0
95,1,317683,0
96,0,294489,0
90,1,531096,0
84,0,951325,0
82,1,219995,0
91,1,119377,0
89,1,13133,0
81,0,391631,0
100,1,721179,0
90,0,824594,0
82,1,83112,0
95,0,236398,0
94,1,987762,0
98,1,3901,0
86,0,599452,0
84,1,930894,1
81,0,209703,0
98,0,789262,0
80,1,119127,0
85,0,32987,0
97,0,858058,0
86,0,546476,0
88,1,80748,0
83,0,587943,0
92,1,183820,0
90,0,149270,0
88,1,673953,1
93,0,835878,0
88,0,114076,0
95,0,979303,0
81,1,319007,0
91,0,260957,0
98,1,213752,0
84,0,607549,0
86,1,148458,0
91,1,770327,0
96,0,597495,0
91,0,702607,0
92,0,960966,0
88,1,241207,0
92,1,40667,0
97,1,166016,0
89,0,593856,0
90,0,107339,0
87,1,640934,1
83,1,153646,0
97,1,908051,0
89,0,986078,0
80,1,795819,1
97,1,223455,0
82,0,934544,0
100,1,437245,0
95,1,760238,0
89,1,11001,0
90,1,882542,0
90,1,403243,0
81,0,813462,0
88,1,931573,1
90,1,611031,0
86,1,676844,1
87,0,346262,0
88,1,541142,1
98,1,918229,0
98,0,254254,0
94,1,145951,0
92,1,865317,0
94,1,647349,0
81,0,719130,0
84,1,608783,1
87,0,980234,0
92,1,52369,0
95,1,363655,0
82,1,957022,1
94,0,811669,0
88,1,250189,0
99,1,328434,0
100,1,853182,0
86,0,205730,0
94,0,649507,0
87,1,168509,0
97,0,89058,0
85,0,57421,0
92,0,541167,0
81,0,465986,0
99,0,162568,0
85,1,844273,1
84,0,138323,0
86,1,2293,0
85,0,829289,0
95,0,824315,0
85,1,568762,1
90,0,622003,0
93,0,723534,0
83,1,981460,1
86,0,845306,0
95,1,697205,0
91,1,239417,0
98,1,370294,0
89,0,790863,0
100,1,29533,0
83,1,550224,1
93,1,723357,0
94,1,884363,0
80,1,778974,1
96,0,86256,0
94,0,351762,0
85,1,302321,0
92,0,889295,0
80,1,463853,0
86,0,249748,0
87,0,335332,0
80,0,663567,0
81,1,758159,1
88,1,162498,0
83,0,840292,0
82,0,493025,0
84,1,962000,1
97,0,545223,0
98,1,943937,0
97,1,157766,0
89,0,225824,0
95,1,413409,0
95,0,292072,0
84,0,825012,0
85,1,738871,1
88,1,99247,0
100,0,724695,0
92,1,157318,0
86,1,942946,1
100,1,114386,0
87,1,429954,0
88,1,347496,0
92,1,74987,0
99,1,500352,0
87,1,52261,0
100,0,415277,0
94,0,206176,0
87,0,60047,0
83,1,695036,1
95,1,516887,0
85,0,963302,0
94,0,773702,0
95,0,79236,0
92,0,488850,0
82,1,664232,1
99,1,357054,0
90,1,318733,0
84,1,925874,1
85,1,369850,0
94,1,993336,0
99,1,841280,0
100,1,286068,0
96,0,352469,0
91,1,21957,0
87,1,764112,1
83,1,889715,1
81,0,278316,0
92,1,623589,0
90,0,697302,0
98,1,810896,0
82,0,224342,0
81,1,508763,1
80,1,76805,0
100,1,722086,0
90,0,443297,0
84,0,173121,0
87,1,555444,1
80,1,133346,0
80,1,340103,0
92,1,779884,0
84,1,82411,0
96,1,568153,0
80,1,949959,1
82,1,267934,0
87,1,690220,1
87,0,362051,0
96,0,252750,0
82,1,73938,0
82,0,854428,0
92,0,742970,0
82,0,526383,0
88,1,911208,1
84,1,486019,0
92,0,746842,0
96,1,483037,0
100,1,510247,0
92,1,292831,0
95,1,584935,0
97,0,615855,0
82,1,447912,0
96,0,193106,0
85,1,356792,0
96,0,653922,0
99,0,919611,0
97,1,461256,0
82,0,692730,0
85,0,514054,0
91,0,725348,0
91,1,666957,0
85,1,768670,1
92,0,967260,0
87,0,488816,0
99,1,449434,0
93,0,957795,0
96,0,335613,0
100,0,129206,0
81,1,819735,1
88,0,543208,0
93,1,366663,0
95,1,44006,0
100,0,252159,0
91,0,550038,0
84,1,844044,1
81,1,290490,0
99,1,704736,0
80,0,621495,0
81,0,789049,0
98,1,741374,0
99,1,621871,0
92,0,588826,0
98,1,161145,0
82,0,889811,0
83,0,997618,0
86,0,910337,0
85,0,798125,0
100,1,272271,0
93,0,813975,0
95,1,426335,0
84,1,465107,0
91,1,610589,0
89,0,642101,0
93,1,246921,0
85,1,637091,1
95,0,708677,0
88,1,86156,0
99,0,705626,0
99,1,157999,0
94,1,926869,0
80,1,926537,1
96,0,462384,0
90,0,733082,0
95,1,29435,0
81,1,759764,1
94,1,478289,0
86,1,171236,0
97,0,744939,0
82,1,391537,0
84,1,536871,1
95,0,95316,0
87,0,874795,0
93,0,919882,0
93,1,748944,0
82,1,646845,1
90,0,667496,0
88,0,853820,0
85,1,256219,0
84,0,957535,0
100,0,38293,0
82,0,264322,0
97,1,637553,0
84,1,947289,1
82,0,443481,0
94,0,470244,0
86,0,578566,0
88,1,156447,0
80,0,261257,0
80,1,228423,0
90,1,397524,0
98,0,780541,0
98,1,1476,0
87,1,780784,1
85,0,584319,0
99,0,954294,0
83,1,889084,1
80,0,140201,0
83,1,560042,1
82,1,860097,1
92,1,939220,0
90,1,768575,0
96,0,745465,0
92,0,723813,0
93,1,8333,0
91,1,300283,0
83,1,120244,0
83,1,289403,0
84,1,379967,0
85,1,87506,0
97,0,246936,0
88,0,941397,0
93,1,893515,0
89,0,24975,0
95,0,993445,0
93,1,646369,0
99,0,607543,0
85,1,614737,1
80,1,984130,1
90,0,384015,0
84,1,545322,1
88,0,338684,0
82,0,708451,0
92,0,590104,0
94,1,895915,0
90,1,143231,0
88,0,808793,0
86,0,211360,0
94,1,314000,0
86,0,425646,0
82,0,630464,0
88,0,394889,0
91,1,87864,0
84,0,73645,0
87,1,984463,1
87,0,61006,0
84,0,896530,0
90,0,541337,0
84,1,151586,0
92,1,803758,0
98,1,73629,0
82,0,761956,0
92,1,488207,0
100,1,676698,0
96,0,93708,0
86,1,111655,0
100,0,258713,0
83,0,454689,0
88,1,581040,1
80,1,914164,1
83,1,517518,1
92,0,140539,0
95,0,240780,0
99,1,542610,0
82,1,360782,0
80,1,871364,1
94,0,45774,0
87,0,364685,0
100,1,47695,0
91,1,654325,0
80,1,663834,1
82,0,49387,0
96,0,262379,0
91,1,633081,0
95,0,91514,0
87,1,156048,0
88,0,759950,0
89,0,54345,0
99,1,172498,0
84,1,257220,0
99,0,253682,0
99,0,461806,0
92,1,890564,0
99,1,196923,0
83,0,774756,0
86,1,505000,1
87,0,612433,0
96,0,419930,0
96,1,120783,0
93,0,642744,0
96,0,47752,0
94,0,555872,0
100,0,820469,0
88,0,718025,0
91,1,168246,0
80,1,341852,0
81,0,98379,0
96,1,769356,0
82,0,377620,0
95,1,237865,0
86,0,206480,0
100,1,544116,0
100,0,429581,0
88,0,34516,0
96,1,651030,0
81,0,712182,0
87,0,940249,0
83,1,727567,1
86,0,661798,0
89,1,566238,1
100,1,476856,0
96,1,962721,0
100,0,886698,0
91,1,513152,0
94,0,900896,0
97,1,242358,0
99,0,142895,0
99,0,581994,0
96,0,829881,0
92,0,399519,0
98,1,871297,0
85,1,420313,0
89,1,962567,1
93,1,771098,0
82,0,860792,0
98,0,567969,0
100,1,630615,0
100,1,524480,0
100,1,759836,0
89,1,982116,1
84,0,103485,0
84,0,720961,0
87,0,536249,0
97,1,169659,0
94,1,679176,0
90,1,766690,0
99,0,757682,0
91,1,735320,0
83,1,409403,0
93,1,231464,0
97,0,18561,0
96,0,122362,0
85,0,568450,0
87,0,839211,0
88,0,986201,0
87,0,851189,0
83,1,334739,0
81,0,388298,0
96,1,246238,0
94,1,266456,0
99,1,177628,0
93,1,769371,0
89,1,140314,0
81,0,579364,0
97,1,720816,0
96,0,272912,0
80,1,655682,1
100,1,60629,0
80,0,652237,0
91,1,912080,0
86,0,338630,0
83,0,689927,0
96,1,698928,0
82,0,384007,0
91,0,629454,0
95,0,633209,0
80,0,928601,0
95,0,636282,0
97,1,289254,0
100,1,776551,0
91,0,505589,0
82,1,211170,0
100,0,675323,0
82,1,722851,1
84,0,646719,0
81,0,802337,0
99,1,843098,0
90,1,805432,0
88,1,590528,1
97,0,750143,0
92,1,540380,0
87,1,728016,1
100,1,871049,0
80,0,458202,0
80,1,187346,0
90,0,113253,0
85,0,647401,0
81,0,819066,0
88,1,644534,1
82,1,843087,1
82,0,132681,0
97,0,984822,0
92,0,797011,0
92,1,931730,0
96,1,100547,0
83,1,72633,0
86,1,210020,0
87,1,786898,1
90,1,952844,0
85,1,722256,1
99,0,603946,0
99,0,408899,0
100,1,652863,0
94,1,826009,0
88,1,445411,0
100,1,856532,0
84,0,680240,0
90,1,567420,0
85,1,59596,0
83,1,459872,0
86,1,288040,0
89,0,149149,0
92,1,604173,0
87,0,221344,0
99,1,558599,0
99,1,645156,0
80,1,161536,0
92,0,218161,0
88,1,703066,1
91,0,368458,0
80,0,769837,0
88,0,152557,0
95,0,906290,0
98,0,940194,0
87,0,452250,0
100,0,251157,0
92,1,289717,0
89,1,294203,0
88,1,338027,0
88,1,633335,1
88,1,161097,0
84,1,354673,0
86,0,437967,0
89,0,481122,0
91,1,538168,0
99,0,183785,0
93,0,701033,0
99,0,544015,0
97,1,940519,0
80,0,573588,0
92,0,181745,0
80,1,253671,0
84,1,159503,0
100,1,364440,0
91,0,170282,0
97,0,715464,0
87,0,491360,0
96,1,372754,0
99,0,472522,0
94,1,39268,0
88,0,591091,0
90,1,789702,0
92,0,405347,0
91,0,350280,0
97,0,991054,0
100,1,893301,0
87,1,318782,0
95,1,590531,0
91,0,974032,0
81,1,751508,1
84,0,814593,0
96,0,701665,0
96,1,523900,0
99,1,986692,0
96,1,874666,0
92,0,946837,0
100,0,498118,0
88,1,980649,1
94,0,655699,0
96,0,871871,0
88,1,48457,0
84,1,719883,1
92,1,814037,0
98,1,171510,0
86,1,892976,1
91,1,354534,0
80,0,540666,0
81,0,816949,0
87,1,915897,1
80,1,97536,0
86,0,867267,0
98,1,676238,0
98,0,88023,0
97,0,124136,0
91,0,591497,0
90,0,517296,0
81,0,183829,0
98,1,200806,0
92,1,903393,0
93,0,710797,0
85,1,803730,1
80,0,449419,0
94,0,414240,0
100,1,145707,0
91,1,590818,0
94,0,936175,0
99,0,8324,0
88,0,173085,0
100,1,772308,0
93,1,239757,0
86,0,889990,0
96,1,973063,0
88,1,342255,0
89,1,510214,1
99,1,77548,0
97,1,317059,0
84,0,154175,0
93,1,481923,0
92,1,427678,0
88,0,149676,0
92,0,56529,0
92,1,980656,0
92,0,381294,0
80,1,89385,0
97,1,319963,0
94,1,387892,0
84,1,46462,0
92,0,984562,0
95,1,692953,0
85,0,756113,0
82,0,929089,0
82,0,561513,0
99,1,233767,0
92,1,860897,0
96,0,91935,0
88,1,743867,1
92,0,916334,0
87,1,956892,1
94,1,809092,0
85,1,220397,0
81,0,498643,0
99,0,551977,0
89,0,249406,0
82,1,603991,1
80,0,762228,0
82,0,745330,0
86,1,499994,0
96,0,903788,0
88,0,708478,0
98,1,844228,0
82,1,769729,1
82,1,445180,0
96,1,871502,0
88,0,122874,0
88,0,203264,0
97,1,243029,0
100,0,376167,0
94,0,438655,0
87,1,971500,1
92,0,82766,0
97,0,644143,0
89,0,884337,0
95,1,780174,0
84,1,551906,1
96,0,786723,0
97,1,711906,0
96,1,587842,0
98,0,895234,0
91,0,609732,0
96,1,409927,0
85,0,878087,0
89,1,90972,0
99,0,784082,0
98,1,561134,0
85,1,861692,1
94,1,957514,0
90,1,165486,0
93,0,328034,0
91,1,332639,0
100,0,537614,0
84,0,927847,0
96,1,760091,0
95,1,75424,0
88,1,577476,1
80,0,481683,0
80,1,516301,1
96,0,526292,0
85,0,285358,0
86,0,489998,0
83,0,636614,0
96,0,587342,0
88,1,124568,0
98,1,942781,0
87,0,205460,0
89,0,78300,0
88,0,600521,0
92,0,492475,0
85,0,692239,0
87,1,965296,1
94,0,133565,0
91,1,5638,0
80,0,474735,0
92,0,958005,0
81,1,439371,0
91,0,865424,0
90,0,700959,0
93,1,561763,0
94,0,88517,0
82,1,410176,0
94,0,172913,0
88,0,537706,0
96,1,855309,0
80,1,745843,1
84,1,660974,1
99,0,973120,0
94,0,661355,0
90,1,262015,0
93,1,560624,0
89,1,689456,1
94,0,480438,0
98,1,184770,0
80,1,349226,0
82,0,262501,0
80,1,327128,0
89,1,877228,1
81,1,863099,1
85,1,133959,0
96,1,514440,0
92,0,953785,0
87,0,626009,0
85,0,374895,0
98,0,250499,0
86,1,374367,0
82,1,660763,1
83,1,11681,0
89,1,393032,0
94,0,272375,0
90,1,540337,0
82,1,358214,0
93,1,637699,0
92,0,808946,0
89,1,894749,1
91,1,515229,0
80,0,328972,0
86,1,510606,1
88,0,28450,0
85,1,393629,0
85,0,371146,0
82,1,702394,1
84,1,736604,1
92,0,250480,0
81,1,918828,1
100,1,131206,0
85,1,216126,0
88,1,680996,1
92,1,683644,0
86,0,228022,0
81,1,108485,0
100,1,692126,0
99,0,238247,0
100,1,836580,0
92,1,729302,0
94,0,707906,0
84,0,319421,0
95,0,691634,0
84,1,177252,0
84,0,300365,0
84,0,322116,0
86,1,157490,0
94,0,19519,0
83,0,47453,0
90,1,986495,0
93,1,56122,0
87,0,298059,0
98,0,606460,0
96,1,331806,0
83,1,742422,1
96,0,868805,0
90,1,762885,0
85,1,746962,1
80,0,900555,0
96,0,506104,0
90,0,352143,0
99,1,4897,0
95,1,790272,0
94,1,860780,0
94,1,980195,0
98,0,361474,0
90,1,787857,0
94,0,328827,0
87,1,902604,1
80,0,206233,0
85,0,466498,0
81,1,16098,0
82,0,947147,0
85,1,570714,1
80,0,58330,0
87,1,556826,1
80,1,479722,0
94,1,739408,0
93,0,830436,0
81,1,645760,1
99,1,954043,0
89,0,256918,0
100,0,549441,0
91,0,531567,0
95,1,397994,0
88,1,31164,0
97,1,724707,0
97,0,73444,0
89,0,304795,0
89,1,797987,1
83,0,700909,0
91,0,898300,0
96,1,271774,0
95,0,281309,0
96,0,679057,0
100,0,197738,0
89,1,989867,1
86,1,668958,1
87,0,695100,0
80,1,952267,1
91,0,724207,0
96,1,864657,0
93,0,766199,0
96,0,924314,0
92,1,735791,0
98,0,471167,0
90,0,680514,0
84,1,349935,0
90,0,882685,0
100,1,924514,0
97,1,44088,0
92,0,895952,0
98,1,251041,0
92,1,357388,0
89,0,888425,0
80,1,549423,1
94,1,615477,0
96,0,874558,0
98,1,928687,0
82,1,773375,1
87,1,471029,0
83,0,96947,0
81,1,877129,1
89,1,701963,1
87,1,407920,0
100,0,474393,0
99,1,385779,0
82,1,897821,1
86,0,432815,0
94,0,619981,0
92,1,499737,0
82,1,386399,0
87,0,133766,0
89,0,690664,0
85,0,237481,0
99,0,181853,0
84,1,150486,0
88,0,593371,0
90,0,683899,0
99,0,922671,0
81,0,218623,0
92,1,866135,0
94,1,607672,0
84,1,185952,0
91,0,39162,0
99,1,896566,0
99,1,991809,0
93,0,988988,0
90,1,350633,0
83,1,119950,0
88,0,274257,0
90,1,491600,0
83,1,53458,0
83,1,220306,0
91,0,471168,0
90,1,424852,0
97,0,753087,0
87,0,814458,0
80,1,495653,0
98,1,94888,0
89,1,662962,1
86,1,298093,0
88,1,983776,1
99,0,932251,0
94,0,61249,0
89,0,784221,0
96,0,706419,0
89,0,262115,0
89,0,908263,0
100,0,235528,0
84,0,607763,0
88,0,829837,0
88,1,781986,1
86,1,435550,0
87,1,862233,1
88,0,393805,0
92,1,477533,0
98,0,478475,0
96,0,193163,0
87,0,293839,0
81,1,904281,1
88,1,333097,0
93,0,497039,0
80,0,918125,0
87,0,137937,0
84,0,578949,0
82,1,532704,1
97,1,102075,0
97,1,401940,0
82,1,338027,0
89,1,488599,0
100,1,542947,0
99,1,460854,0
92,0,836153,0
90,0,332685,0
98,0,814435,0
80,1,40417,0
86,1,871425,1
83,0,687523,0
80,0,987670,0
96,0,631317,0
95,1,468395,0
96,0,303645,0
81,0,976216,0
97,1,328575,0
89,0,983494,0
93,1,997332,0
91,1,265398,0
94,1,181054,0
90,0,458609,0
93,0,784508,0
87,0,328928,0
95,1,927684,0
82,0,380736,0
87,1,840807,1
91,1,163651,0
80,1,835537,1
80,1,936794,1
92,0,718224,0
100,0,663166,0
87,0,718056,0
88,1,823240,1
98,1,293423,0
89,1,663537,1
93,1,790453,0
86,1,652000,1
91,1,731461,0
93,0,89540,0
81,0,169278,0
98,1,99877,0
100,1,9553,0
98,1,417810,0
86,0,482968,0
81,1,887451,1
87,1,466871,0
86,0,381563,0
80,1,727008,1
96,1,836191,0
96,1,190711,0
86,1,517204,1
82,0,562935,0
81,1,56098,0
87,1,334979,0
89,1,304720,0
82,1,603223,1
83,1,522445,1
83,0,432057,0
91,1,538988,0
95,0,1247,0
94,1,579513,0
86,1,788974,1
88,1,596603,1
100,1,240359,0
96,1,688927,0
94,1,775568,0
90,0,958829,0
100,1,425089,0
96,0,822449,0
88,1,556148,1
89,1,450973,0
90,0,694344,0
88,1,610771,1
97,0,547258,0
99,0,564216,0
97,1,847176,0
86,0,624348,0
87,0,172117,0
86,1,751279,1
93,1,902815,0
89,1,36196,0
90,0,806974,0
85,0,922544,0
83,0,59166,0
83,1,253963,0
100,1,844723,0
84,0,877772,0
92,1,253103,0
91,0,143931,0
94,1,238112,0
88,0,355588,0
89,1,523408,1
93,1,776518,0
81,0,805241,0
94,1,516247,0
87,0,411970,0
87,1,963,0
88,1,422271,0
87,1,606256,1
99,1,434172,0
83,1,323495,0
97,1,848025,0
98,0,836762,0
83,1,154728,0
84,1,883016,1
93,0,528473,0
100,1,274409,0
85,0,45783,0
100,0,177722,0
94,0,314184,0
91,0,288233,0
95,1,956528,0
81,1,487721,0
84,1,13396,0
84,0,574981,0
92,1,390739,0
86,0,936181,0
96,1,740741,0
87,0,37750,0
82,1,310871,0
86,0,478978,0
97,1,400537,0
98,1,390693,0
97,1,226401,0
99,0,568670,0
88,1,914961,1
85,0,648989,0
81,1,513727,1
90,0,816644,0
98,1,969963,0
93,0,427500,0
100,0,363452,0
92,0,542398,0
96,0,772418,0
87,1,275281,0
83,0,596659,0
94,1,13387,0
85,1,308210,0
100,0,880777,0
90,1,448192,0
97,1,722366,0
86,1,710525,1
90,1,684516,0
96,0,195691,0
80,1,648734,1
98,0,683988,0
92,0,299177,0
93,0,663943,0
87,1,516700,1
99,0,64062,0
87,1,839882,1
97,1,174625,0
92,1,288345,0
91,1,938256,0
91,1,587674,0
99,0,796121,0
86,0,118903,0
89,0,221934,0
93,1,629202,0
95,1,481391,0
89,0,350979,0
86,1,369479,0
90,1,28145,0
80,1,902491,1
91,0,213662,0
93,0,471891,0
96,1,981981,0
92,0,840674,0
98,0,615719,0
90,0,897695,0
83,1,2371,0
98,1,380258,0
83,0,565169,0
81,0,736792,0
91,1,970595,0
82,1,495070,0
80,1,979328,1
80,0,584832,0
82,0,703643,0
96,1,969630,0
87,0,608475,0
92,0,229171,0
82,1,329371,0
80,1,715080,1
80,1,498721,0
82,1,696093,1
86,1,474643,0
93,1,1890,0
92,0,308783,0
96,0,806462,0
95,0,843413,0
89,1,474547,0
81,0,856061,0
82,1,236432,0
91,1,12463,0
87,0,745703,0
92,1,758766,0
92,0,155217,0
85,1,783631,1
86,0,331505,0
96,1,724549,0
91,1,527837,0
99,1,545741,0
92,0,105229,0
83,0,339981,0
95,0,940371,0
85,0,626813,0
100,0,621898,0
96,1,773977,0
99,0,856886,0
98,0,196290,0
97,1,339878,0
91,0,90731,0
82,1,663877,1
83,0,960980,0
85,0,371700,0
86,1,159269,0
94,0,530870,0
94,0,738710,0
93,1,499189,0
89,0,712517,0
82,1,836309,1
87,1,177125,0
96,0,172849,0
83,0,709704,0
97,1,226898,0
93,0,353774,0
83,1,524284,1
89,0,816967,0
92,1,159994,0
97,1,853085,0
93,1,697488,0
98,0,656733,0
84,1,888792,1
85,0,119238,0
88,1,845670,1
83,0,198598,0
85,1,496146,0
83,0,972588,0
99,0,708626,0
96,1,912967,0
100,1,929466,0
99,0,637451,0
90,0,370088,0
98,1,74284,0
81,0,354724,0
82,0,178891,0
87,0,53355,0
94,0,936910,0
97,0,250120,0
87,0,90444,0
94,0,424447,0
99,0,510967,0
100,1,175145,0
92,1,243190,0
96,0,600271,0
98,0,517524,0
87,0,120041,0
91,1,792583,0
84,1,694621,1
92,0,906696,0
93,1,256291,0
82,1,585330,1
92,0,402167,0
83,1,703537,1
96,1,533433,0
96,1,140327,0
96,1,229109,0
96,0,696796,0
98,1,820888,0
99,1,725204,0
82,1,564868,1
96,0,884019,0
97,0,473303,0
81,0,466221,0
98,1,393360,0
85,0,226025,0
94,0,180809,0
97,1,661451,0
90,1,209794,0
89,1,189395,0
84,1,295434,0
90,0,663801,0
99,0,179936,0
94,1,712031,0
93,1,225237,0
96,0,443116,0
91,0,145631,0
95,1,826018,0
96,0,654716,0
95,0,358137,0
93,1,971668,0
80,1,481712,0
80,0,541310,0
80,0,560046,0
95,1,928088,0
80,0,662130,0
86,0,640608,0
90,1,106252,0
84,0,55448,0
88,0,439912,0
92,1,291347,0
96,0,74853,0
95,0,95497,0
94,0,483939,0
80,1,309100,0
88,1,933136,1
97,1,461388,0
86,1,233629,0
94,1,707532,0
98,1,880548,0
97,0,567293,0
86,0,419746,0
96,1,875350,0
95,0,514917,0
96,1,244332,0
80,1,145489,0
86,0,705434,0
82,0,622831,0
99,0,684223,0
86,0,803794,0
87,1,273238,0
95,1,654182,0
91,0,870860,0
83,1,931085,1
82,1,591880,1
85,0,348433,0
85,1,321817,0
99,1,809282,0
100,1,456403,0
91,1,196334,0
88,0,62588,0
85,0,606744,0
96,0,771746,0
94,1,646561,0
87,0,603734,0
91,0,527227,0
86,1,202498,0
91,0,747127,0
81,1,594954,1
100,0,296160,0
97,1,456967,0
85,0,640049,0
95,0,893857,0
97,1,95952,0
95,1,322599,0
89,1,700717,1
94,0,165224,0
95,1,497806,0
94,0,690721,0
85,0,435630,0
96,0,631475,0
91,1,695935,0
82,0,101395,0
83,0,632175,0
80,1,673707,1
85,1,581071,1
87,1,866705,1
92,1,975174,0
80,0,177397,0
86,0,374195,0
100,0,917235,0
90,0,704001,0
98,1,916837,0
91,1,581722,0
88,0,740171,0
97,0,378432,0
97,0,864967,0
80,0,154671,0
84,0,126082,0
80,1,515150,1
89,1,628538,1
99,1,329642,0
100,0,295331,0
89,0,341402,0
82,1,6161,0
84,1,318906,0
100,1,313782,0
95,1,359957,0
98,0,196446,0
95,1,329734,0
87,0,429862,0
80,0,648949,0
90,0,530529,0
100,0,606582,0
89,1,91748,0
90,0,116732,0
92,0,550704,0
81,1,553730,1
90,0,646079,0
82,0,836076,0
84,1,388092,0
96,1,286433,0
90,1,704457,0
88,1,274147,0
99,1,13634,0
80,1,922804,1
86,1,143068,0
100,0,431493,0
92,1,138446,0
81,1,516960,1
100,1,927972,0
92,0,411242,0
89,1,562452,1
90,0,875533,0
93,1,732775,0
90,1,320088,0
99,1,549834,0
84,0,882068,0
100,1,294517,0
91,0,623490,0
98,1,555840,0
81,0,910015,0
93,0,951198,0
85,0,270835,0
100,1,813551,0
99,1,155970,0
89,0,280159,0
84,0,145579,0
80,0,454186,0
97,1,20220,0
86,0,521805,0
92,0,609646,0
88,1,225569,0
84,1,705753,1
90,1,612143,0
99,0,954697,0
90,0,335870,0
81,1,414857,0
97,1,654022,0
88,1,246439,0
86,1,711545,1
80,0,230038,0
97,0,525122,0
83,1,847879,1
81,0,242401,0
80,1,410042,0
89,0,980870,0
96,0,792860,0
86,1,387156,0
80,1,214958,0
87,1,228738,0
81,1,302750,0
81,1,272204,0
96,1,202418,0
99,1,592529,0
87,0,1914,0
86,1,433361,0
86,0,257438,0
95,1,468890,0
95,0,364001,0
100,0,12810,0
82,1,295529,0
99,0,158081,0
80,1,372190,0
100,1,11100,0
92,1,365371,0
99,1,328761,0
90,1,284168,0
100,1,670964,0
96,1,868376,0
82,0,378146,0
82,1,876288,1
87,1,967611,1
100,1,713254,0
84,0,559246,0
96,1,797732,0
91,1,888916,0
88,1,231386,0
99,0,549069,0
94,1,929265,0
89,0,221717,0
90,1,953706,0
92,0,437431,0
99,1,874752,0
85,1,722500,1
84,0,72298,0
81,0,272776,0
94,1,651923,0
89,1,11331,0
82,1,134047,0
91,0,828360,0
96,0,448479,0
88,1,917487,1
89,1,265496,0
82,1,531090,1
98,0,980436,0
81,1,483962,0
80,0,909814,0
99,0,610104,0
97,0,360310,0
96,0,551244,0
86,1,107129,0
85,0,863037,0
99,0,508077,0
90,0,277935,0
96,1,174785,0
81,1,714208,1
86,0,887449,0
90,0,820979,0
85,0,941972,0
90,0,735940,0
84,0,796526,0
94,1,360536,0
94,1,927195,0
93,0,744883,0
83,0,388913,0
91,0,103755,0
81,1,833970,1
96,1,824404,0
97,1,233858,0
93,1,407344,0
100,1,837438,0
96,1,949101,0
81,1,988692,1
100,0,824372,0
88,0,406307,0
87,0,421496,0
94,1,723596,0
97,1,230461,0
88,1,39560,0
95,1,290497,0
93,1,221223,0
100,1,486576,0
95,1,461808,0
96,0,477832,0
86,0,152534,0
93,0,640665,0
97,0,387162,0
93,1,415934,0
86,1,912285,1
83,1,340643,0
95,0,905530,0
81,0,183284,0
83,0,389688,0
90,0,655472,0
100,0,247968,0
100,0,218200,0
83,0,389205,0
83,0,958324,0
84,1,860997,1
97,0,521651,0
83,1,506249,1
96,1,99415,0
85,1,995554,1
91,0,205427,0
98,1,129829,0
99,1,792683,0
96,0,968621,0
100,0,49601,0
81,1,668910,1
93,1,746038,0
86,0,838151,0
93,1,575421,0
89,0,813346,0
98,0,361094,0
100,0,134250,0
89,1,793496,1
94,0,796766,0
93,0,183183,0
97,0,86643,0
97,1,382718,0
83,1,420785,0
80,1,762022,1
84,1,951515,1
100,0,566269,0
92,0,868317,0
91,1,817776,0
84,1,312426,0
83,1,289097,0
89,0,815047,0
91,1,722392,0
96,1,209069,0
82,0,50202,0
98,1,633780,0
81,0,919805,0
87,0,568193,0
84,0,450039,0
86,1,792179,1
91,0,132129,0
95,1,773048,0
96,1,628810,0
87,0,813373,0
89,1,649988,1
80,1,735041,1
99,1,131932,0
96,1,6154,0
87,1,13123,0
100,0,815567,0
87,1,629853,1
98,1,272227,0
83,1,7861,0
90,0,187180,0
94,0,863778,0
92,1,539039,0
94,0,80713,0
97,0,543582,0
95,1,778451,0
84,0,161441,0
89,1,22472,0
94,0,836580,0
87,0,469574,0
84,1,992267,1
100,1,555952,0
84,1,676488,1
97,1,654810,0
85,0,621406,0
91,1,422140,0
89,1,925134,1
83,1,399126,0
97,1,156048,0
99,0,326907,0
100,0,303089,0
91,0,564555,0
94,0,195829,0
100,0,110446,0
88,1,836295,1
82,0,403240,0
91,1,47411,0
100,1,926353,0
93,0,848871,0
87,1,908577,1
94,1,824099,0
92,0,468193,0
85,0,128044,0
91,1,313797,0
100,1,205067,0
80,0,224531,0
98,0,698389,0
89,0,427234,0
92,0,855620,0
85,1,830749,1
99,0,976201,0
92,0,584341,0
100,1,305636,0
88,0,379932,0
90,1,675273,0
99,1,733563,0
90,1,577194,0
95,0,780380,0
93,1,986859,0
94,0,76125,0
92,0,444876,0
94,0,894977,0
96,0,483697,0
85,0,599242,0
80,0,830604,0
96,0,175724,0
94,0,457939,0
88,0,464893,0
98,0,649919,0
88,0,207334,0
80,0,226454,0
97,0,580966,0
80,1,907823,1
88,1,24407,0
83,1,331260,0
90,0,676125,0
88,0,409601,0
90,0,348989,0
86,1,426511,0
91,1,495601,0
96,1,509135,0
83,1,332906,0
95,0,563855,0
96,1,616766,0
96,1,891566,0
95,1,518237,0
97,0,979874,0
83,0,794744,0
85,0,921564,0
80,0,714098,0
97,1,839617,0
81,0,86567,0
87,1,510129,1
92,1,540055,0
91,0,634933,0
81,1,252422,0
86,1,232222,0
100,1,467017,0
90,0,716010,0
88,1,9107,0
94,1,699916,0
88,1,920276,1
83,0,92857,0
94,1,780496,0
92,0,301552,0
100,1,894136,0
98,1,674235,0
83,0,901202,0
80,0,525379,0
83,0,555300,0
88,0,607018,0
100,0,828943,0
97,1,92360,0
88,0,963977,0
97,0,674127,0
87,0,408211,0
82,0,717175,0
81,1,496827,0
85,0,216227,0
95,0,964561,0
94,0,425612,0
90,0,463038,0
80,1,57725,0
97,0,513753,0
98,0,121349,0
83,0,46454,0
81,1,792591,1
88,1,704546,1
98,0,138722,0
80,0,748989,0
92,0,753623,0
87,0,383036,0
94,1,718367,0
89,0,544243,0
93,0,450779,0
91,0,289216,0
91,1,887413,0
93,0,791348,0
86,0,512410,0
89,0,480661,0
86,1,432101,0
95,0,530239,0
100,1,985736,0
88,1,392450,0
82,1,691856,1
99,1,774012,0
100,0,214979,0
98,0,421011,0
83,0,605586,0
93,1,987548,0
84,0,744031,0
84,1,361934,0
98,0,630817,0
86,0,229612,0
100,0,829252,0
87,1,33374,0
83,1,340103,0
81,1,130421,0
91,0,428092,0
85,0,94659,0
87,1,687030,1
84,0,263254,0
100,0,796011,0
89,1,814747,1
99,0,219563,0
84,1,125180,0
98,1,783289,0
92,1,626955,0
86,1,548913,1
85,0,124124,0
97,0,57555,0
84,1,630574,1
83,1,63417,0
86,1,47080,0
96,0,149313,0
97,1,867194,0
80,1,85845,0
92,0,850933,0
100,1,291218,0
85,0,37045,0
98,0,197488,0
96,1,172419,0
85,0,949969,0
99,0,967640,0
90,0,841091,0
86,0,46154,0
99,1,372062,0
88,1,823833,1
86,1,955018,1
100,0,679048,0
96,0,611713,0
81,0,133112,0
87,1,985929,1
92,0,405292,0
98,1,215109,0
100,0,944725,0
87,1,624477,1
85,0,161872,0
95,0,585069,0
86,0,836036,0
91,1,87332,0
97,1,682260,0
84,1,338998,0
97,1,453601,0
92,0,794644,0
93,1,459381,0
93,0,887625,0
98,1,240437,0
92,0,406506,0
86,0,176589,0
85,1,350840,0
89,0,224926,0
100,0,989450,0
89,0,536864,0
95,0,690244,0
94,1,248658,0
87,1,697041,1
95,0,414019,0
85,0,694064,0
89,0,414974,0
84,1,247644,0
82,0,43416,0
96,1,760467,0
94,0,731547,0
84,0,426371,0
88,0,583252,0
89,0,581379,0
86,1,48098,0
87,0,320419,0
82,1,922794,1
90,0,973102,0
91,1,373779,0
86,1,968501,1
83,0,283357,0
99,0,26611,0
90,0,89998,0
92,0,864463,0
95,1,746591,0
94,0,542949,0
85,1,411705,0
91,1,160227,0
98,1,696774,0
89,1,381469,0
91,1,198089,0
87,0,500369,0
81,0,559547,0
86,0,474979,0
85,0,708941,0
98,0,481101,0
98,1,650643,0
88,1,888802,1
88,1,970830,1
85,1,990507,1
83,0,888040,0
81,1,180880,0
87,1,328399,0
91,1,356762,0
81,0,725254,0
100,0,982062,0
82,1,149722,0
81,0,490486,0
99,0,235073,0
92,0,563024,0
96,1,660890,0
83,0,898814,0
81,1,244906,0
83,1,45205,0
94,0,925943,0
97,1,526179,0
83,0,310481,0
99,1,706469,0
100,0,661635,0
86,0,245653,0
83,1,189068,0
91,0,656875,0
91,0,27152,0
98,1,143107,0
92,0,496673,0
84,1,226953,0
95,1,577476,0
88,1,784162,1
94,0,139415,0
82,0,157277,0
99,1,129114,0
88,1,857035,1
86,0,236496,0
99,1,210231,0
92,0,664028,0
93,0,873559,0
89,0,867443,0
99,0,775359,0
80,1,950008,1
96,0,823283,0
96,1,887661,0
86,0,702540,0
90,1,543160,0
81,1,155718,0
99,0,417047,0
93,1,454849,0
97,0,300334,0
81,0,197509,0
86,1,190882,0
93,1,941318,0
91,1,855793,0
98,0,231273,0
88,1,926745,1
96,1,800478,0
83,0,539932,0
96,1,87450,0
85,1,503308,1
84,0,349035,0
94,0,888472,0
82,0,646691,0
90,0,148896,0
89,0,655402,0
85,1,650914,1
91,0,991132,0
100,1,630644,0
80,0,759658,0
91,0,772499,0
87,0,351625,0
96,1,543192,0
99,1,207805,0
94,1,407243,0
83,0,130883,0
100,1,170209,0
85,0,375844,0
81,0,48706,0
83,0,884573,0
85,0,671737,0
100,0,868062,0
92,0,803695,0
80,0,108857,0
88,0,977341,0
92,0,334643,0
92,0,308189,0
99,0,539836,0
92,1,818464,0
87,0,531796,0
91,0,202176,0
92,0,422177,0
96,0,380910,0
97,1,173433,0
94,0,49645,0
96,0,261732,0
97,1,361124,0
99,1,831734,0
95,1,352508,0
83,1,250054,0
80,1,749999,1
98,0,709271,0
82,1,780427,1
81,0,412762,0
100,0,10576,0
97,0,730625,0
87,1,559934,1
83,1,158086,0
82,1,253958,0
93,0,793519,0
98,0,869165,0
87,1,583145,1
81,0,255304,0
98,1,226368,0
88,0,635530,0
91,1,593263,0
85,1,315368,0
84,1,974418,1
94,0,219733,0
91,1,632585,0
94,1,907267,0
88,0,515790,0
84,1,810386,1
94,1,596851,0
86,1,780325,1
92,0,713992,0
89,1,513322,1
91,0,742520,0
93,0,563400,0
100,1,51268,0
85,0,201137,0
81,1,758909,1
99,1,151218,0
82,0,391726,0
94,1,655644,0
87,1,737818,1
85,0,895933,0
84,0,390691,0
96,0,812437,0
81,0,750066,0
87,1,707139,1
88,1,475625,0
87,0,418672,0
95,1,224928,0
92,0,60419,0
85,0,359531,0
96,0,566885,0
83,1,247511,0
87,1,893222,1
100,0,874802,0
85,1,257015,0
93,0,541445,0
95,0,506280,0
89,0,374326,0
97,0,379129,0
98,0,914172,0
98,0,434644,0
88,0,413227,0
80,1,17847,0
83,0,69258,0
93,1,657616,0
82,1,919328,1
94,1,413529,0
87,1,696601,1
81,0,82817,0
100,1,937127,0
94,1,144935,0
95,0,732980,0
83,1,792263,1
87,1,334180,0
97,0,816763,0
81,1,715695,1
89,1,657406,1
96,1,933841,0
85,1,720726,1
84,0,423711,0
93,0,512224,0
92,1,209986,0
94,1,759872,0
86,0,199603,0
88,1,810218,1
91,0,264884,0
96,0,886285,0
92,0,998194,0
89,0,144895,0
92,0,853105,0
89,1,523898,1
99,0,792632,0
82,0,996806,0
82,0,589254,0
81,1,877924,1
99,1,173379,0
89,0,961090,0
90,1,87111,0
90,0,868037,0
84,1,980004,1
97,1,817049,0
82,1,464380,0
87,0,237624,0
94,1,623004,0
86,0,738510,0
81,1,841676,1
94,1,414634,0
86,1,443243,0
81,1,82942,0
85,1,164526,0
83,1,724738,1
81,0,199539,0
98,1,942051,0
98,0,902362,0
81,1,823457,1
95,0,309317,0
90,0,667324,0
88,1,465008,0
84,1,366014,0
97,1,883439,0
93,0,491945,0
81,1,958603,1
89,0,776750,0
86,0,484419,0
86,0,78204,0
83,1,545184,1
89,1,441781,0
82,1,420487,0
99,0,279107,0
95,0,948204,0
100,0,16621,0
96,1,938805,0
98,0,644893,0
87,1,408886,0
91,1,475929,0
93,1,828955,0
100,0,773318,0
95,1,548767,0
98,1,391293,0
81,0,742885,0
91,0,379293,0
80,0,537151,0
96,0,765574,0
84,1,523803,1
99,0,364691,0
89,0,198513,0
89,1,56680,0
100,0,53349,0
90,0,904569,0
93,1,911528,0
87,0,190956,0
100,0,588890,0
85,1,54855,0
96,1,724680,0
97,1,147740,0
99,0,840607,0
90,1,246126,0
85,0,111856,0
84,0,417696,0
95,0,736569,0
92,0,507005,0
96,0,597908,0
82,1,224841,0
98,1,893316,0
93,1,636901,0
100,1,6936,0
94,0,228153,0
99,1,913445,0
81,1,951334,1
81,0,67659,0
85,0,117644,0
91,0,666124,0
92,1,358393,0
84,1,940436,1
100,0,838985,0
86,1,188413,0
100,1,559248,0
100,0,826987,0
93,0,185209,0
81,1,380733,0
92,0,511764,0
80,1,637604,1
89,0,869045,0
90,0,556249,0
99,1,682005,0
95,1,292369,0
89,1,293458,0
96,0,668344,0
88,0,315005,0
80,0,42530,0
85,1,148938,0
84,0,367528,0
94,1,769569,0
81,0,541000,0
97,0,842518,0
92,1,836097,0
91,0,18236,0
84,1,907421,1
98,0,138733,0
91,1,157737,0
91,0,719634,0
83,0,209784,0
85,1,708216,1
87,0,543620,0
86,0,10110,0
92,1,128831,0
88,1,809028,1
84,1,451631,0
97,1,24455,0
92,0,773432,0
98,1,205301,0
90,0,431121,0
88,0,678257,0
85,0,12116,0
97,0,98911,0
92,0,873779,0
97,0,484380,0
94,0,750664,0
84,1,721781,1
88,0,190808,0
80,1,277545,0
97,1,989244,0
98,0,988456,0
81,0,654188,0
93,0,462380,0
93,0,639548,0
98,1,622931,0
90,1,997270,0
82,1,779596,1
82,0,801177,0
94,1,274910,0
96,0,513808,0
100,1,962067,0
97,1,420040,0
85,0,475887,0
87,1,689246,1
88,1,419028,0
81,0,168612,0
88,0,672893,0
84,0,941257,0
85,0,545894,0
87,1,428128,0
99,1,335627,0
87,0,541268,0
98,1,198437,0
90,0,257271,0
89,0,960472,0
85,1,73363,0
80,0,993484,0
89,0,8778,0
87,1,254745,0
87,0,941090,0
80,0,627324,0
85,1,105755,0
81,0,19331,0
100,0,247522,0
96,0,103661,0
85,1,839123,1
83,0,502174,0
98,0,210423,0
85,1,111334,0
93,1,255346,0
84,0,369442,0
95,0,30279,0
82,0,806437,0
98,0,798032,0
94,0,162065,0
88,1,98671,0
92,0,159933,0
90,0,566209,0
83,0,661164,0
87,1,247333,0
84,0,60434,0
98,0,611876,0
93,1,818789,0
83,0,630173,0
83,0,374873,0
95,0,298426,0
81,1,522966,1
84,0,579173,0
97,1,292617,0
83,1,1242,0
82,0,129038,0
87,1,499307,0
94,1,731794,0
94,1,514208,0
84,1,496077,0
97,0,618037,0
91,0,475520,0
89,1,711701,1
94,1,763118,0
100,0,359911,0
88,0,340034,0
92,1,728151,0
81,0,235111,0
88,0,808744,0
96,1,860163,0
91,1,345326,0
99,1,806919,0
87,1,931373,1
99,1,592124,0
94,1,178227,0
88,1,694215,1
83,0,486670,0
86,0,786452,0
96,0,383331,0
84,1,238544,0
98,1,391552,0
100,1,80652,0
94,0,142574,0
94,0,870640,0
85,0,737076,0
89,1,847460,1
88,1,59414,0
95,0,983828,0
81,1,209642,0
88,0,30559,0
96,0,579384,0
95,0,943337,0
95,1,679194,0
80,1,719914,1
92,1,697756,0
86,1,888201,1
80,1,773526,1
100,1,671237,0
98,1,861063,0
100,0,299957,0
85,0,399545,0
81,0,81445,0
98,1,84249,0
84,0,520807,0
99,1,867656,0
93,1,340086,0
99,0,460853,0
100,0,148748,0
95,0,979972,0
86,0,258730,0
82,1,305825,0
90,0,278112,0
92,1,970642,0
84,0,254257,0
100,1,791804,0
84,0,386694,0
90,0,837533,0
82,0,708227,0
90,0,399801,0
90,1,823542,0
80,1,665173,1
88,0,397134,0
84,1,41386,0
88,1,951686,1
95,0,533832,0
92,1,786719,0
93,0,667099,0
91,0,392926,0
82,1,916065,1
86,1,176910,0
94,0,602210,0
100,1,832984,0
87,0,284025,0
92,1,902724,0
90,0,91360,0
82,1,860465,1
88,1,452202,0
96,0,745358,0
83,0,520240,0
81,1,66103,0
81,1,136248,0
99,1,423493,0
86,0,292677,0
98,0,6206,0
93,0,600115,0
87,1,858011,1
82,1,724352,1
84,0,81217,0
92,0,242970,0
88,1,466062,0
99,0,292645,0
89,1,455813,0
99,0,773122,0
99,1,962734,0
92,1,134112,0
98,1,785630,0
94,1,647132,0
82,0,783745,0
81,1,714537,1
82,0,944076,0
85,1,231916,0
85,1,102181,0
91,0,910725,0
90,0,304399,0
83,1,899018,1
99,1,504919,0
86,1,230317,0
84,0,983111,0
98,1,952496,0
98,1,19789,0
89,1,299839,0
89,1,54080,0
83,1,486032,0
96,0,741922,0
87,0,796299,0
81,1,426580,0
88,0,883163,0
86,0,217790,0
97,1,769952,0
92,1,785429,0
91,0,416131,0
81,0,96961,0
89,0,409585,0
84,0,99418,0
93,1,876767,0
94,1,112004,0
93,0,460534,0
98,0,464618,0
86,0,742137,0
86,0,988347,0
98,0,848099,0
92,0,887548,0
93,1,46026,0
88,0,151431,0
80,0,958760,0
80,0,668977,0
93,0,198503,0
98,1,137678,0
87,1,885768,1
83,1,316723,0
95,0,935758,0
88,1,450972,0
88,0,101627,0
100,0,64725,0
99,1,166341,0
99,1,85651,0
97,0,646952,0
81,1,27683,0
89,1,419537,0
87,0,698318,0
89,0,741839,0
83,1,265653,0
81,0,28881,0
97,1,923995,0
87,1,631661,1
82,0,854230,0
81,1,492246,0
100,1,578682,0
88,0,919092,0
90,1,215195,0
98,1,499601,0
89,0,296622,0
94,1,740938,0
94,0,620289,0
91,0,785880,0
90,1,685524,0
80,1,165616,0
83,1,803596,1
90,0,495772,0
84,0,541504,0
82,0,932559,0
88,0,459584,0
95,1,191944,0
84,1,6718,0
88,1,253223,0
82,1,90799,0
92,1,383350,0
100,1,910425,0
88,1,753815,1
98,0,856075,0
86,1,147624,0
82,1,500464,1
83,1,536861,1
97,1,7153,0
90,1,450586,0
92,0,882710,0
86,0,917409,0
82,1,368567,0
90,0,297954,0
98,0,776965,0
90,0,392855,0
86,1,575538,1
90,0,958851,0
98,1,838219,0
92,0,944100,0
81,1,35582,0
82,1,896267,1
83,1,583315,1
82,1,912101,1
80,1,42096,0
98,0,525085,0
90,0,29482,0
89,1,29801,0
85,0,657642,0
80,1,826030,1
83,1,625825,1
80,0,409012,0
93,1,57381,0
98,1,358860,0
80,0,970170,0
90,0,532221,0
81,0,210541,0
90,0,554214,0
84,0,470846,0
90,1,694669,0
89,1,975797,1
85,1,89680,0
96,1,319652,0
95,1,226393,0
97,0,152216,0
91,1,421013,0
85,0,498467,0
81,1,628047,1
95,1,841189,0
86,0,437520,0
100,1,189451,0
94,1,737847,0
93,1,352129,0
89,1,235304,0
81,0,74337,0
91,0,314837,0
88,1,758953,1
90,0,361160,0
95,1,735825,0
81,0,470720,0
81,1,356642,0
87,1,567468,1
92,0,300709,0
87,1,286407,0
83,0,829212,0
84,1,516952,1
96,1,340416,0
90,1,219309,0
80,1,465410,0
94,1,771144,0
81,1,264097,0
95,1,791219,0
80,1,399617,0
91,1,523222,0
92,0,652257,0
82,0,4480,0
91,0,633103,0
94,0,419895,0
86,1,305113,0
87,1,923969,1
91,1,927721,0
88,1,632922,1
87,0,166526,0
85,1,917279,1
87,0,733979,0
98,1,259964,0
95,0,660,0
96,0,906066,0
87,1,421362,0
99,0,439662,0
92,1,27419,0
91,0,721028,0
80,1,849065,1
80,1,436945,0
85,1,407483,0
98,0,373478,0
98,1,66365,0
83,1,163253,0
97,0,975797,0
96,0,942505,0
98,1,947665,0
96,0,421324,0
84,1,196137,0
93,1,593285,0
94,1,753519,0
94,1,955665,0
87,1,567300,1
93,0,277000,0
95,1,155473,0
82,1,745316,1
93,1,918894,0
93,0,751069,0
93,0,210710,0
91,1,857057,0
97,1,338954,0
90,1,730229,0
88,0,488536,0
81,1,517139,1
82,1,931471,1
86,1,271351,0
87,0,319044,0
91,0,88393,0
84,0,506341,0
94,0,689730,0
87,1,905535,1
88,0,921015,0
92,0,517461,0
84,1,154282,0
80,0,24295,0
91,1,579442,0
90,1,21697,0
81,1,450580,0
93,1,954777,0
85,1,12790,0
83,1,154282,0
80,1,860788,1
86,0,308304,0
85,1,543835,1
88,1,82075,0
83,0,279149,0
99,0,347533,0
90,0,96649,0
90,1,807899,0
90,1,569999,0
87,0,502103,0
97,0,912996,0
93,0,888999,0
89,0,376224,0
83,0,939690,0
88,1,500397,1
83,1,285508,0
83,0,365066,0
83,1,548900,1
94,1,77771,0
95,1,400212,0
98,1,911247,0
95,1,694290,0
95,0,468203,0
96,0,702568,0
95,1,705429,0
94,0,724039,0
92,1,192466,0
81,1,931832,1
85,0,806921,0
86,1,108492,0
95,0,958067,0
81,1,379735,0
81,0,557412,0
92,0,527056,0
92,0,649554,0
85,1,768603,1
91,0,577056,0
92,1,157783,0
95,0,38810,0
94,0,609616,0
92,0,223490,0
92,0,722973,0
84,0,609624,0
87,0,377048,0
82,0,88490,0
80,1,984376,1
85,1,488184,0
94,0,773646,0
92,1,950084,0
88,0,770710,0
81,1,758349,1
82,0,622304,0
94,1,958093,0
88,1,806057,1
97,1,536651,0
90,0,372213,0
98,1,652532,0
92,0,391847,0
85,0,709843,0
89,0,332763,0
89,0,483008,0
90,1,347792,0
88,1,503925,1
83,1,111943,0
99,0,390969,0
82,1,135466,0
93,0,3249,0
80,0,22294,0
98,1,242386,0
96,0,857232,0
93,0,549924,0
83,0,845014,0
99,0,427173,0
84,0,898612,0
98,0,409735,0
86,1,729170,1
85,1,851423,1
91,0,976501,0
90,0,423334,0
84,1,137924,0
89,0,18482,0
95,0,578373,0
97,0,758061,0
90,0,522220,0
94,1,658346,0
93,1,208769,0
92,1,66151,0
91,1,904887,0
84,0,226288,0
83,1,213950,0
95,1,300920,0
85,1,51120,0
87,0,48763,0
81,1,325462,0
82,0,517018,0
81,0,505822,0
94,1,285175,0
98,1,905935,0
89,0,580491,0
86,0,708865,0
97,1,409689,0
87,1,711787,1
92,1,169317,0
86,1,867042,1
91,0,62838,0
89,1,448061,0
85,1,347338,0
96,0,195967,0
92,0,218551,0
81,1,355,0
96,1,796401,0
93,1,708856,0
89,0,976680,0
91,0,708862,0
82,1,371265,0
92,0,810131,0
88,1,495388,0
85,0,557043,0
94,0,999243,0
89,0,797436,0
92,1,917421,0
93,1,896045,0
85,0,547791,0
95,0,444456,0
92,0,148613,0
91,0,639991,0
93,0,292965,0
87,1,594453,1
84,1,711494,1
98,1,91284,0
93,1,492837,0
90,0,211275,0
87,0,159408,0
95,1,538596,0
82,0,974035,0
95,1,537633,0
100,0,978428,0
100,1,440408,0
90,0,501909,0
87,1,437326,0
90,0,623124,0
82,1,179565,0
93,0,533691,0
81,0,938238,0
86,0,403733,0
86,1,422421,0
87,1,654246,1
82,1,142631,0
89,1,380203,0
92,0,155459,0
98,0,692255,0
91,1,164416,0
93,1,674646,0
100,0,533894,0
97,1,747927,0
84,0,272472,0
88,0,586291,0
85,1,960612,1
97,1,44401,0
90,0,901851,0
100,1,453563,0
96,0,182329,0
89,0,426098,0
96,0,90037,0
82,1,153964,0
89,0,137407,0
93,0,292518,0
81,0,835350,0
96,1,858070,0
100,0,788966,0
97,0,695517,0
98,1,307776,0
80,1,309882,0
88,1,106579,0
99,1,244845,0
100,0,477524,0
100,1,200438,0
83,0,629529,0
81,1,64791,0
86,0,730046,0
84,1,358164,0
91,0,607400,0
93,1,947316,0
86,0,955337,0
82,0,932217,0
91,0,913289,0
99,0,596630,0
85,0,455842,0
96,0,97684,0
90,0,109887,0
94,0,557253,0
82,1,707546,1
96,0,819186,0
92,1,351904,0
94,0,628481,0
92,0,793537,0
81,0,463086,0
92,1,375485,0
83,1,782690,1
91,0,64811,0
81,0,120975,0
83,0,999928,0
95,1,994523,0
87,1,592505,1
84,1,35167,0
95,1,696417,0
86,1,173388,0
100,1,689954,0
87,1,255294,0
92,1,954494,0
85,0,105190,0
87,0,807906,0
87,1,567273,1
92,1,434672,0
89,1,434121,0
84,0,591624,0
92,1,452879,0
98,1,564545,0
89,0,94198,0
82,0,455695,0
92,1,974741,0
84,0,193639,0
90,1,389995,0
80,0,636783,0
96,0,323769,0
89,0,67475,0
89,0,978709,0
95,1,931623,0
91,1,754709,0
88,0,898932,0
98,1,853729,0
83,0,655553,0
99,1,395683,0
92,1,325923,0
85,0,801520,0
81,1,669745,1
98,0,545432,0
96,0,928937,0
98,0,459043,0
99,1,375908,0
90,0,259757,0
99,1,147580,0
80,0,682218,0
85,1,835139,1
94,0,494974,0
84,1,168790,0
91,1,569345,0
99,0,919966,0
92,0,906515,0
89,1,647982,1
84,1,196974,0
87,1,904095,1
82,0,537223,0
96,0,173288,0
87,0,256069,0
95,0,185880,0
92,1,325663,0
93,1,69763,0
87,0,251386,0
97,1,684766,0
81,1,882791,1
90,0,769654,0
82,1,339479,0
99,0,654656,0
93,0,520323,0
94,0,3479,0
92,0,586615,0
93,0,732129,0
93,0,771987,0
100,0,368496,0
86,0,57552,0
85,1,357920,0
98,1,237136,0
89,1,867172,1
81,0,693033,0
95,0,543977,0
80,0,153090,0
92,0,123652,0
98,0,649069,0
97,1,442042,0
80,0,705569,0
96,0,469815,0
95,1,289492,0
94,1,790900,0
90,1,648146,0
99,1,644094,0
90,0,932023,0
86,1,975202,1
90,0,798553,0
85,0,907096,0
84,0,345820,0
98,0,971619,0
94,0,168811,0
84,0,732315,0
84,0,607699,0
99,0,367035,0
94,0,808540,0
84,0,105949,0
85,1,997756,1
85,0,128978,0
88,1,202540,0
84,1,371852,0
89,0,389684,0
99,0,17509,0
80,0,129611,0
94,1,271477,0
97,1,315578,0
80,1,48403,0
82,0,662197,0
83,0,862763,0
86,0,701477,0
87,1,205431,0
98,0,288000,0
99,1,86169,0
80,1,857353,1
98,0,91235,0
100,0,178090,0
84,1,824628,1
90,1,72465,0
96,0,866867,0
83,0,50734,0
86,0,407861,0
90,1,184313,0
81,0,237087,0
85,1,559925,1
100,1,748281,0
89,1,477433,0
91,1,333650,0
84,0,444267,0
93,1,246127,0
80,0,101897,0
89,1,397310,0
96,0,163767,0
80,1,391254,0
83,0,838721,0
91,1,442876,0
80,0,920489,0
89,1,553320,1
84,1,134175,0
99,1,665571,0
85,1,164431,0
96,0,214252,0
91,0,842029,0
92,1,564025,0
85,1,336903,0
87,1,227835,0
99,1,33831,0
91,1,504358,0
84,1,327031,0
92,1,744633,0
86,1,422163,0
88,0,270175,0
99,1,529215,0
80,0,886190,0
91,0,835377,0
81,0,696650,0
85,1,286894,0
94,0,486445,0
82,1,599964,1
96,1,132781,0
81,0,908479,0
100,0,110214,0
80,0,151986,0
87,0,664711,0
91,1,127836,0
88,0,844498,0
83,1,683967,1
82,0,686050,0
94,1,737748,0
97,0,804584,0
92,1,154951,0
83,0,387995,0
98,1,485437,0
89,0,742954,0
80,1,895947,1
94,0,300230,0
97,0,285598,0
92,1,759410,0
82,1,152482,0
80,1,427310,0
87,0,159279,0
82,0,310895,0
98,1,794210,0
97,1,596953,0
90,1,264572,0
86,0,419812,0
99,1,159823,0
82,0,780503,0
100,1,465332,0
80,0,413216,0
82,0,218227,0
89,1,138200,0
96,1,744229,0
88,1,638321,1
96,0,21294,0
95,1,938394,0
98,0,19530,0
98,0,317625,0
80,0,303918,0
90,0,50575,0
85,0,254569,0
81,1,164773,0
80,0,657235,0
97,1,400196,0
98,0,506386,0
90,0,642701,0
81,1,166836,0
100,0,716562,0
85,0,729237,0
83,0,833439,0
100,1,777397,0
85,0,883420,0
84,0,813801,0
86,1,125388,0
97,1,758133,0
80,1,653116,1
86,0,951553,0
99,0,503484,0
87,0,521812,0
96,0,163006,0
100,0,749832,0
85,0,497937,0
96,1,74661,0
84,0,961437,0
97,0,976415,0
100,1,759460,0
89,0,378329,0
89,0,242726,0
96,1,446838,0
97,0,40808,0
92,1,170322,0
99,0,90477,0
90,1,276566,0
91,0,552504,0
84,0,849890,0
92,0,648022,0
85,1,828864,1
96,1,701143,0
88,0,345967,0
81,1,99786,0
98,1,234681,0
90,1,270149,0
91,1,329798,0
82,1,980339,1
86,0,989568,0
100,0,63356,0
97,0,441526,0
95,0,827171,0
87,0,990757,0
93,0,455961,0
85,0,254370,0
88,1,841215,1
85,1,273573,0
92,0,138441,0
80,1,197986,0
80,1,941683,1
89,0,63047,0
90,1,897414,0
93,0,150686,0
92,0,308039,0
95,0,857428,0
100,0,535451,0
86,1,44059,0
95,0,394445,0
95,1,692904,0
85,0,768745,0
84,0,925313,0
83,1,934146,1
100,0,426609,0
94,0,36160,0
82,1,298324,0
83,0,103640,0
82,0,962723,0
86,1,105203,0
87,0,723225,0
86,0,764164,0
90,0,440212,0
83,1,653460,1
80,1,428376,0
98,0,318992,0
99,1,509684,0
82,1,796696,1
88,1,242031,0
81,0,910320,0
87,1,393396,0
97,1,766148,0
97,1,601673,0
99,1,359213,0
81,0,984142,0
87,1,786377,1
81,0,470736,0
88,1,402103,0
99,0,738179,0
85,1,845688,1
95,0,665367,0
89,0,994292,0
99,1,227555,0
96,0,275059,0
88,0,366620,0
91,1,554155,0
88,0,991200,0
85,1,562671,1
86,0,915775,0
97,1,765792,0
90,0,713550,0
83,0,904388,0
96,0,727505,0
90,1,316621,0
87,1,972905,1
90,1,955507,0
90,0,856600,0
91,0,754866,0
96,1,301205,0
92,0,83179,0
92,0,67893,0
88,1,765279,1
99,0,715938,0
92,0,659532,0
96,0,149435,0
80,0,301443,0
90,1,712840,0
92,0,123245,0
100,0,942851,0
96,1,546873,0
83,1,88914,0
93,0,193238,0
88,1,232346,0
81,0,44893,0
99,0,742883,0
84,0,142232,0
83,0,948796,0
80,0,67048,0
86,0,504838,0
97,0,751830,0
86,0,212902,0
90,0,519803,0
99,0,855677,0
85,0,860332,0
80,1,882030,1
92,1,885811,0
90,0,620564,0
96,1,369258,0
97,0,946422,0
92,1,127001,0
94,0,927030,0
100,0,389320,0
100,1,231609,0
83,1,387320,0
94,1,877066,0
89,1,547862,1
80,1,119152,0
88,1,696786,1
97,0,619660,0
100,0,337489,0
93,0,180269,0
97,0,787359,0
99,0,231459,0
97,1,946816,0
95,0,842179,0
84,1,946450,1
93,0,745405,0
86,1,937253,1
83,1,764520,1
95,1,600348,0
90,0,23504,0
88,0,165335,0
93,1,556321,0
86,0,57419,0
89,1,566475,1
92,0,7468,0
84,0,478653,0
88,1,11304,0
85,1,212404,0
96,0,838735,0
93,0,631525,0
96,1,836274,0
90,1,369770,0
84,1,148389,0
95,1,675988,0
95,1,668817,0
95,0,716728,0
90,1,642097,0
97,1,956656,0
100,0,607117,0
98,1,414260,0
89,0,451349,0
98,0,616500,0
97,0,957304,0
100,0,544890,0
80,1,36536,0
90,0,955340,0
86,1,912979,1
81,1,475022,0
95,1,301664,0
95,1,883863,0
85,1,407668,0
88,1,383646,0
99,1,577046,0
96,1,421726,0
95,1,701732,0
96,0,503442,0
94,1,762063,0
92,0,634669,0
97,1,743214,0
86,1,762674,1
92,0,239378,0
100,1,753992,0
81,0,909254,0
86,1,417489,0
80,0,680265,0
88,0,106343,0
85,1,268439,0
80,0,251231,0
84,1,680697,1
86,1,457029,0
99,1,316226,0
92,1,180302,0
87,1,328114,0
94,1,892658,0
84,0,398960,0
91,1,914354,0
81,0,454174,0
81,0,553311,0
81,0,162384,0
82,0,753681,0
97,0,267778,0
92,0,934323,0
86,0,335316,0
94,1,908413,0
85,1,854507,1
97,0,458454,0
88,1,843668,1
91,0,70299,0
93,1,876475,0
92,1,803848,0
94,1,623295,0
89,0,281816,0
94,1,128688,0
95,1,767458,0
99,1,50387,0
85,0,90577,0
97,0,2904,0
97,0,437468,0
85,0,833507,0
88,1,670137,1
80,0,912407,0
91,0,10284,0
96,0,175764,0
97,1,375727,0
93,0,713363,0
100,1,467510,0
96,0,743319,0
99,0,244688,0
80,0,661155,0
92,1,128543,0
93,0,550546,0
98,1,284398,0
82,0,605932,0
82,1,613086,1
80,1,467799,0
93,0,723356,0
92,0,411211,0
84,1,862904,1
81,1,195725,0
93,1,750366,0
83,1,256385,0
89,0,553483,0
99,1,307379,0
93,1,156246,0
87,1,753394,1
80,0,348935,0
94,0,56834,0
99,1,866109,0
89,1,729254,1
86,1,672006,1
86,0,500495,0
81,1,312588,0
87,1,777116,1
87,0,633056,0
85,0,516630,0
82,0,169756,0
86,0,358720,0
86,0,416436,0
98,1,724317,0
98,1,233271,0
90,1,376440,0
82,1,82415,0
84,1,392371,0
94,1,994474,0
83,1,829788,1
92,0,756862,0
93,0,934710,0
92,0,756326,0
94,1,420078,0
96,1,294012,0
96,0,836025,0
97,0,20657,0
87,0,492180,0
83,1,961918,1
99,0,188256,0
93,0,702055,0
99,0,628935,0
90,0,333993,0
95,0,581925,0
92,1,109500,0
86,0,447948,0
92,1,488754,0
92,0,848407,0
91,1,491173,0
90,0,911436,0
99,1,93609,0
95,1,289215,0
89,1,349950,0
99,0,92995,0
88,0,197431,0
95,0,588183,0
87,0,475939,0
99,1,237886,0
84,1,260832,0
97,0,760536,0
99,0,493397,0
99,1,9193,0
94,0,34317,0
81,1,931701,1
87,1,264405,0
86,1,210356,0
85,1,379148,0
90,0,733262,0
98,0,328296,0
87,1,694459,1
89,1,340402,0
86,1,921665,1
99,0,404158,0
98,0,699804,0
85,1,276329,0
89,0,51583,0
93,1,671185,0
92,0,958388,0
90,1,338263,0
99,0,161504,0
90,1,160143,0
90,1,400513,0
100,0,887573,0
84,0,746864,0
94,0,329753,0
85,0,51826,0
89,0,25608,0
80,1,853163,1
88,0,892901,0
95,1,521144,0
80,1,84928,0
86,0,79370,0
84,0,436461,0
89,1,334459,0
84,0,569623,0
95,1,783022,0
89,1,763709,1
95,1,87682,0
85,0,59946,0
91,1,121218,0
91,1,981520,0
91,0,744637,0
85,1,736145,1
100,0,677389,0
88,0,548313,0
100,1,332199,0
98,1,472102,0
96,1,939045,0
93,0,599516,0
83,0,527259,0
97,0,189741,0
96,1,167928,0
84,1,896375,1
95,0,809559,0
80,0,144209,0
95,1,400896,0
93,1,719797,0
85,0,585014,0
96,0,42489,0
85,1,9109,0
98,1,476875,0
88,1,362637,0
83,0,579274,0
89,0,513455,0
84,1,858992,1
95,1,696052,0
89,1,508037,1
94,1,426648,0
80,0,262440,0
99,0,794399,0
92,1,789870,0
97,0,229967,0
99,1,345360,0
92,0,631791,0
98,1,184594,0
80,1,185530,0
89,1,424480,0
95,1,209055,0
83,1,128989,0
87,1,371084,0
96,1,465015,0
83,0,170039,0
89,0,143669,0
100,1,523436,0
86,1,949917,1
91,0,341405,0
83,1,522748,1
94,0,654000,0
87,0,54071,0
80,1,818865,1
84,0,919679,0
94,1,753117,0
97,1,125719,0
85,0,754216,0
90,1,266596,0
85,1,313064,0
83,1,283963,0
87,1,274585,0
85,1,847508,1
87,1,823850,1
83,1,929013,1
83,0,397118,0
86,1,109309,0
98,1,150829,0
81,1,845760,1
94,0,488056,0
81,1,39659,0
91,1,288585,0
83,1,81182,0
85,0,994340,0
82,1,323255,0
84,1,540518,1
82,0,692657,0
87,0,532093,0
86,0,685281,0
82,1,116143,0
94,1,902162,0
80,1,768936,1
89,1,803532,1
93,1,942013,0
100,1,578320,0
100,1,820712,0
90,0,90056,0
87,0,725807,0
80,1,261272,0
100,0,171735,0
97,0,733975,0
86,1,866278,1
80,0,673680,0
92,0,749416,0
86,0,658960,0
80,1,279011,0
81,1,560235,1
93,1,711471,0
87,0,511545,0
87,0,643820,0
100,0,141747,0
95,1,887151,0
99,0,763024,0
90,0,712581,0
80,0,752200,0
96,1,540261,0
97,0,612654,0
96,1,501351,0
81,0,871575,0
85,1,424828,0
89,1,513379,1
95,1,646982,0
90,1,73142,0
83,1,799116,1
85,0,495272,0
83,0,259475,0
95,1,207522,0
86,1,391674,0
82,1,181158,0
85,1,429289,0
81,1,220407,0
94,0,7444,0
99,0,931508,0
90,1,983799,0
84,0,105345,0
81,0,779044,0
81,1,288286,0
93,1,723416,0
89,0,378180,0
85,1,56744,0
97,1,850356,0
92,0,507756,0
84,0,418898,0
95,0,559411,0
88,0,389292,0
99,0,372695,0
89,0,343534,0
93,0,341075,0
91,1,723695,0
93,1,525473,0
87,1,16179,0
96,0,612445,0
92,1,325745,0
86,1,718348,1
86,1,239983,0
81,0,583266,0
92,0,556116,0
98,0,918682,0
95,1,40145,0
92,0,906615,0
85,1,875030,1
84,0,46726,0
83,0,151395,0
94,0,643875,0
97,1,991655,0
87,1,964472,1
88,0,253037,0
87,0,854113,0
86,0,202485,0
94,0,16091,0
94,1,952245,0
80,0,752716,0
93,1,721279,0
93,0,357085,0
93,0,929832,0
82,1,747183,1
97,0,716277,0
85,1,323717,0
94,1,47806,0
99,1,803901,0
96,0,985133,0
98,0,518869,0
91,0,936064,0
90,0,412469,0
88,1,321460,0
88,1,814289,1
90,0,790645,0
86,0,123237,0
89,1,216359,0
94,0,379040,0
90,1,698780,0
91,0,601966,0
99,1,300064,0
97,1,408056,0
95,1,859940,0
92,1,877406,0
93,1,952417,0
81,0,646343,0
97,1,945568,0
96,0,528121,0
86,1,362955,0
86,0,26893,0
84,1,795411,1
86,1,246235,0
84,1,153621,0
88,0,704815,0
100,0,35789,0
96,1,350972,0
93,0,589116,0
89,0,156617,0
94,0,389417,0
82,0,800255,0
96,0,223296,0
94,0,649091,0
87,1,461791,0
90,1,593023,0
100,1,956896,0
88,0,733170,0
90,0,357831,0
87,0,945903,0
100,1,282045,0
100,0,885984,0
85,1,916332,1
81,0,760356,0
95,0,640880,0
83,0,89065,0
97,1,936603,0
87,1,538513,1
91,0,395300,0
100,1,200703,0
92,0,660430,0
99,0,944094,0
93,1,221490,0
82,1,626198,1
88,1,458514,0
96,0,324082,0
82,1,47721,0
93,1,478787,0
92,1,383429,0
89,0,539263,0
89,0,310700,0
86,0,501731,0
94,1,610016,0
98,0,115004,0
92,0,294564,0
95,1,991472,0
88,1,445304,0
100,0,156070,0
87,0,821831,0
82,0,518248,0
86,0,662610,0
82,1,90819,0
80,0,521967,0
86,0,59857,0
92,0,359116,0
89,0,519539,0
85,1,697701,1
98,1,140969,0
96,1,567961,0
99,0,804134,0
98,0,409579,0
94,1,319785,0
93,0,497829,0
81,0,760313,0
86,0,921486,0
97,1,314133,0
96,0,933730,0
91,0,73952,0
95,1,768127,0
92,0,71581,0
100,1,868001,0
95,1,428058,0
91,1,116307,0
89,0,918678,0
84,0,944570,0
97,0,728434,0
85,1,417415,0
87,0,75322,0
94,0,489491,0
82,0,239786,0
86,1,717877,1
94,0,459202,0
90,1,31168,0
81,0,396653,0
98,1,39737,0
86,1,249335,0
87,0,187409,0
82,0,210744,0
92,0,793877,0
89,1,354160,0
94,0,656184,0
83,1,262625,0
81,1,166173,0
84,1,314177,0
97,0,954071,0
81,1,794165,1
95,1,744461,0
96,0,685173,0
86,0,399532,0
95,1,659806,0
83,0,418607,0
94,0,105478,0
96,0,266896,0
81,1,539846,1
95,0,457436,0
84,1,246826,0
87,0,393458,0
100,0,653588,0
92,0,255721,0
96,0,880818,0
92,1,473257,0
93,1,457776,0
97,1,236376,0
92,0,39493,0
99,1,812383,0
95,1,554799,0
80,0,853260,0
99,1,72115,0
94,0,194757,0
85,1,613991,1
99,0,604768,0
88,1,581615,1
91,0,553890,0
92,0,207047,0
91,1,844854,0
93,1,661053,0
85,0,819173,0
96,0,810814,0
96,0,678463,0
87,1,118990,0
82,1,488825,0
90,1,444003,0
95,1,584595,0
85,1,117801,0
86,1,112269,0
87,1,479125,0
100,0,479739,0
97,1,498764,0
90,0,94151,0
100,0,731558,0
84,1,560097,1
88,1,647135,1
98,1,969278,0
84,1,574437,1
91,1,917067,0
92,0,709438,0
98,1,263897,0
99,0,624154,0
91,1,903898,0
89,1,545570,1
99,0,347110,0
89,1,35023,0
88,0,891071,0
80,1,90544,0
83,1,707978,1
88,0,43010,0
90,0,829430,0
91,1,347538,0
95,0,781173,0
95,1,9724,0
99,0,462988,0
84,1,34136,0
100,1,967301,0
88,0,298374,0
99,1,702331,0
81,1,342096,0
96,1,457404,0
98,1,138172,0
88,1,330067,0
83,1,354673,0
99,0,941972,0
89,0,630378,0
100,0,224945,0
100,1,324188,0
92,1,100011,0
80,0,870082,0
90,0,136660,0
95,0,587865,0
94,1,345342,0
95,0,824907,0
82,0,993363,0
92,1,655289,0
96,0,699043,0
84,0,426513,0
96,0,601691,0
96,1,376945,0
92,0,851692,0
84,1,509667,1
92,1,356988,0
95,0,110279,0
80,1,481091,0
88,0,546980,0
95,0,505904,0
89,0,464502,0
90,1,618522,0
98,1,830955,0
95,1,656577,0
81,1,159651,0
87,1,204800,0
88,1,819870,1
89,1,348661,0
83,0,840338,0
95,0,932296,0
99,1,521692,0
84,0,485673,0
89,0,676951,0
86,0,173951,0
95,1,927539,0
100,0,998056,0
80,0,692430,0
91,0,445792,0
86,0,777398,0
95,0,386991,0
96,1,440931,0
83,1,419729,0
93,0,640468,0
80,1,679689,1
89,1,619463,1
99,0,446938,0
92,0,393421,0
82,0,877585,0
95,0,832324,0
89,0,571124,0
82,1,143878,0
83,0,488190,0
80,1,364512,0
93,0,648896,0
83,1,379184,0
99,0,981712,0
82,1,452987,0
83,1,81357,0
89,1,248908,0
85,1,684360,1
83,1,748589,1
94,0,611991,0
88,1,134383,0
91,1,383349,0
94,0,266059,0
91,1,860758,0
89,1,692395,1
88,1,983272,1
90,1,622795,0
93,0,589505,0
82,0,957970,0
100,1,466718,0
82,0,947779,0
85,0,119469,0
93,0,268502,0
88,0,759508,0
97,0,178485,0
82,1,911297,1
99,1,371726,0
94,0,471533,0
97,0,267082,0
82,1,546043,1
88,0,911560,0
82,1,339159,0
81,1,74542,0
82,1,462198,0
80,1,693620,1
83,1,257939,0
100,0,138090,0
91,1,987518,0
100,0,981537,0
99,1,791504,0
91,0,853869,0
83,1,31647,0
80,0,262193,0
83,1,927831,1
82,0,296780,0
84,0,610667,0
95,0,526454,0
81,1,854457,1
89,1,129024,0
88,1,298384,0
89,0,871721,0
98,1,367732,0
100,1,665446,0
98,1,124675,0
88,0,658400,0
91,1,240124,0
97,1,339842,0
98,1,724016,0
82,1,836542,1
98,1,110549,0
82,0,799483,0
86,0,568639,0
97,1,693070,0
95,1,818016,0
92,0,159303,0
98,0,769441,0
81,0,645912,0
87,0,923635,0
82,0,291192,0
81,1,496209,0
82,1,388892,0
92,0,601093,0
99,0,393198,0
99,0,888399,0
91,0,4867,0
94,1,212526,0
90,0,380862,0
92,1,23298,0
97,0,281942,0
84,0,515587,0
82,0,623573,0
90,1,279971,0
97,0,746067,0
96,0,642222,0
93,1,288867,0
89,0,557608,0
82,1,527482,1
95,1,704589,0
98,0,894650,0
94,0,105857,0
100,1,919593,0
93,1,928393,0
98,0,214170,0
100,0,264885,0
91,1,290619,0
87,0,453083,0
90,1,14447,0
99,1,271141,0
88,0,517248,0
87,0,629087,0
85,0,599563,0
92,1,831955,0
89,0,769470,0
80,1,789003,1
97,0,718090,0
81,0,862889,0
97,1,770082,0
80,0,515245,0
86,1,25222,0
99,1,388614,0
94,0,437486,0
84,1,791269,1
88,0,135026,0
97,0,488303,0
84,0,822095,0
92,0,626441,0
92,0,295470,0
99,0,741707,0
90,1,492851,0
91,0,125890,0
82,1,658320,1
87,1,332832,0
88,1,923859,1
84,1,186373,0
85,1,864216,1
88,0,207191,0
89,0,509362,0
92,1,933415,0
93,0,567651,0
83,1,865325,1
90,0,636534,0
92,0,546985,0
86,0,740898,0
88,1,11296,0
90,1,702271,0
85,0,617778,0
100,1,288083,0
97,1,410302,0
97,1,694635,0
87,1,485798,0
81,0,720603,0
90,1,504817,0
86,0,749085,0
86,1,614111,1
83,0,650066,0
83,0,482827,0
86,0,18303,0
95,1,927210,0
83,1,266642,0
90,1,712840,0
80,0,772375,0
89,1,382243,0
90,1,425677,0
88,0,674049,0
99,1,603813,0
94,1,498730,0
89,1,668447,1
90,0,644768,0
100,0,590947,0
88,0,833837,0
85,0,301085,0
99,1,860794,0
81,1,758517,1
93,1,353715,0
88,0,224094,0
87,0,861923,0
89,0,663084,0
93,0,153926,0
100,1,779508,0
99,0,8393,0
93,1,248060,0
94,0,492390,0
97,1,751428,0
86,1,378824,0
99,0,777765,0
97,1,259737,0
85,1,283266,0
89,0,151479,0
99,1,778937,0
97,0,900668,0
99,0,873876,0
95,1,938567,0
88,1,858312,1
95,0,941031,0
82,1,372479,0
84,1,439531,0
90,1,900646,0
83,0,149361,0
100,1,215606,0
90,1,632073,0
81,1,641258,1
89,0,807064,0
87,1,231154,0
88,0,114696,0
96,1,254334,0
94,0,526807,0
96,1,608418,0
89,1,700557,1
94,1,522458,0
88,1,267452,0
90,0,961269,0
97,0,934771,0
95,0,441758,0
96,1,923173,0
86,1,345892,0
99,0,42932,0
92,1,665094,0
85,1,925014,1
87,0,601456,0
84,1,487010,0
94,0,95786,0
94,1,933788,0
80,0,533192,0
93,0,495762,0
80,0,11688,0
81,0,796384,0
94,0,739090,0
81,0,867966,0
90,1,695751,0
80,0,227780,0
83,0,852159,0
100,1,752871,0
90,1,358073,0
86,0,946488,0
96,1,557104,0
81,0,398041,0
81,0,909639,0
93,0,554865,0
96,0,416011,0
80,0,193367,0
83,0,634020,0
90,1,820232,0
93,0,212918,0
82,1,552112,1
92,1,668397,0
83,0,707990,0
94,1,435693,0
98,1,764646,0
94,1,938279,0
89,0,501999,0
84,0,94981,0
93,0,653416,0
99,1,429185,0
82,0,180224,0
91,1,633759,0
86,1,532804,1
87,1,87031,0
93,1,624010,0
85,1,119472,0
86,1,815642,1
86,0,506244,0
92,0,382696,0
82,0,201023,0
82,0,563267,0
99,0,120435,0
81,1,722722,1
83,0,259609,0
95,1,84650,0
100,0,254648,0
100,1,720650,0
91,1,918846,0
91,0,165200,0
86,1,475654,0
82,0,63086,0
80,1,977418,1
97,1,205031,0
97,1,273606,0
80,1,824899,1
85,1,200550,0
81,1,840613,1
100,1,861491,0
88,0,334646,0
100,1,156166,0
95,0,655386,0
89,0,232666,0
98,0,536748,0
90,0,402003,0
99,1,725880,0
100,0,602223,0
84,0,241418,0
88,1,741120,1
81,0,195892,0
90,0,631951,0
93,0,54808,0
87,1,745111,1
97,1,98751,0
84,1,734027,1
94,0,452775,0
89,1,514150,1
88,1,650816,1
99,1,386439,0
82,0,772391,0
94,0,183215,0
82,0,640802,0
90,1,784533,0
100,1,738259,0
89,1,384207,0
97,0,140788,0
97,0,325364,0
86,1,56271,0
97,1,802345,0
89,1,560544,1
87,0,81551,0
81,1,369463,0
97,0,616123,0
99,1,48269,0
85,0,890310,0
80,0,968818,0
82,0,354401,0
84,0,414351,0
80,1,108529,0
86,1,333675,0
92,0,277529,0
97,1,356087,0
96,0,209635,0
96,0,793667,0
80,1,918860,1
96,1,125663,0
100,0,306888,0
84,1,354505,0
90,0,307071,0
94,1,952400,0
100,1,353925,0
82,1,598416,1
83,0,337553,0
95,0,821768,0
96,1,707302,0
81,1,831509,1
86,1,781919,1
87,0,88133,0
81,0,516091,0
85,1,908817,1
94,0,240123,0
86,1,822298,1
84,0,815411,0
82,1,636710,1
91,1,218030,0
84,0,693816,0
89,0,716940,0
86,1,869504,1
80,0,822238,0
93,0,505838,0
99,1,388103,0
80,1,125106,0
94,0,683771,0
84,0,256957,0
81,0,229138,0
98,1,664771,0
81,1,710993,1
88,1,263179,0
98,1,429698,0
95,0,513018,0
89,0,641970,0
100,0,921401,0
80,0,829165,0
80,0,828570,0
92,0,488972,0
99,1,321739,0
88,1,758969,1
100,0,327079,0
86,1,864491,1
88,1,998194,1
91,1,234229,0
80,0,481515,0
83,0,652881,0
89,1,158829,0
95,0,765781,0
90,1,142423,0
86,0,527924,0
88,1,414650,0
92,1,176275,0
90,0,221677,0
98,0,232120,0
81,0,893334,0
88,1,700014,1
86,1,439484,0
96,1,61486,0
87,0,939009,0
97,0,2989,0
99,0,362330,0
83,0,409642,0
95,0,327029,0
82,1,434698,0
94,0,871514,0
90,0,298195,0
86,1,612996,1
96,0,487399,0
92,1,451314,0
89,0,954506,0
99,1,69619,0
80,1,181720,0
98,1,268001,0
89,0,792115,0
89,0,722995,0
92,0,354742,0
91,1,460595,0
84,1,175980,0
91,0,776212,0
82,1,259714,0
83,0,969231,0
84,0,931082,0
95,1,604195,0
85,0,125148,0
84,0,925395,0
85,0,918572,0
85,0,809433,0
96,0,768457,0
100,0,524498,0
89,0,519073,0
92,1,260162,0
97,0,784133,0
82,0,357141,0
95,0,667052,0
80,0,834646,0
87,1,561316,1
89,0,687532,0
94,1,457219,0
80,1,86880,0
87,1,78518,0
82,0,451500,0
86,1,756602,1
86,1,396884,0
95,1,893838,0
94,1,430643,0
93,0,338888,0
94,0,805967,0
100,1,702326,0
91,0,265724,0
93,1,753455,0
86,1,35214,0
91,0,89382,0
98,1,689324,0
92,0,130695,0
100,0,760919,0
100,1,734811,0
92,0,868720,0
94,0,293415,0
83,1,938600,1
95,0,552100,0
83,0,315986,0
91,1,207660,0
94,0,2153,0
94,0,960855,0
81,1,161543,0
85,1,733149,1
96,1,353027,0
84,0,212952,0
97,0,158122,0
83,0,329052,0
82,0,330386,0
84,0,580344,0
80,1,445989,0
81,1,327404,0
83,0,858144,0
85,1,206076,0
82,1,51149,0
98,0,317398,0
81,1,81439,0
91,0,727810,0
92,0,232602,0
83,0,914854,0
82,0,858275,0
94,1,813666,0
94,0,222929,0
100,0,426642,0
80,0,509771,0
98,1,20284,0
88,1,413875,0
99,1,661402,0
92,1,657284,0
87,1,427525,0
89,1,240119,0
98,0,678105,0
96,0,298257,0
92,1,571832,0
84,0,900726,0
89,0,622248,0
83,1,303949,0
92,1,558124,0
80,1,675419,1
82,0,227786,0
86,0,915605,0
82,1,22617,0
88,0,66090,0
94,0,390655,0
81,0,639675,0
100,1,151456,0
96,0,430328,0
100,1,718854,0
90,1,767870,0
82,1,371268,0
80,1,812958,1
89,1,76543,0
96,1,42338,0
91,1,871605,0
100,1,969182,0
94,1,22568,0
100,0,124564,0
80,1,761890,1
92,0,506741,0
81,1,888841,1
89,0,688242,0
92,0,679940,0
87,1,475429,0
97,1,105741,0
94,1,593787,0
92,0,276975,0
93,0,6199,0
99,1,238227,0
100,0,580616,0
99,1,493703,0
83,1,247043,0
83,1,357857,0
98,1,779735,0
82,0,263164,0
97,0,993534,0
93,1,850993,0
97,0,905822,0
92,1,961536,0
80,1,66368,0
94,1,844592,0
80,0,478467,0
95,1,376759,0
96,0,167090,0
85,1,514916,1
100,1,176440,0
85,0,187755,0
93,0,720129,0
100,0,48016,0
80,1,199444,0
93,1,864274,0
100,1,877450,0
85,1,562321,1
100,1,815857,0
100,0,510789,0
85,0,823040,0
86,1,715480,1
98,1,623659,0
96,0,382857,0
94,1,153025,0
97,1,996415,0
92,1,564664,0
93,1,592909,0
93,1,942722,0
88,1,881231,1
81,0,744096,0
86,0,427040,0
80,1,163878,0
92,1,377128,0
85,1,107384,0
83,1,94555,0
80,0,119180,0
96,0,325542,0
93,1,881364,0
91,0,526791,0
91,0,108317,0
85,1,435868,0
90,0,551509,0
96,1,653673,0
93,0,601103,0
85,0,100804,0
83,1,19026,0
87,0,996517,0
91,1,859647,0
81,1,296801,0
83,1,325875,0
84,0,515916,0
87,1,941314,1
92,0,947672,0
100,1,48714,0
83,1,276218,0
90,0,605622,0
91,1,735997,0
86,1,21681,0
93,1,478363,0
93,0,321344,0
97,0,785254,0
94,0,798460,0
93,0,701898,0
92,0,255099,0
85,0,500301,0
84,0,856849,0
94,0,687426,0
82,0,922393,0
87,0,374387,0
89,1,664734,1
89,1,91380,0
81,0,690253,0
94,0,114012,0
95,0,942154,0
89,0,310219,0
98,1,862995,0
89,1,508566,1
89,1,375961,0
95,1,468297,0
98,1,26197,0
82,1,54455,0
91,1,447192,0
81,0,754148,0
99,1,417211,0
89,0,608098,0
91,1,182393,0
81,0,162131,0
95,1,70611,0
94,1,478632,0
97,1,24549,0
86,1,461313,0
87,1,540497,1
99,1,910826,0
90,0,56205,0
93,1,861740,0
91,0,498052,0
87,0,820204,0
99,1,955599,0
96,1,20416,0
80,1,162991,0
84,1,528405,1
80,1,114736,0
93,1,969583,0
92,0,607929,0
81,0,863639,0
89,1,11767,0
98,1,114196,0
96,1,526916,0
90,1,608958,0
84,0,687396,0
92,1,504249,0
97,0,60600,0
87,0,340425,0
85,0,724347,0
89,0,709885,0
90,0,413099,0
95,0,409545,0
82,1,758675,1
97,1,221359,0
94,1,867,0
99,0,772657,0
90,1,569742,0
82,1,270925,0
94,0,307366,0
82,1,242062,0
100,1,320165,0
100,0,104052,0
88,0,706835,0
85,0,516751,0
89,0,848159,0
96,0,861918,0
88,0,806931,0
95,1,211341,0
97,1,513132,0
83,1,635266,1
96,1,246633,0
94,1,103941,0
98,1,422291,0
99,0,479835,0
86,0,433786,0
88,0,994127,0
95,0,584014,0
89,0,633313,0
95,0,92449,0
87,0,101921,0
89,1,127260,0
90,1,474656,0
81,1,214287,0
93,1,777625,0
85,1,386277,0
82,1,67050,0
85,0,156118,0
81,0,128366,0
88,1,278745,0
99,0,692690,0
89,1,455218,0
84,1,98620,0
88,1,244656,0
84,0,327738,0
90,1,687816,0
80,1,534578,1
98,0,953053,0
93,1,92036,0
89,1,260692,0
88,1,854399,1
85,0,870618,0
96,0,419624,0
82,0,490202,0
86,1,743967,1
94,1,791306,0
100,0,589927,0
92,1,375928,0
84,0,741968,0
84,1,279602,0
95,0,286924,0
95,0,364691,0
87,1,824095,1
96,0,865833,0
93,1,454195,0
98,1,860312,0
90,0,215791,0
96,0,334030,0
96,1,832826,0
96,0,449237,0
100,1,344909,0
82,1,113555,0
97,1,705345,0
96,0,997437,0
87,0,544274,0
88,1,296153,0
89,1,620414,1
97,1,310770,0
83,0,220686,0
92,1,593901,0
97,0,630864,0
96,1,11266,0
97,0,408769,0
87,0,581936,0
95,1,183491,0
90,0,893146,0
89,0,217255,0
83,0,719888,0
83,0,834527,0
82,0,149913,0
98,1,89104,0
96,1,649012,0
80,0,114589,0
81,0,856555,0
84,1,874097,1
88,1,754017,1
84,0,590683,0
87,1,165739,0
99,1,138239,0
99,0,496659,0
86,1,892006,1
95,1,253886,0
98,0,227119,0
87,0,693586,0
92,0,93421,0
83,0,650886,0
82,0,606222,0
92,0,951319,0
88,0,83168,0
98,1,46811,0
98,0,703656,0
90,0,26704,0
87,1,467355,0
99,1,753030,0
87,0,272060,0
82,0,397840,0
98,0,541170,0
96,0,812046,0
97,1,217128,0
88,0,966904,0
99,0,990235,0
97,0,195302,0
90,0,317957,0
80,1,829486,1
95,1,992484,0
94,1,913946,0
100,0,15334,0
89,0,974828,0
88,0,583320,0
95,1,46620,0
92,1,949143,0
90,0,451766,0
99,0,697676,0
99,1,320692,0
85,1,61054,0
80,0,552567,0
88,1,993494,1
100,1,983519,0
89,0,163157,0
93,0,65670,0
95,0,981749,0
99,1,242992,0
86,0,53366,0
84,0,345829,0
97,1,980173,0
97,0,42688,0
92,0,502353,0
80,1,633903,1
90,1,700189,0
92,0,675673,0
91,0,185510,0
93,0,560241,0
97,1,919418,0
86,0,475156,0
81,1,666952,1
89,0,401135,0
94,0,558837,0
94,1,63554,0
94,0,492889,0
88,0,148472,0
92,0,647343,0
95,0,561328,0
88,0,768371,0
84,1,592571,1
88,0,551869,0
89,0,862452,0
86,0,903115,0
86,1,79755,0
97,1,118301,0
92,1,976668,0
85,1,13788,0
96,0,841900,0
100,1,860185,0
96,1,618658,0
85,0,475607,0
83,0,961814,0
83,1,231838,0
100,1,59655,0
80,1,623986,1
86,0,127288,0
80,0,599233,0
88,0,948089,0
96,1,81043,0
84,1,731895,1
81,1,840269,1
93,1,518997,0
87,0,772656,0
98,1,898277,0
87,1,558431,1
100,0,697018,0
98,1,825524,0
91,1,251529,0
92,1,840043,0
98,0,451856,0
96,0,915462,0
97,1,824731,0
91,0,16274,0
81,0,33588,0
96,0,496057,0
97,1,903252,0
82,0,877792,0
83,0,169494,0
88,0,199825,0
92,1,925588,0
83,0,919384,0
87,1,317213,0
100,0,687507,0
95,1,332517,0
90,0,593967,0
87,1,567588,1
92,0,102920,0
82,0,535485,0
80,1,683454,1
83,0,487989,0
91,0,715121,0
82,1,247129,0
93,1,326968,0
86,1,997703,1
92,1,150113,0
93,0,434450,0
94,0,953386,0
84,1,499528,0
92,0,767555,0
97,1,50051,0
89,0,640779,0
94,1,561532,0
90,0,198681,0
81,1,807532,1
86,1,137149,0
93,0,20637,0
88,0,872127,0
88,1,499076,0
90,0,670626,0
94,1,818628,0
91,1,672156,0
87,1,38750,0
90,0,636563,0
90,1,476269,0
84,0,786943,0
97,1,574700,0
81,0,254701,0
86,1,749143,1
97,1,691757,0
100,1,16772,0
82,1,601149,1
97,1,357007,0
99,0,58971,0
93,1,604934,0
96,0,640730,0
82,0,676460,0
92,1,471005,0
82,0,722266,0
92,1,856169,0
99,1,386268,0
99,1,981230,0
82,1,171642,0
87,0,350751,0
80,0,340304,0
91,0,644580,0
89,1,375016,0
95,0,302497,0
92,1,361386,0
88,0,893569,0
100,1,558296,0
96,1,702538,0
81,1,710278,1
94,0,240769,0
92,0,782591,0
87,1,527853,1
95,0,50025,0
80,1,212754,0
98,1,8072,0
85,1,447723,0
88,1,413703,0
89,0,797937,0
92,0,216631,0
88,1,547186,1
89,1,628773,1
95,0,170337,0
97,0,694038,0
90,0,682518,0
85,0,895272,0
91,0,413550,0
99,0,835443,0
85,1,79113,0
83,0,675666,0
85,1,638995,1
92,1,704162,0
100,0,663142,0
84,1,324110,0
98,1,114703,0
100,1,871958,0
85,1,391906,0
90,1,295047,0
87,1,153847,0
88,1,837931,1
80,0,809588,0
93,1,567724,0
99,0,184978,0
94,1,888613,0
89,0,995078,0
84,0,526958,0
81,1,311536,0
91,1,551719,0
84,1,639382,1
97,1,889529,0
89,1,284386,0
90,0,51215,0
84,0,747690,0
97,0,622034,0
93,0,920955,0
91,0,40961,0
86,1,175270,0
81,1,639264,1
86,1,725014,1
88,0,144439,0
82,0,772661,0
85,1,246440,0
86,1,239863,0
86,1,523101,1
93,1,234986,0
84,0,169060,0
97,0,9859,0
95,1,593853,0
81,1,372589,0
88,1,577742,1
91,1,375597,0
100,0,599240,0
86,1,385387,0
87,0,631869,0
97,0,610560,0
92,0,89493,0
97,0,514540,0
94,0,205605,0
95,1,219973,0
99,0,672091,0
99,0,219672,0
85,0,887864,0
90,0,330061,0
94,1,14517,0
99,1,216139,0
85,1,359933,0
87,1,551745,1
100,0,81212,0
83,0,219425,0
81,1,840208,1
84,0,197364,0
81,1,599621,1
96,1,578748,0
96,0,491438,0
92,0,516304,0
95,0,239117,0
81,1,652683,1
95,0,814635,0
83,1,885286,1
94,0,754966,0
90,1,527538,0
91,1,164991,0
87,0,283174,0
83,0,175432,0
91,1,482765,0
92,0,657078,0
83,0,787320,0
93,1,520540,0
83,0,953491,0
99,0,497104,0
93,0,788064,0
96,1,767099,0
98,1,668841,0
85,0,49866,0
95,1,106677,0
99,1,358769,0
98,0,236015,0
86,1,766907,1
92,0,532397,0
81,0,877448,0
88,0,542003,0
94,1,834772,0
99,0,606523,0
83,1,227426,0
100,0,632520,0
82,0,358798,0
99,1,905625,0
100,1,227074,0
94,1,7150,0
100,1,746681,0
98,1,475808,0
87,1,629889,1
92,0,322615,0
93,1,198572,0
96,1,479356,0
98,0,678973,0
97,0,507438,0
86,0,269516,0
82,0,855124,0
94,1,78479,0
86,0,976471,0
86,1,326131,0
97,1,30180,0
85,1,974447,1
88,0,34137,0
99,1,114021,0
93,0,293030,0
89,0,465441,0
81,1,983910,1
88,1,192416,0
89,0,343640,0
81,0,509219,0
96,0,188612,0
91,0,893335,0
91,1,591585,0
84,1,225914,0
87,1,451535,0
85,0,840126,0
82,1,222302,0
97,0,317114,0
85,0,935533,0
98,0,30627,0
94,1,211834,0
85,0,218167,0
96,1,697534,0
94,0,110319,0
81,0,79119,0
96,1,334149,0
96,0,705857,0
92,1,281799,0
95,1,845174,0
93,1,631353,0
90,0,220463,0
95,1,261355,0
97,1,626803,0
99,1,297486,0
86,0,124660,0
87,1,653098,1
97,1,917503,0
93,0,317183,0
100,0,114082,0
98,1,211937,0
81,0,892722,0
83,1,2436,0
80,0,387248,0
93,1,972756,0
86,0,134225,0
96,0,915688,0
84,1,982908,1
93,0,892003,0
91,0,401918,0
90,0,459943,0
97,1,13136,0
90,1,264606,0
94,1,831232,0
97,1,168119,0
81,1,397715,0
82,1,504831,1
99,1,832092,0
99,1,118031,0
95,1,326967,0
98,0,80453,0
90,1,625553,0
87,1,202869,0
87,0,366545,0
83,0,29357,0
96,0,496727,0
92,0,610063,0
97,1,45346,0
89,0,907580,0
97,1,643685,0
97,0,975291,0
81,1,255291,0
93,0,104788,0
81,1,514742,1
82,0,290704,0
92,1,151474,0
96,0,927366,0
85,0,656327,0
83,1,469252,0
84,1,927825,1
98,1,858532,0
97,1,357115,0
100,0,697012,0
90,1,714486,0
85,1,773326,1
90,0,680994,0
92,1,13982,0
87,0,462876,0
88,1,239350,0
89,1,617221,1
82,1,450068,0
97,1,374206,0
90,0,372133,0
92,0,67786,0
82,0,635636,0
89,0,237202,0
90,1,221090,0
93,1,26435,0
86,0,964947,0
81,1,39079,0
85,1,491958,0
100,1,794056,0
81,0,111713,0
95,0,336920,0
85,1,728592,1
92,0,689294,0
86,1,88996,0
80,1,917154,1
88,0,59436,0
88,0,513711,0
86,0,298582,0
94,1,323130,0
82,1,667014,1
88,1,574156,1
95,0,581708,0
84,0,752308,0
81,0,550887,0
99,1,54817,0
87,0,382392,0
87,1,20555,0
98,1,627590,0
95,0,789083,0
99,0,120421,0
100,0,813577,0
93,0,71283,0
97,0,774618,0
94,0,448703,0
96,0,580788,0
90,1,626250,0
95,0,32011,0
86,0,602347,0
91,0,646675,0
92,1,714200,0
95,0,322073,0
93,0,13755,0
87,1,15044,0
80,1,916213,1
85,0,965307,0
86,1,544136,1
83,1,499654,0
99,0,764186,0
83,1,926164,1
96,1,343170,0
100,0,991748,0
83,1,757767,1
81,0,330637,0
95,0,935710,0
84,1,403345,0
88,0,898325,0
90,1,397903,0
91,1,184416,0
88,0,540889,0
84,0,686363,0
80,1,757679,1
97,0,722613,0
86,1,753091,1
82,1,648469,1
95,0,984471,0
97,0,467964,0
91,1,695305,0
92,1,7965,0
96,1,211833,0
97,0,504374,0
80,0,377171,0
80,1,275122,0
94,0,754940,0
85,1,162109,0
91,0,345510,0
100,0,962414,0
99,1,98161,0
89,0,566518,0
87,0,141360,0
90,1,933884,0
97,1,488911,0
91,0,969178,0
87,1,292258,0
94,0,131247,0
82,0,294741,0
95,1,478428,0
93,0,71346,0
87,0,432602,0
85,0,335535,0
89,0,704632,0
95,0,944570,0
89,0,315404,0
100,1,681195,0
87,0,787053,0
99,1,263078,0
86,1,699807,1
82,1,662414,1
96,1,702024,0
90,1,32323,0
87,0,173983,0
91,1,719701,0
95,0,338841,0
87,1,284772,0
84,0,662059,0
84,0,164292,0
95,1,372331,0
97,0,999466,0
94,0,306257,0
80,1,397894,0
82,1,481319,0
81,0,233269,0
87,1,229313,0
99,1,556332,0
95,1,9985,0
87,1,712449,1
93,0,627664,0
88,1,709659,1
85,1,201500,0
86,0,109726,0
87,0,123185,0
90,1,932067,0
85,0,97070,0
88,1,451603,0
100,0,806913,0
98,1,969359,0
96,1,430206,0
81,0,378278,0
91,1,843986,0
90,1,977286,0
80,1,474380,0
87,1,380447,0
93,0,183599,0
89,0,428446,0
87,0,37127,0
92,0,890391,0
94,0,298744,0
88,0,422692,0
94,0,231793,0
91,0,715321,0
96,1,850449,0
82,0,226376,0
80,1,552224,1
81,1,660660,1
89,1,30530,0
93,0,783580,0
94,1,24738,0
94,1,262989,0
92,0,932424,0
84,1,512739,1
87,0,559742,0
93,1,524728,0
90,1,274786,0
94,1,93819,0
93,1,468564,0
82,1,941086,1
80,1,30750,0
99,0,377589,0
86,0,977669,0
90,0,28144,0
86,1,98748,0
93,1,980776,0
81,0,402496,0
83,1,56153,0
83,1,17762,0
92,0,615974,0
87,0,943521,0
86,0,316914,0
92,0,761338,0
88,0,9805,0
91,1,198202,0
96,1,644876,0
84,0,513796,0
98,1,959906,0
94,1,131110,0
87,0,120878,0
84,0,936061,0
100,0,602405,0
91,0,351763,0
93,1,986839,0
97,0,476596,0
84,0,441505,0
91,0,528701,0
83,0,673114,0
91,1,295220,0
81,0,651658,0
95,0,506706,0
80,0,706337,0
87,1,26738,0
87,0,944271,0
93,0,36384,0
83,0,33601,0
92,1,766400,0
91,1,873770,0
80,0,683590,0
87,0,498458,0
82,1,638467,1
91,1,771039,0
87,0,74260,0
87,1,232063,0
96,1,639943,0
84,1,926965,1
85,0,869710,0
96,0,19895,0
100,0,133538,0
98,1,749158,0
86,0,968663,0
92,0,448510,0
83,0,528652,0
90,0,638003,0
97,0,786129,0
80,0,263716,0
92,0,796616,0
90,1,359221,0
81,0,116740,0
94,0,215341,0
85,0,971539,0
89,1,294317,0
81,0,365756,0
87,0,588451,0
88,0,977074,0
91,0,850310,0
82,1,606620,1
89,0,396844,0
93,0,484225,0
93,1,508876,0
86,0,979575,0
85,1,844572,1
90,1,550912,0
84,0,889046,0
88,1,395767,0
90,1,653079,0
85,0,751293,0
88,1,404412,0
98,0,720711,0
90,0,355465,0
82,1,753161,1
91,0,125712,0
99,0,387918,0
93,1,156525,0
96,1,353893,0
82,1,573531,1
90,1,645290,0
98,0,512373,0
84,0,411129,0
100,0,930889,0
100,0,250751,0
89,0,332890,0
88,1,409025,0
90,0,65100,0
92,0,956885,0
100,1,241551,0
82,0,244646,0
96,0,780870,0
90,1,313765,0
95,1,820441,0
97,1,144520,0
93,1,622938,0
81,1,494598,0
85,0,137372,0
95,1,540194,0
87,0,303450,0
94,1,745108,0
91,1,581451,0
84,0,50894,0
82,0,620561,0
91,0,989177,0
83,0,906201,0
93,1,222269,0
92,1,763721,0
92,0,104100,0
90,0,131524,0
89,1,113243,0
93,0,707102,0
99,1,385717,0
97,0,723752,0
83,0,405682,0
91,1,456228,0
87,1,167118,0
100,1,961187,0
94,1,184055,0
95,0,730885,0
94,1,766465,0
100,0,408044,0
86,0,995622,0
96,0,20201,0
93,1,422502,0
84,1,458130,0
92,1,513815,0
91,0,854214,0
95,0,953910,0
89,1,700853,1
92,1,637111,0
90,1,458583,0
96,1,71636,0
92,0,585768,0
85,1,650678,1
100,1,722463,0
91,0,35085,0
100,0,127879,0
80,1,724060,1
92,0,665882,0
88,0,342208,0
98,0,28325,0
82,0,594556,0
92,0,764419,0
85,0,307687,0
81,0,993788,0
93,1,968416,0
97,0,865327,0
83,1,934173,1
93,1,449,0
90,0,895343,0
86,1,348951,0
97,1,994197,0
87,0,870146,0
97,1,286632,0
82,1,729959,1
84,0,383706,0
87,0,703782,0
92,0,255536,0
91,0,68594,0
87,1,546416,1
92,1,155944,0
84,1,55593,0
81,0,326066,0
100,1,294801,0
95,0,220140,0
91,0,731786,0
89,0,899086,0
83,1,618227,1
88,0,310390,0
99,0,368516,0
87,1,756631,1
95,1,112014,0
85,0,798342,0
98,0,153051,0
85,0,878649,0
83,0,58128,0
89,0,995105,0
91,0,829590,0
99,1,199957,0
98,0,907605,0
94,1,217773,0
91,1,938405,0
81,1,513101,1
100,0,367615,0
87,0,136464,0
92,0,897696,0
81,0,661852,0
81,0,847001,0
80,0,649178,0
85,0,428573,0
80,1,729857,1
95,0,391564,0
83,0,65044,0
88,0,522842,0
83,0,967373,0
100,0,664014,0
91,0,878311,0
100,1,195206,0
86,1,514886,1
98,0,292433,0
91,0,458796,0
81,0,441011,0
84,1,142414,0
83,0,422515,0
82,0,746850,0
86,1,134638,0
80,0,877277,0
87,0,305844,0
97,0,73864,0
86,1,466327,0
90,0,267236,0
92,0,603316,0
93,0,871029,0
91,0,169944,0
98,0,513395,0
89,1,361910,0
88,0,930418,0
80,0,907532,0
100,0,666497,0
84,1,453646,0
100,0,401074,0
100,1,655857,0
86,0,357933,0
89,0,945472,0
99,1,544657,0
84,0,729585,0
99,0,471912,0
88,0,677386,0
96,1,834387,0
84,0,610216,0
100,0,928288,0
94,0,591240,0
100,1,536239,0
100,1,858456,0
82,1,549862,1
91,0,890759,0
92,1,451825,0
88,1,575371,1
100,0,242061,0
92,1,826060,0
92,1,474465,0
98,0,28674,0
91,1,974821,0
91,0,469546,0
84,0,424466,0
81,1,10534,0
100,0,902490,0
92,0,578772,0
92,0,790752,0
99,1,216539,0
83,0,840426,0
99,0,665552,0
95,1,865702,0
87,0,684283,0
95,1,287885,0
95,1,298155,0
100,1,688066,0
82,0,908027,0
91,0,117149,0
93,0,598527,0
81,1,812087,1
84,1,500814,1
84,1,566315,1
97,0,929631,0
97,1,314730,0
97,1,343923,0
88,0,784954,0
94,1,353994,0
97,0,885072,0
88,1,909959,1
88,0,834822,0
89,1,844133,1
97,1,832455,0
80,1,601803,1
92,0,521163,0
95,0,668510,0
92,0,646329,0
98,1,616848,0
82,0,618177,0
93,0,14181,0
82,1,918430,1
87,1,680523,1
97,0,967432,0
88,0,470878,0
88,0,548113,0
96,1,323429,0
96,0,575490,0
95,1,827339,0
98,1,526961,0
96,1,738795,0
96,0,289404,0
92,0,840125,0
94,1,178657,0
97,0,267645,0
96,0,273711,0
93,0,727807,0
87,1,91539,0
93,0,614178,0
81,1,146647,0
96,1,13506,0
86,1,974609,1
94,0,867557,0
93,0,225438,0
96,0,117951,0
89,1,205161,0
97,1,629386,0
85,1,944645,1
91,0,56962,0
88,1,956400,1
92,1,29783,0
87,1,329074,0
83,0,906706,0
84,1,846798,1
86,0,236613,0
98,0,988849,0
83,1,241774,0
94,0,444759,0
99,0,130951,0
89,1,683877,1
100,0,965996,0
100,0,362629,0
83,1,106150,0
95,0,513300,0
98,1,267920,0
99,1,338958,0
91,0,97465,0
95,1,692050,0
85,1,676389,1
94,0,68391,0
81,1,623977,1
89,0,192369,0
90,0,452384,0
98,0,835858,0
100,0,913391,0
94,0,699022,0
95,1,842339,0
87,1,538275,1
93,1,621701,0
86,1,994398,1
100,0,223850,0
99,1,428855,0
94,1,911957,0
100,0,53313,0
89,1,850384,1
88,0,136819,0
84,0,740848,0
85,0,974977,0
97,1,491217,0
82,1,462631,0
91,1,717725,0
95,1,540658,0
85,1,753646,1
94,1,117599,0
85,0,299645,0
94,1,698073,0
96,1,274190,0
85,0,110767,0
88,0,847013,0
80,0,527722,0
87,0,187824,0
85,0,192134,0
80,1,539866,1
86,1,314267,0
88,0,809306,0
84,1,975911,1
90,1,661583,0
89,0,638623,0
92,0,141840,0
82,0,219016,0
94,0,415163,0
95,0,136924,0
81,1,981988,1
81,0,861921,0
91,0,910334,0
84,0,897150,0
93,0,224556,0
94,1,320356,0
80,0,473410,0
95,0,96303,0
94,0,268233,0
87,0,145669,0
91,1,319340,0
80,0,753100,0
96,1,135910,0
91,1,775683,0
96,0,573126,0
90,1,823345,0
98,0,861763,0
85,0,730883,0
81,0,618202,0
86,0,571086,0
91,0,174374,0
82,0,507306,0
86,1,39715,0
92,0,594862,0
94,0,174717,0
96,1,640246,0
82,0,676948,0
93,1,245066,0
91,0,383958,0
95,0,419869,0
92,1,428634,0
88,0,16790,0
93,1,372378,0
83,1,68622,0
97,0,687484,0
82,1,576974,1
90,0,177912,0
82,0,998240,0
80,0,565803,0
100,0,816031,0
92,1,497316,0
98,0,982860,0
84,1,521190,1
91,1,586189,0
98,1,710469,0
99,1,419468,0
81,0,134109,0
89,1,646458,1
92,0,590916,0
96,0,188182,0
88,0,11878,0
81,1,106787,0
94,0,91017,0
94,1,810507,0
93,0,796007,0
97,1,162528,0
92,0,527115,0
92,1,361617,0
96,0,296631,0
96,0,868018,0
80,1,948968,1
85,0,982438,0
100,1,460404,0
85,0,973903,0
90,1,638393,0
96,0,961706,0
84,0,949656,0
85,0,477820,0
90,1,100207,0
88,1,950774,1
84,0,995040,0
93,1,328295,0
100,1,908088,0
99,1,874551,0
82,1,350140,0
96,1,50081,0
90,1,31505,0
82,0,531554,0
86,0,644081,0
86,1,148534,0
94,1,515383,0
90,1,986346,0
84,0,216586,0
99,0,783872,0
95,1,407654,0
88,1,1258,0
93,0,441278,0
100,0,427895,0
81,0,835218,0
85,0,869058,0
83,0,115489,0
83,0,425897,0
88,1,432246,0
97,1,766781,0
91,0,579999,0
99,1,688566,0
97,1,134063,0
81,1,316340,0
88,1,787391,1
85,0,869957,0
87,1,102656,0
96,1,822652,0
88,1,614149,1
99,0,219695,0
85,1,678936,1
84,0,561723,0
93,0,194007,0
91,0,431886,0
100,0,671887,0
92,0,547387,0
83,1,738546,1
94,0,256744,0
80,1,782842,1
86,1,333286,0
90,1,633303,0
84,1,420380,0
99,1,256474,0
81,0,925236,0
91,0,655694,0
84,0,70821,0
81,1,531880,1
83,1,298921,0
91,1,979223,0
88,0,656659,0
98,1,972676,0
100,0,744208,0
100,0,376513,0
96,0,788742,0
94,1,676101,0
86,1,87680,0
92,1,831598,0
89,0,367337,0
99,0,116159,0
83,0,471917,0
88,0,428300,0
93,1,887928,0
97,1,860669,0
87,0,378437,0
96,0,783539,0
91,0,528651,0
84,0,152942,0
95,1,347382,0
99,1,977282,0
94,0,456678,0
95,0,522706,0
92,0,127880,0
88,1,756083,1
82,0,609836,0
92,0,146426,0
89,0,100125,0
86,0,420968,0
88,0,847729,0
94,0,520381,0
95,0,713447,0
93,1,260813,0
99,1,112186,0
93,0,227435,0
87,1,75471,0
89,0,624822,0
82,1,189261,0
95,0,49650,0
100,1,470973,0
91,1,204954,0
90,1,614888,0
86,1,763861,1
82,1,724477,1
99,1,143149,0
81,1,671075,1
98,1,125713,0
81,1,211517,0
97,1,855515,0
95,0,905452,0
89,0,440041,0
81,0,136485,0
100,0,298872,0
83,1,216890,0
89,0,607087,0
99,1,764717,0
99,1,583946,0
94,0,75063,0
94,0,94294,0
81,1,252652,0
94,1,968290,0
87,0,505160,0
85,1,753607,1
93,0,547123,0
90,0,345265,0
88,0,262188,0
95,1,72090,0
92,0,397284,0
82,0,601854,0
85,0,835627,0
83,0,733646,0
99,1,943492,0
89,0,2493,0
91,1,518918,0
88,1,450479,0
91,0,450355,0
93,1,439075,0
97,1,607592,0
96,0,290820,0
99,1,39909,0
81,0,523566,0
82,0,593984,0
82,1,127473,0
92,0,727207,0
97,0,437880,0
100,0,644885,0
81,0,484527,0
80,1,187618,0
99,1,235455,0
83,1,994634,1
97,0,686007,0
80,0,286221,0
99,1,724076,0
94,1,28920,0
95,1,687563,0
83,0,313039,0
91,1,305473,0
94,0,431983,0
98,1,326281,0
80,0,588664,0
98,1,249611,0
96,1,537166,0
98,0,544671,0
99,1,126293,0
98,0,462250,0
97,1,965739,0
94,0,368204,0
80,1,703448,1
92,1,817644,0
94,1,255006,0
85,1,928262,1
97,0,469546,0
83,1,707109,1
84,0,276712,0
97,0,265404,0
92,1,485605,0
81,1,227352,0
97,1,363381,0
91,1,593417,0
96,0,468810,0
85,0,955936,0
90,1,765297,0
94,1,189959,0
100,1,403488,0
82,0,73285,0
97,1,929561,0
88,0,957508,0
98,0,327197,0
96,0,878375,0
85,0,377820,0
92,0,631080,0
82,1,489364,0
96,1,767476,0
86,1,7738,0
92,0,510599,0
85,1,718351,1
87,1,344243,0
82,1,302179,0
85,0,438707,0
98,1,208782,0
82,1,193070,0
89,0,176888,0
92,0,991432,0
83,1,609819,1
92,0,955241,0
93,1,60228,0
95,1,635641,0
96,1,338794,0
97,1,102741,0
81,0,726678,0
90,1,889828,0
81,1,165979,0
98,0,535810,0
97,1,859515,0
83,1,718064,1
94,1,544715,0
100,1,505530,0
97,0,440425,0
92,1,581555,0
93,0,712860,0
83,0,454991,0
86,1,485272,0
100,0,374069,0
97,1,597767,0
97,1,467021,0
100,1,504437,0
99,1,44451,0
91,0,30643,0
83,0,317915,0
88,0,554126,0
93,1,862582,0
91,1,715536,0
97,0,406099,0
85,0,100316,0
95,0,602295,0
82,1,835565,1
83,0,683083,0
96,1,543940,0
94,0,379529,0
96,1,210528,0
99,0,620744,0
87,0,166852,0
100,0,876622,0
100,1,341334,0
86,1,664641,1
98,1,736606,0
99,1,140223,0
87,1,38006,0
87,0,712485,0
90,1,926632,0
83,1,298907,0
95,1,743220,0
95,0,657754,0
84,0,846733,0
87,0,786956,0
88,0,537470,0
84,0,86905,0
81,0,93832,0
98,1,695388,0
88,0,327390,0
93,1,763341,0
82,1,260307,0
84,0,456435,0
88,1,491405,0
98,1,669804,0
94,1,379985,0
82,1,188187,0
100,0,650726,0
82,1,737972,1
95,0,881094,0
100,0,489076,0
95,1,23186,0
86,0,275849,0
83,0,568841,0
94,0,984723,0
97,1,726629,0
93,0,32380,0
97,1,208126,0
91,0,540719,0
92,1,789544,0
88,1,544278,1
83,1,38514,0
91,1,257929,0
89,0,758175,0
83,1,775018,1
91,1,163290,0
98,1,701745,0
91,0,37508,0
89,1,784610,1
100,1,448574,0
81,0,642024,0
87,0,251427,0
96,0,482440,0
80,1,698056,1
90,1,832824,0
80,0,549524,0
89,1,106834,0
98,1,369252,0
96,1,902992,0
93,0,940886,0
88,0,353571,0
95,1,194357,0
86,1,110233,0
90,1,718761,0
92,1,527731,0
99,0,692436,0
80,0,187486,0
94,0,167589,0
86,0,487182,0
100,1,960275,0
91,0,97929,0
80,1,849338,1
95,0,772058,0
92,1,696406,0
92,1,391333,0
91,0,422768,0
92,0,411220,0
81,1,607731,1
99,1,398629,0
100,1,834737,0
87,0,487982,0
94,0,286419,0
91,0,414523,0
99,0,282953,0
92,0,187126,0
81,1,873565,1
89,0,624083,0
94,1,317553,0
98,0,202697,0
89,0,731038,0
89,1,837240,1
89,1,39948,0
81,0,425799,0
92,0,697950,0
94,1,32280,0
95,0,101551,0
86,0,717080,0
100,1,521811,0
86,0,750201,0
80,1,497144,0
81,1,804506,1
90,1,296471,0
83,1,85108,0
80,0,387157,0
93,0,877737,0
89,0,213194,0
90,0,20305,0
95,0,325610,0
85,0,999902,0
80,0,544398,0
83,1,254568,0
87,1,875446,1
97,1,504719,0
94,0,557193,0
97,0,158851,0
86,0,667297,0
87,0,368475,0
98,1,32989,0
96,1,703424,0
87,1,431965,0
93,0,744028,0
95,0,377724,0
86,1,803502,1
80,1,369216,0
99,1,442882,0
87,1,518790,1
88,1,94383,0
90,1,303315,0
93,1,567443,0
97,0,652575,0
93,1,165749,0
88,1,695921,1
88,1,307778,0
82,0,980003,0
81,1,529890,1
84,0,429968,0
95,0,914757,0
83,1,266416,0
99,0,100077,0
89,0,535510,0
85,1,256389,0
92,1,955826,0
81,1,693598,1
88,0,552334,0
88,0,14408,0
93,0,968206,0
88,0,249507,0
84,1,434695,0
91,0,713723,0
86,1,322969,0
92,0,342237,0
98,0,205200,0
87,1,503730,1
83,1,865225,1
97,0,518849,0
83,0,806715,0
80,1,16516,0
90,0,492399,0
81,1,328152,0
91,1,623584,0
83,1,576512,1
100,1,538960,0
94,1,401649,0
87,1,540863,1
98,1,930089,0
81,0,964454,0
84,0,188781,0
100,0,996657,0
92,0,112917,0
84,1,151620,0
88,0,924916,0
88,1,929301,1
92,0,884723,0
95,1,902228,0
92,1,36696,0
91,0,890056,0
96,0,327606,0
96,0,184942,0
91,1,606329,0
91,0,453213,0
86,1,213259,0
93,0,507324,0
97,1,75949,0
81,0,347014,0
90,0,230519,0
93,0,193782,0
92,1,213191,0
96,0,379958,0
89,1,28329,0
97,0,164366,0
85,1,99756,0
84,0,771515,0
95,1,814513,0
92,1,252040,0
82,1,559921,1
87,1,800056,1
93,0,992864,0
89,0,670294,0
94,0,43917,0
88,1,325867,0
97,1,399479,0
91,0,949797,0
85,0,782403,0
98,0,708981,0
87,1,990517,1
84,0,214219,0
88,0,815092,0
84,1,300313,0
100,0,147269,0
99,0,527393,0
84,1,533180,1
100,1,609337,0
89,0,144020,0
88,1,915460,1
92,0,903848,0
98,0,995412,0
99,1,290889,0
98,0,87369,0
83,0,648500,0
82,0,546293,0
92,0,404970,0
85,0,287919,0
80,0,719253,0
88,1,433413,0
98,1,963208,0
97,1,104881,0
85,0,457506,0
86,1,747813,1
98,1,239283,0
91,1,192531,0
82,1,646407,1
88,1,944986,1
95,1,776187,0
80,1,720372,1
80,0,462791,0
80,1,414426,0
89,1,828955,1
100,1,616162,0
100,0,612569,0
96,0,119675,0
94,0,850970,0
82,1,517659,1
84,0,842796,0
90,1,196148,0
80,1,589558,1
90,0,827954,0
92,1,964300,0
93,1,160839,0
100,0,342049,0
98,0,788136,0
83,0,883609,0
90,1,844485,0
81,1,305329,0
93,0,824038,0
89,0,194895,0
84,1,477914,0
94,1,832443,0
99,0,312532,0
82,1,462839,0
99,1,890124,0
85,0,253782,0
97,1,189451,0
100,0,101639,0
80,0,859346,0
97,0,455712,0
98,1,617679,0
99,1,831815,0
95,1,746136,0
98,1,529691,0
87,1,254997,0
96,0,179667,0
88,0,442686,0
84,0,546023,0
87,1,333228,0
96,0,74439,0
90,0,117837,0
85,0,193929,0
86,0,397504,0
86,0,80177,0
86,0,577119,0
82,0,537454,0
82,0,795364,0
82,0,774969,0
80,1,57494,0
87,0,691191,0
93,0,404396,0
83,0,578968,0
86,1,333397,0
92,1,988319,0
88,0,749278,0
89,1,917058,1
88,0,215580,0
88,1,259647,0
97,1,39108,0
92,0,236651,0
89,1,425722,0
100,1,5572,0
92,0,744455,0
95,1,267320,0
89,0,762510,0
82,1,953690,1
89,0,791012,0
94,0,463571,0
97,1,464185,0
87,1,729408,1
94,1,630956,0
82,0,569312,0
82,0,530839,0
100,1,160362,0
86,0,636329,0
80,1,668065,1
96,1,317769,0
81,0,106618,0
93,1,743045,0
98,1,772354,0
84,1,459378,0
90,0,288098,0
84,0,812322,0
90,1,875435,0
81,0,221852,0
84,0,1412,0
80,0,589596,0
81,1,675836,1
90,0,638935,0
86,1,834647,1
85,0,608122,0
84,0,181854,0
86,0,46444,0
95,0,952557,0
80,1,952806,1
100,0,360841,0
97,1,207225,0
81,0,886926,0
88,1,566204,1
100,1,301277,0
82,0,720771,0
99,1,389499,0
82,1,660461,1
92,0,658309,0
84,0,746017,0
91,1,529543,0
99,0,656196,0
91,1,269878,0
88,0,283841,0
91,0,452029,0
100,1,931653,0
93,1,715427,0
81,0,955033,0
92,0,951931,0
89,0,563843,0
81,0,514837,0
100,0,747941,0
89,1,848320,1
89,0,269147,0
86,1,744224,1
88,0,643897,0
82,0,334690,0
84,1,259992,0
100,1,933522,0
82,0,919702,0
93,0,211884,0
98,1,622735,0
97,1,675947,0
94,1,122768,0
96,0,707059,0
82,0,522391,0
86,0,249757,0
94,0,195866,0
83,1,946942,1
86,0,588983,0
97,1,791966,0
86,0,982072,0
84,0,619126,0
84,1,952515,1
88,0,97447,0
97,0,949963,0
91,0,992310,0
98,1,124846,0
86,1,729135,1
96,1,426333,0
99,1,820181,0
84,1,981885,1
88,0,155171,0
98,0,998919,0
84,1,758406,1
83,0,238006,0
93,1,854575,0
87,1,737270,1
97,0,676504,0
98,0,144451,0
90,1,937369,0
96,0,322272,0
88,1,326576,0
82,1,864115,1
84,0,132451,0
95,0,678369,0
89,1,660482,1
92,0,780009,0
96,0,531469,0
86,0,944661,0
100,0,319600,0
91,1,138576,0
86,1,169167,0
97,1,301516,0
100,0,757689,0
85,1,628977,1
100,0,769666,0
97,0,717652,0
95,0,772209,0
81,1,918204,1
96,0,779701,0
81,1,984839,1
87,0,485408,0
97,0,732985,0
93,1,790694,0
96,1,952764,0
94,1,751693,0
85,1,260859,0
91,1,966712,0
92,1,504603,0
83,1,420693,0
81,0,562589,0
95,1,384051,0
97,1,438172,0
89,0,175065,0
99,1,80993,0
92,1,642754,0
95,1,778812,0
97,0,821163,0
84,0,699836,0
87,1,290865,0
82,0,419906,0
99,1,878165,0
83,0,967989,0
88,0,113619,0
100,0,252068,0
87,1,718710,1
96,0,190218,0
84,1,946193,1
95,0,248234,0
89,0,396612,0
83,1,753072,1
85,1,235574,0
92,0,615208,0
94,1,400328,0
81,0,222996,0
89,1,230280,0
98,1,728731,0
80,1,513543,1
89,0,395591,0
96,1,135665,0
97,1,908188,0
91,1,101934,0
80,1,283041,0
80,1,170935,0
94,0,945139,0
96,0,830070,0
88,1,252938,0
100,0,470420,0
80,1,664177,1
97,1,561749,0
81,0,733670,0
95,1,226170,0
91,0,101832,0
95,1,46466,0
83,0,992030,0
95,0,865841,0
85,0,964594,0
100,1,701169,0
87,0,352035,0
96,0,194996,0
83,1,863242,1
95,1,795082,0
81,0,154282,0
97,0,521175,0
87,1,419911,0
92,0,826575,0
93,0,290250,0
82,1,148305,0
86,1,206881,0
81,1,856665,1
89,1,895630,1
84,0,836328,0
82,1,514268,1
89,1,10549,0
94,0,357042,0
95,1,613869,0
99,1,764488,0
89,1,828790,1
90,1,5894,0
84,0,981826,0
91,1,403871,0
82,1,940235,1
83,0,938355,0
86,0,844595,0
94,0,6960,0
96,0,142937,0
96,1,583841,0
88,0,571156,0
92,1,653189,0
99,1,828456,0
90,1,775472,0
85,1,587748,1
88,0,853376,0
92,1,253549,0
100,1,417534,0
87,0,199950,0
88,1,815857,1
97,1,906401,0
88,0,650245,0
86,0,520270,0
91,1,796098,0
91,0,974859,0
88,0,609788,0
91,1,119845,0
96,0,635169,0
92,1,20648,0
89,0,782705,0
81,0,784647,0
95,0,52966,0
92,1,39188,0
83,1,224114,0
96,0,532296,0
99,0,936642,0
88,1,935007,1
93,0,835755,0
81,1,626217,1
84,0,864566,0
92,1,481794,0
89,0,181157,0
92,1,692372,0
100,0,787764,0
92,1,577361,0
95,0,777664,0
99,0,251750,0
98,0,479607,0
92,0,420636,0
97,0,776923,0
98,1,664209,0
100,0,544531,0
99,1,406084,0
86,1,739451,1
97,1,43416,0
80,1,771060,1
87,0,707261,0
96,1,165369,0
84,0,329230,0
91,1,472285,0
95,0,524524,0
90,1,603444,0
97,1,134580,0
95,1,200772,0
94,1,384723,0
81,0,796678,0
82,1,569072,1
84,1,589679,1
95,0,949216,0
90,1,169098,0
87,0,529774,0
86,0,311391,0
84,1,700237,1
92,0,877742,0
94,1,698029,0
95,1,935844,0
98,1,602423,0
89,1,164482,0
93,0,832106,0
94,0,761342,0
88,1,560588,1
91,1,317744,0
84,0,556272,0
95,0,750460,0
94,1,99482,0
85,1,830996,1
86,1,756512,1
90,0,790211,0
84,1,230091,0
90,0,710453,0
81,1,193460,0
100,0,209367,0
100,0,442862,0
89,1,851342,1
85,0,939381,0
99,0,945354,0
100,0,302154,0
100,0,725623,0
84,0,276504,0
97,1,20857,0
81,0,223760,0
85,0,34419,0
85,0,799423,0
95,0,143566,0
87,0,955328,0
100,1,941931,0
84,1,613884,1
92,0,487607,0
83,0,253911,0
89,1,50870,0
88,1,857299,1
97,1,78735,0
80,0,892226,0
93,1,867713,0
82,1,688309,1
95,1,136202,0
86,1,820201,1
88,0,593936,0
97,0,898229,0
95,1,164414,0
91,0,304418,0
83,1,508686,1
92,1,677356,0
80,0,962966,0
96,1,48983,0
94,0,984008,0
91,0,389475,0
83,1,840905,1
85,0,231305,0
80,1,638874,1
94,0,524880,0
91,0,173045,0
88,0,200599,0
81,1,329624,0
91,0,832305,0
99,0,779242,0
100,1,473412,0
95,1,22992,0
88,0,236319,0
97,0,301618,0
92,1,702835,0
100,0,237717,0
82,1,517798,1
85,1,432431,0
82,0,724066,0
93,0,8463,0
91,1,857898,0
96,1,800149,0
97,1,903392,0
98,1,790604,0
93,1,103903,0
91,0,305437,0
80,0,13315,0
87,1,624446,1
94,0,594955,0
90,0,544999,0
99,0,924153,0
80,0,863775,0
81,0,297581,0
86,1,610222,1
100,0,777513,0
91,0,45396,0
80,0,488442,0
100,0,663204,0
92,0,277863,0
99,1,793789,0
87,0,680886,0
94,1,376934,0
98,1,569502,0
99,0,125612,0
82,0,670969,0
99,0,538741,0
98,0,720286,0
91,0,83497,0
93,1,360664,0
81,0,324522,0
99,1,412895,0
88,1,351798,0
84,0,811727,0
100,0,461205,0
95,0,892888,0
93,1,288520,0
97,0,67946,0
91,1,938573,0
86,1,620104,1
84,0,376809,0
85,0,299887,0
92,1,262350,0
96,0,19854,0
95,0,570307,0
86,0,75799,0
82,0,146038,0
82,1,938852,1
92,0,689282,0
84,0,389513,0
90,0,502606,0
91,1,177156,0
84,1,940692,1
91,1,231714,0
80,1,319675,0
87,1,745435,1
88,0,267496,0
80,0,191219,0
100,0,825028,0
91,0,522708,0
89,0,363787,0
81,1,207881,0
86,1,731602,1
80,0,465795,0
81,1,753510,1
100,1,158417,0
89,1,68560,0
99,0,822241,0
91,1,974967,0
97,0,221550,0
83,0,964884,0
100,1,332330,0
92,0,202135,0
85,1,226535,0
83,1,115040,0
90,0,599491,0
83,0,923133,0
93,1,889863,0
90,0,994179,0
100,1,148722,0
83,0,843462,0
82,0,785169,0
89,1,386194,0
82,0,371971,0
96,0,116429,0
83,0,84145,0
81,0,373660,0
95,1,951862,0
100,1,403389,0
87,0,742348,0
95,0,938727,0
97,1,549746,0
99,0,645567,0
80,1,358116,0
99,0,294317,0
85,1,834617,1
98,1,250777,0
88,0,158909,0
88,1,82205,0
100,0,579645,0
93,1,633563,0
83,1,910955,1
94,0,817333,0
100,0,476256,0
100,1,794732,0
82,0,498164,0
82,0,239634,0
80,1,282347,0
92,1,322566,0
98,1,886310,0
86,1,565034,1
99,0,872693,0
92,1,593723,0
99,1,637568,0
98,1,935237,0
88,0,64108,0
84,1,310345,0
96,1,24849,0
100,0,299268,0
93,1,301205,0
94,1,247948,0
83,1,571556,1
91,0,928401,0
81,0,303706,0
89,1,459524,0
80,1,152625,0
87,0,164194,0
88,1,473143,0
87,1,581108,1
80,0,934655,0
81,0,656426,0
91,0,842557,0
92,0,566837,0
95,1,202505,0
94,1,636784,0
87,1,676149,1
91,0,731203,0
95,0,79759,0
85,1,832193,1
96,0,617107,0
91,1,904137,0
94,0,399888,0
88,0,688014,0
88,0,266268,0
98,1,535068,0
93,1,738282,0
88,1,163405,0
93,1,23291,0
88,1,537021,1
98,1,647528,0
90,0,924198,0
82,0,567372,0
80,0,252370,0
89,0,813592,0
98,1,657595,0
98,1,768330,0
100,0,272485,0
80,1,263672,0
86,1,55073,0
83,1,737362,1
96,0,640902,0
97,0,563449,0
88,0,524125,0
85,1,693521,1
82,0,210566,0
96,1,156687,0
83,1,160599,0
93,0,334137,0
87,0,422707,0
92,1,460842,0
87,0,278199,0
94,1,27326,0
81,1,990732,1
80,1,414907,0
81,1,559451,1
90,0,739594,0
82,0,49086,0
85,1,171159,0
96,1,84922,0
96,0,14356,0
93,0,551060,0
93,1,80879,0
100,0,943749,0
92,0,408870,0
98,1,36738,0
97,1,168655,0
81,1,340702,0
99,1,174321,0
92,0,198159,0
95,0,176056,0
98,0,715675,0
88,1,96052,0
98,1,200880,0
88,1,404770,0
93,0,353250,0
86,1,908722,1
84,1,345752,0
88,0,353089,0
98,0,596852,0
83,1,121193,0
98,0,576584,0
96,0,6439,0
89,1,541712,1
85,1,865839,1
88,0,670118,0
100,0,736432,0
98,0,543278,0
80,1,353070,0
84,1,735084,1
97,0,600942,0
83,1,865907,1
100,0,875171,0
83,0,333498,0
89,1,9572,0
94,1,395776,0
95,0,398778,0
92,0,595168,0
93,0,172542,0
91,1,943615,0
93,1,505883,0
84,1,570306,1
89,1,210661,0
86,1,57292,0
84,0,815368,0
96,0,513088,0
99,0,425351,0
94,1,807650,0
98,0,174660,0
90,1,90833,0
92,0,977437,0
97,0,703692,0
86,0,479861,0
80,0,964992,0
85,0,802566,0
83,0,862759,0
95,0,301650,0
84,0,49387,0
83,1,71328,0
82,0,385208,0
92,1,630135,0
93,1,946071,0
84,0,370048,0
98,0,672534,0
81,0,472516,0
85,0,335216,0
89,0,953486,0
98,1,611740,0
82,0,496457,0
89,1,564382,1
93,1,427304,0
90,1,306949,0
98,1,273145,0
80,1,521833,1
94,0,42203,0
97,0,895528,0
86,1,233494,0
92,0,642035,0
93,0,132274,0
95,1,718519,0
80,1,887875,1
80,0,172126,0
98,1,728302,0
97,0,797863,0
82,0,537768,0
80,0,332026,0
80,1,885489,1
93,0,796384,0
92,1,857844,0
100,1,384274,0
90,1,1173,0
95,0,69488,0
88,0,29343,0
83,1,846547,1
84,0,738589,0
98,1,843653,0
87,1,957231,1
86,0,880604,0
80,1,494851,0
84,1,141991,0
92,0,792941,0
94,1,954072,0
89,0,576354,0
98,0,806233,0
86,0,948209,0
94,0,814804,0
94,0,814626,0
82,0,398621,0
95,0,343543,0
95,0,281141,0
95,1,457840,0
90,0,666120,0
94,0,13070,0
97,0,313331,0
98,0,668916,0
85,0,332393,0
84,1,712650,1
83,1,331994,0
85,1,929438,1
97,1,639867,0
89,0,332975,0
87,0,919734,0
82,1,475598,0
88,0,465190,0
85,0,861024,0
95,1,165756,0
84,0,889793,0
82,1,205599,0
84,0,890046,0
97,1,330306,0
99,1,972198,0
80,0,931439,0
87,0,515516,0
88,1,504302,1
88,1,212550,0
98,1,259258,0
96,1,260756,0
97,1,725977,0
89,0,836896,0
98,1,626084,0
84,1,226924,0
99,1,838981,0
93,1,397787,0
98,0,712663,0
91,0,281938,0
85,0,610498,0
92,1,36411,0
91,0,452879,0
95,1,482339,0
97,0,778870,0
96,1,735926,0
93,0,78973,0
88,1,673554,1
95,1,385087,0
80,0,989768,0
93,1,693348,0
90,1,865406,0
98,1,725367,0
83,1,979494,1
81,0,330392,0
88,0,541165,0
99,0,972160,0
97,0,697196,0
80,0,764277,0
89,1,706778,1
99,1,759698,0
81,1,433046,0
80,1,236750,0
93,0,772964,0
88,0,619829,0
98,1,88732,0
89,0,906315,0
93,1,902682,0
95,1,603714,0
82,0,846110,0
99,1,76396,0
80,1,967707,1
91,0,558309,0
86,1,451298,0
93,1,280551,0
81,1,449715,0
80,0,232165,0
81,0,165000,0
82,1,203965,0
87,1,59834,0
99,0,848989,0
95,0,172041,0
98,1,412002,0
80,1,212755,0
85,1,189098,0
96,1,967511,0
82,0,506697,0
96,1,326682,0
88,1,691671,1
81,0,683945,0
100,1,264545,0
84,1,500470,1
85,0,743206,0
82,0,745000,0
93,1,418383,0
89,1,391030,0
88,1,914843,1
85,1,720103,1
92,0,215389,0
98,1,544410,0
83,0,716115,0
89,0,315364,0
95,0,687728,0
99,1,172173,0
87,1,103083,0
99,1,607966,0
98,1,814420,0
86,0,492447,0
91,1,773110,0
80,1,810869,1
81,0,638380,0
90,1,458691,0
85,1,547609,1
81,1,522593,1
86,0,632906,0
93,0,13329,0
92,1,545455,0
92,1,169233,0
88,1,819892,1
86,0,426761,0
85,1,96617,0
89,0,388013,0
83,1,661215,1
98,0,376779,0
90,0,718182,0
81,0,18419,0
84,0,86807,0
99,0,916121,0
80,1,991679,1
80,0,145394,0
91,1,830272,0
87,0,756374,0
97,1,724814,0
95,0,753568,0
87,0,417455,0
82,0,410149,0
100,1,29014,0
96,0,365470,0
84,1,179340,0
93,0,552649,0
88,0,377144,0
95,0,640588,0
87,1,781443,1
83,0,722789,0
95,1,337159,0
93,0,953025,0
89,1,938436,1
90,1,502362,0
100,0,705544,0
92,1,492891,0
89,1,283483,0
93,0,965223,0
92,1,45582,0
81,0,1117,0
99,0,909809,0
90,1,288157,0
82,1,583665,1
82,1,47542,0
92,0,33759,0
88,1,432814,0
96,0,229810,0
100,1,385840,0
81,1,367252,0
94,0,580054,0
100,1,851555,0
94,0,546566,0
98,0,564095,0
82,0,566584,0
94,0,832981,0
86,0,486597,0
95,0,845026,0
91,0,430829,0
99,0,406995,0
97,1,248256,0
86,0,51305,0
94,0,635912,0
84,0,153288,0
86,1,892722,1
98,0,264173,0
97,1,485860,0
83,1,117780,0
89,1,966132,1
92,0,335263,0
89,0,105755,0
85,1,971143,1
85,1,994166,1
98,0,784488,0
85,0,919197,0
98,0,421525,0
84,0,962184,0
91,0,938179,0
100,1,357578,0
98,0,322955,0
82,1,501976,1
99,1,702395,0
90,1,392409,0
89,0,416433,0
94,1,668225,0
81,1,416135,0
82,1,899622,1
97,0,921183,0
80,0,681284,0
92,0,10669,0
94,1,293036,0
92,1,195316,0
100,1,928313,0
98,1,997560,0
95,0,92412,0
86,1,180750,0
85,0,985766,0
86,0,536374,0
92,0,10658,0
94,1,162318,0
99,1,471827,0
81,0,221789,0
88,0,287360,0
97,0,294088,0
94,1,168067,0
85,1,637324,1
83,0,133994,0
82,0,122945,0
97,1,347526,0
82,1,685152,1
90,1,547601,0
87,0,303837,0
83,1,519405,1
80,0,734713,0
89,0,593242,0
98,1,334430,0
89,1,103795,0
82,1,106684,0
94,1,894304,0
92,1,464933,0
99,1,562169,0
91,0,733872,0
82,1,891034,1
98,1,309971,0
92,0,278015,0
80,1,441180,0
80,0,519764,0
100,1,112631,0
80,0,974571,0
84,0,268341,0
96,1,206903,0
90,0,740915,0
81,0,568720,0
85,1,707974,1
96,0,174211,0
82,0,774869,0
80,0,250695,0
80,1,240403,0
92,0,848292,0
100,0,969509,0
86,0,537344,0
98,0,946068,0
87,0,21,0
95,0,547006,0
80,1,135680,0
90,0,787573,0
82,1,927169,1
88,1,35061,0
80,0,785102,0
98,1,39350,0
94,1,434403,0
100,1,472633,0
89,1,975658,1
89,0,455133,0
81,0,460777,0
93,0,797844,0
89,0,767662,0
91,1,884794,0
83,1,537701,1
95,0,377611,0
80,1,836360,1
86,0,85667,0
94,0,866814,0
100,1,678618,0
100,0,645087,0
97,1,338992,0
86,0,85089,0
85,0,847474,0
95,1,214650,0
92,1,183247,0
87,1,506246,1
90,1,60242,0
99,0,360772,0
90,1,902742,0
95,0,186964,0
92,0,163095,0
90,0,801394,0
83,1,433077,0
98,1,465934,0
92,0,802948,0
96,1,233680,0
99,1,336622,0
85,0,59956,0
90,0,42605,0
87,0,853956,0
95,1,349258,0
94,1,223603,0
85,0,450050,0
84,0,303170,0
86,0,224809,0
86,1,727792,1
90,0,976204,0
82,0,614563,0
95,0,785588,0
89,1,664396,1
82,1,810509,1
98,0,703044,0
91,0,3183,0
88,0,952656,0
100,0,302247,0
93,0,251470,0
86,1,556240,1
95,1,258025,0
96,1,570744,0
87,0,359997,0
93,1,745376,0
80,0,616053,0
82,1,446481,0
93,1,724973,0
100,0,941889,0
91,1,911982,0
88,0,904981,0
100,0,876662,0
92,1,648896,0
83,1,102299,0
91,0,841268,0
98,1,928014,0
91,0,957151,0
96,0,680067,0
99,1,299927,0
96,0,966863,0
92,1,768092,0
84,1,57363,0
96,1,721430,0
100,1,953323,0
92,0,868657,0
88,1,353733,0
98,1,700330,0
97,0,121624,0
96,1,406527,0
87,0,903314,0
90,0,868047,0
82,0,398269,0
92,1,784144,0
81,0,923135,0
86,1,321476,0
92,0,902050,0
87,1,312644,0
100,1,900175,0
81,0,164175,0
86,1,247295,0
81,0,663733,0
93,0,570138,0
86,0,787063,0
95,1,786764,0
100,1,995011,0
92,0,851346,0
93,1,659384,0
83,1,628006,1
81,1,189928,0
100,0,574272,0
91,1,389007,0
87,1,854092,1
80,0,851655,0
100,0,575436,0
97,1,320593,0
88,0,329501,0
80,1,88001,0
98,0,981876,0
96,0,500617,0
97,1,403372,0
93,0,135733,0
97,0,491880,0
91,0,854675,0
84,0,391928,0
80,1,959350,1
88,0,718766,0
84,1,829947,1
84,0,815445,0
84,1,695876,1
91,1,774745,0
89,0,691846,0
91,1,569882,0
81,1,555610,1
88,1,165924,0
86,1,545642,1
80,1,339198,0
82,1,110171,0
95,1,125445,0
88,0,553417,0
97,0,905697,0
98,1,386237,0
95,0,135240,0
93,0,569743,0
98,1,501229,0
87,1,758764,1
86,0,413025,0
98,0,257045,0
98,0,837537,0
89,0,971518,0
90,1,66303,0
86,0,421080,0
97,0,135583,0
94,0,890129,0
96,1,540067,0
87,0,655858,0
93,1,262492,0
88,0,202041,0
85,1,940585,1
93,0,436412,0
83,0,140118,0
90,0,429978,0
98,1,777227,0
89,0,598284,0
84,1,94857,0
95,1,992948,0
92,1,336504,0
81,1,370567,0
83,1,240509,0
91,0,251965,0
87,1,997640,1
85,1,356869,0
89,1,664157,1
99,1,216448,0
98,1,355244,0
88,1,601196,1
90,0,558368,0
99,0,698888,0
93,0,391481,0
87,0,859599,0
98,0,496268,0
99,1,290007,0
90,0,669827,0
96,0,110723,0
91,1,556987,0
83,0,125293,0
98,1,888947,0
89,0,732091,0
95,1,623573,0
84,1,448283,0
98,0,313834,0
94,1,372236,0
88,1,25138,0
98,1,752474,0
80,1,675344,1
89,0,751208,0
85,0,546957,0
92,0,598469,0
100,0,113042,0
89,1,308078,0
98,1,173683,0
86,1,275229,0
92,1,712015,0
87,1,544254,1
92,1,499246,0
85,0,973687,0
89,1,417269,0
80,1,755419,1
98,1,780148,0
84,1,109769,0
91,0,778440,0
95,0,806080,0
93,0,526766,0
90,0,792733,0
92,0,709266,0
96,0,532589,0
86,1,88010,0
91,0,558381,0
98,0,836880,0
96,0,533724,0
92,0,771051,0
82,0,281660,0
98,0,224148,0
86,1,650213,1
86,1,419775,0
92,0,74736,0
89,1,328897,0
86,1,502453,1
92,0,437728,0
94,1,317562,0
82,0,955457,0
92,0,966750,0
91,0,770896,0
83,1,908322,1
95,1,900658,0
81,1,71186,0
84,1,474005,0
92,1,966087,0
98,1,710822,0
97,0,578634,0
100,1,171457,0
80,1,459876,0
83,1,646921,1
94,1,574372,0
97,1,981298,0
100,1,450367,0
83,0,672826,0
91,0,171882,0
100,0,129329,0
98,1,322952,0
90,1,759427,0
91,0,167434,0
90,0,444178,0
100,0,969809,0
90,1,836043,0
88,0,988472,0
89,0,181309,0
94,1,502042,0
82,0,61391,0
80,0,835695,0
94,1,192151,0
93,0,421931,0
81,1,362856,0
100,1,583662,0
86,1,562205,1
83,1,201206,0
95,0,292486,0
90,0,901104,0
89,0,429275,0
99,0,937494,0
100,0,256052,0
96,1,59012,0
86,0,131095,0
96,1,887082,0
83,1,587434,1
95,1,476410,0
86,1,650025,1
95,0,396017,0
99,1,779982,0
98,0,578948,0
87,0,629685,0
92,0,921717,0
95,1,910282,0
87,0,864824,0
84,0,487642,0
91,0,480835,0
97,0,723767,0
96,0,156489,0
84,0,777922,0
81,0,991374,0
91,0,924580,0
83,0,173275,0
100,0,986578,0
91,1,84693,0
85,1,496429,0
94,0,94038,0
83,1,733217,1
90,0,584898,0
80,0,737956,0
85,0,260444,0
83,1,36606,0
86,0,245379,0
92,0,800047,0
97,1,979355,0
98,0,156472,0
81,0,322749,0
93,0,982829,0
86,0,69166,0
86,0,901468,0
82,1,931503,1
84,0,825506,0
97,0,450652,0
82,1,852043,1
96,0,402067,0
89,0,961214,0
84,1,402656,0
90,0,663200,0
99,1,850830,0
81,1,204719,0
95,0,871075,0
83,1,801788,1
88,0,452593,0
82,1,563705,1
91,1,95597,0
83,1,533890,1
92,0,606872,0
98,1,685579,0
96,1,12504,0
93,0,616657,0
100,0,565658,0
81,0,526041,0
85,0,3766,0
94,1,28193,0
80,0,774969,0
95,0,173513,0
85,1,9775,0
93,0,111650,0
86,1,234235,0
87,0,993151,0
82,0,620222,0
100,1,537706,0
93,0,926130,0
94,1,853926,0
85,0,441970,0
96,0,101278,0
84,0,37103,0
93,0,256834,0
89,1,617245,1
95,0,251219,0
94,1,603294,0
80,1,710382,1
92,0,335783,0
82,0,975474,0
89,1,672645,1
85,0,281677,0
97,1,112620,0
86,0,67371,0
95,0,939930,0
96,0,267737,0
82,0,485847,0
81,1,761431,1
88,0,952282,0
82,1,503831,1
89,1,603295,1
90,1,36551,0
90,0,807899,0
92,1,418792,0
88,0,850108,0
83,0,109329,0
87,0,597195,0
94,0,791856,0
85,1,228657,0
99,1,198547,0
89,1,373084,0
83,0,966555,0
95,0,313558,0
100,0,5441,0
94,1,581815,0
94,1,485638,0
99,1,944572,0
81,0,764840,0
89,0,16069,0
82,1,81161,0
88,0,21265,0
95,0,875335,0
100,1,905260,0
88,1,752368,1
91,1,441188,0
95,1,373705,0
85,1,527847,1
81,0,504431,0
86,0,900928,0
84,0,316982,0
98,1,966784,0
90,1,669949,0
82,1,872592,1
100,1,297569,0
89,0,80737,0
90,1,549637,0
89,0,832374,0
88,1,457552,0
94,1,462648,0
99,0,122167,0
82,0,52679,0
80,0,424569,0
94,1,120405,0
92,0,838082,0
83,1,785512,1
96,0,825103,0
99,1,649777,0
83,0,771850,0
96,1,643926,0
86,0,301859,0
86,1,930760,1
95,0,671570,0
91,1,247717,0
88,0,279277,0
82,1,609226,1
90,1,310176,0
92,0,751490,0
94,1,324042,0
81,0,53997,0
99,0,389672,0
93,0,14273,0
99,0,907311,0
95,0,466468,0
83,1,594947,1
83,1,180145,0
94,0,399385,0
80,1,402671,0
95,1,595507,0
81,1,414740,0
99,0,705427,0
95,0,412273,0
97,0,303467,0
100,1,707328,0
98,1,44045,0
80,1,765114,1
80,1,955953,1
88,1,744971,1
86,1,948540,1
99,0,984640,0
89,0,342406,0
86,1,493441,0
100,0,522145,0
87,0,304818,0
87,0,26237,0
100,1,934863,0
85,0,314050,0
86,0,405433,0
100,0,729385,0
86,0,905502,0
82,0,802829,0
84,1,294488,0
85,1,5215,0
92,1,929193,0
95,0,665767,0
100,0,175699,0
91,1,517808,0
99,0,877044,0
83,1,416309,0
100,1,766255,0
89,0,552942,0
88,0,3566,0
85,1,775892,1
86,1,952515,1
81,1,602777,1
99,1,916805,0
92,1,101361,0
97,1,819705,0
82,0,802918,0
84,0,541522,0
92,1,351101,0
84,0,423078,0
88,1,143183,0
100,1,384267,0
82,0,578368,0
88,1,961534,1
86,1,122026,0
93,0,768669,0
98,0,234059,0
82,0,934603,0
93,0,124113,0
86,1,90920,0
96,0,581792,0
84,1,136952,0
93,1,278659,0
91,1,743500,0
92,0,875192,0
93,0,569798,0
85,1,345951,0
93,1,199929,0
97,0,706159,0
81,1,976567,1
98,1,357732,0
90,0,618651,0
99,1,730094,0
89,0,607837,0
92,1,141949,0
97,0,46644,0
84,1,64677,0
83,1,435996,0
90,0,732615,0
94,0,990138,0
84,0,906157,0
94,0,504363,0
88,0,515030,0
99,0,576347,0
80,0,649380,0
89,1,338026,0
94,1,852343,0
87,0,954263,0
100,0,28628,0
86,1,882022,1
100,1,3835,0
82,1,489623,0
84,1,849222,1
97,0,564224,0
89,1,295601,0
90,1,715398,0
82,1,314891,0
85,1,93472,0
88,0,862445,0
81,1,27690,0
93,0,88378,0
91,1,781100,0
87,0,115683,0
95,1,927917,0
100,1,898988,0
91,1,636118,0
86,1,514243,1
83,0,129937,0
94,1,898120,0
94,0,222599,0
90,0,153556,0
99,1,571987,0
91,0,190341,0
98,1,421558,0
99,0,811751,0
80,0,120274,0
94,1,547511,0
80,0,210040,0
99,1,830423,0
81,1,733397,1
95,0,374688,0
94,0,663334,0
83,1,87764,0
85,1,873073,1
96,0,362466,0
98,1,66162,0
90,1,662911,0
100,1,473347,0
85,0,543266,0
98,0,219502,0
97,0,148501,0
100,1,180137,0
93,0,181701,0
88,0,675061,0
86,0,176202,0
99,0,278746,0
80,0,924641,0
83,1,29621,0
95,0,457082,0
80,0,660078,0
83,0,199382,0
88,0,640209,0
86,1,644250,1
87,0,546702,0
100,1,712062,0
93,1,796522,0
100,0,919072,0
91,0,667120,0
97,0,990008,0
100,0,932619,0
92,1,590601,0
95,1,117173,0
84,1,398123,0
97,1,66000,0
98,1,33561,0
95,1,540907,0
98,0,240914,0
96,1,720099,0
84,1,474337,0
81,0,980244,0
100,0,300276,0
99,1,843158,0
88,0,401280,0
88,1,398204,0
89,0,182077,0
86,0,216241,0
81,0,539615,0
85,0,821859,0
100,1,880728,0
81,1,110518,0
87,1,70430,0
97,1,960766,0
96,1,713332,0
97,1,188264,0
98,1,769519,0
89,1,543312,1
94,1,398006,0
94,1,273866,0
82,0,370447,0
81,1,968201,1
90,1,980740,0
100,1,571548,0
94,0,250910,0
89,0,214331,0
100,0,93445,0
94,1,980399,0
96,0,187930,0
80,0,875472,0
96,1,841565,0
95,1,919878,0
87,0,267061,0
80,0,324562,0
87,1,578692,1
84,1,701346,1
88,1,761807,1
98,1,113899,0
87,0,953449,0
82,1,850915,1
86,1,721054,1
96,1,380673,0
82,1,23771,0
87,0,575666,0
93,1,30404,0
83,0,598832,0
85,1,906268,1
97,0,304771,0
100,1,721497,0
84,1,487793,0
100,0,364743,0
96,0,765007,0
89,0,333191,0
84,0,742564,0
87,0,447051,0
98,0,326172,0
84,0,906257,0
81,1,704383,1
82,1,219854,0
88,1,734487,1
87,0,345494,0
100,1,977690,0
98,1,49508,0
99,0,978772,0
81,1,547958,1
87,0,341825,0
92,1,57326,0
93,0,356704,0
82,0,432772,0
89,1,219555,0
81,1,276654,0
93,1,266078,0
97,0,685643,0
86,1,389918,0
98,0,668733,0
98,1,81038,0
91,0,538940,0
99,1,33668,0
99,1,200136,0
81,0,656632,0
98,0,554121,0
95,0,331098,0
84,0,7631,0
95,0,523045,0
82,1,725806,1
92,0,967780,0
86,0,683314,0
97,0,769775,0
98,1,888262,0
89,1,9868,0
99,1,434324,0
93,1,871910,0
82,0,239020,0
86,0,395598,0
97,1,791774,0
88,1,517282,1
100,1,803874,0
99,1,615967,0
99,0,212342,0
80,0,139509,0
98,0,345754,0
92,0,365588,0
81,0,705279,0
81,0,454882,0
80,0,76627,0
99,0,626216,0
83,0,814110,0
80,1,286271,0
85,0,131653,0
93,1,230700,0
86,1,259975,0
86,0,197992,0
80,0,935239,0
94,1,765618,0
100,0,113728,0
96,1,768843,0
92,0,127964,0
88,0,284247,0
91,0,73895,0
94,0,256155,0
92,1,801378,0
80,0,146071,0
91,1,796039,0
90,1,751315,0
88,0,287246,0
94,0,530246,0
90,0,559049,0
98,0,785619,0
92,0,518509,0
92,0,211423,0
95,0,832153,0
92,0,626172,0
86,1,439239,0
96,1,281960,0
93,1,565893,0
89,1,338537,0
98,0,629621,0
88,1,120135,0
80,1,665811,1
82,0,206851,0
83,0,261715,0
81,0,133633,0
97,1,109019,0
92,0,947656,0
98,0,492391,0
86,1,233186,0
91,1,751844,0
100,0,621357,0
83,0,17391,0
100,0,97475,0
95,1,920931,0
97,1,842129,0
96,0,623261,0
91,1,783384,0
80,1,374860,0
83,1,875967,1
93,1,605907,0
97,1,879744,0
97,1,671763,0
89,0,22062,0
96,0,563415,0
96,1,661812,0
85,0,346814,0
92,1,759785,0
83,1,886704,1
86,1,185241,0
96,1,50445,0
96,1,694303,0
83,0,676766,0
86,0,879157,0
100,1,344122,0
99,1,50980,0
90,1,744824,0
94,1,949419,0
93,1,171998,0
88,1,807341,1
85,0,801310,0
88,1,939000,1
85,1,901612,1
96,1,713754,0
84,1,735626,1
98,1,910488,0
93,0,198479,0
95,1,725706,0
80,0,760541,0
94,0,463732,0
85,1,954689,1
87,0,350242,0
100,0,71125,0
84,1,834687,1
83,0,534860,0
93,0,433411,0
92,0,817381,0
97,1,903471,0
87,0,81749,0
95,1,475371,0
96,1,350794,0
92,0,830476,0
99,1,300030,0
95,1,882341,0
99,0,564858,0
92,1,553149,0
88,0,217844,0
95,1,449352,0
83,1,402520,0
82,0,269406,0
92,1,36203,0
95,0,697019,0
96,1,314791,0
87,0,111735,0
95,1,406582,0
96,1,393825,0
90,1,678307,0
93,1,972387,0
82,0,754209,0
82,0,366541,0
90,1,970302,0
94,0,151582,0
95,1,451511,0
97,0,6854,0
100,1,922510,0
80,0,419050,0
83,0,655769,0
91,1,468886,0
86,1,824019,1
87,0,878443,0
90,0,279623,0
99,1,9391,0
93,0,42440,0
90,1,990596,0
82,1,576580,1
95,1,501070,0
87,1,350304,0
89,0,443870,0
88,1,501052,1
86,1,402140,0
98,0,474328,0
93,0,300869,0
98,1,51008,0
95,0,601557,0
80,1,79879,0
83,0,643563,0
87,1,443051,0
96,0,944138,0
81,0,543218,0
87,1,990891,1
96,1,378943,0
88,1,705570,1
80,1,386927,0
94,1,375948,0
85,1,334733,0
86,0,103730,0
83,1,216813,0
82,0,295394,0
98,1,788558,0
86,0,721970,0
87,0,905471,0
85,0,507013,0
95,0,307358,0
91,0,769421,0
84,0,641099,0
96,0,390949,0
87,1,107462,0
90,0,483381,0
97,0,203002,0
94,0,748720,0
90,0,994570,0
95,1,459948,0
94,1,277964,0
92,1,724385,0
97,0,236771,0
98,0,729645,0
81,0,825045,0
82,0,598096,0
96,1,395671,0
97,0,801914,0
92,1,759544,0
87,1,151113,0
100,1,994231,0
100,0,473290,0
96,0,465069,0
86,1,919648,1
99,1,323544,0
91,1,282081,0
81,1,225390,0
91,0,74825,0
95,1,980885,0
94,0,871558,0
89,1,473949,0
92,0,464844,0
89,1,466579,0
90,0,773887,0
84,0,998042,0
85,0,159080,0
92,0,635119,0
97,0,400996,0
91,0,183169,0
93,0,841482,0
99,0,294722,0
95,0,153842,0
81,0,962515,0
93,1,588447,0
89,0,740644,0
88,1,195063,0
89,1,1253,0
84,0,252409,0
97,0,645954,0
97,1,485981,0
91,0,727181,0
95,1,545942,0
92,1,71583,0
84,1,434564,0
84,0,892054,0
87,1,52142,0
93,1,966780,0
82,0,845961,0
99,1,278193,0
80,1,355300,0
87,0,972540,0
97,1,328234,0
81,0,381810,0
89,1,20603,0
90,1,952798,0
91,0,146056,0
95,0,255667,0
89,0,191234,0
88,0,592764,0
100,1,457952,0
88,0,156855,0
96,1,650571,0
80,1,319501,0
83,0,313799,0
83,0,130182,0
100,1,166992,0
85,1,169980,0
81,1,358772,0
93,0,73181,0
96,1,611182,0
93,0,75110,0
85,0,274004,0
90,0,259766,0
93,0,94660,0
91,1,349009,0
87,0,957312,0
91,0,943575,0
97,1,493055,0
95,0,497853,0
92,0,370040,0
96,1,346963,0
84,0,713702,0
100,1,218568,0
89,0,122777,0
83,1,623877,1
85,0,423166,0
83,1,645383,1
83,1,673810,1
83,0,903209,0
96,1,98426,0
89,0,915498,0
95,1,896604,0
97,1,558038,0
94,0,772903,0
91,1,225017,0
86,0,470393,0
84,0,786050,0
84,1,398718,0
99,0,643506,0
99,1,412406,0
86,0,284212,0
81,1,817311,1
80,1,811646,1
98,0,589305,0
99,0,622396,0
82,0,684730,0
100,0,937824,0
92,1,136274,0
81,0,407776,0
83,0,556062,0
100,0,979366,0
87,0,578402,0
80,1,368878,0
90,1,366745,0
91,0,558704,0
99,1,408154,0
98,0,151482,0
96,0,727796,0
80,0,622245,0
99,1,974408,0
92,1,744095,0
90,0,459632,0
87,0,599158,0
83,1,617485,1
96,1,229763,0
96,1,64270,0
82,1,616561,1
84,1,804801,1
96,1,605053,0
96,0,357350,0
99,0,919779,0
91,1,774250,0
84,0,150991,0
89,0,220613,0
92,1,197100,0
90,1,503536,0
86,0,137444,0
81,0,225291,0
93,0,844680,0
89,1,325479,0
83,1,612363,1
88,0,2990,0
88,0,121871,0
100,1,921594,0
94,0,985904,0
97,0,317814,0
84,1,903810,1
80,0,454252,0
84,1,297537,0
92,1,801262,0
82,0,799564,0
80,1,747613,1
96,1,217596,0
90,1,742842,0
86,1,290989,0
91,1,497527,0
100,0,795384,0
100,1,895478,0
97,0,285681,0
82,0,339671,0
82,0,801854,0
92,1,374074,0
88,1,136958,0
88,1,405853,0
83,1,313597,0
89,1,332331,0
90,1,135061,0
85,1,244067,0
84,1,239674,0
87,0,215008,0
80,0,979861,0
94,0,774929,0
90,1,675589,0
80,0,994569,0
93,0,109531,0
83,0,752067,0
90,1,443554,0
82,0,921964,0
92,1,565173,0
97,0,502799,0
98,1,96692,0
91,1,645658,0
93,0,834751,0
81,0,576437,0
85,0,368452,0
81,1,304808,0
82,1,421302,0
80,1,406284,0
93,0,670011,0
85,0,10611,0
87,0,48889,0
98,1,815229,0
91,0,935021,0
91,0,494373,0
100,0,370339,0
85,0,990846,0
93,0,911126,0
91,1,980880,0
96,1,573437,0
95,1,860395,0
88,0,402798,0
99,0,118999,0
85,1,894608,1
99,0,419405,0
90,0,734562,0
80,0,365690,0
86,0,363417,0
93,1,570913,0
83,1,822949,1
93,0,414867,0
99,0,62649,0
80,1,109724,0
88,1,120436,0
82,0,550002,0
89,1,769528,1
82,0,395392,0
96,0,866395,0
84,1,809771,1
82,1,417297,0
98,1,165310,0
94,1,808062,0
90,1,77574,0
87,0,470187,0
83,0,505421,0
99,1,53358,0
81,1,44004,0
85,1,679252,1
98,1,26776,0
88,0,731164,0
80,0,285804,0
92,1,647397,0
87,1,622230,1
86,0,586453,0
81,0,172946,0
97,0,545868,0
100,1,526890,0
91,0,475634,0
97,1,938998,0
90,1,506591,0
94,1,791236,0
97,0,477175,0
96,0,292564,0
84,1,254386,0
90,0,3684,0
89,0,349031,0
89,1,676704,1
80,1,77973,0
88,1,75560,0
86,1,937451,1
86,0,34814,0
92,1,215828,0
90,0,20423,0
80,1,588641,1
81,0,756948,0
88,1,183020,0
89,1,183856,0
85,0,363836,0
99,1,121141,0
89,0,238040,0
91,0,597801,0
85,1,730762,1
100,1,571926,0
92,0,396051,0
85,1,665000,1
94,0,324546,0
100,1,427331,0
81,0,763207,0
100,1,617681,0
84,1,186443,0
86,1,208789,0
99,1,225996,0
86,1,875443,1
97,1,777491,0
98,0,682104,0
82,1,577601,1
99,1,300729,0
80,0,40649,0
87,1,387897,0
96,1,22622,0
93,0,650324,0
91,1,296259,0
83,1,749199,1
90,1,110953,0
87,1,51817,0
81,0,441081,0
82,1,875475,1
100,1,917529,0
94,1,480752,0
90,1,740036,0
91,1,522542,0
90,1,304066,0
80,1,939382,1
92,0,464340,0
96,0,578499,0
84,0,681074,0
80,1,157045,0
90,1,169905,0
93,1,497167,0
87,1,880035,1
84,1,990943,1
81,1,641662,1
96,1,390001,0
94,0,861471,0
97,0,400808,0
82,0,719489,0
94,1,494611,0
87,0,991888,0
83,0,893131,0
86,0,747972,0
94,1,187717,0
97,1,369245,0
93,0,787104,0
81,1,378567,0
89,0,829523,0
92,1,195515,0
84,1,916885,1
88,1,196702,0
98,0,444430,0
81,0,622476,0
82,1,733493,1
83,0,617528,0
91,0,33794,0
80,0,25127,0
97,1,775285,0
81,1,213189,0
92,1,77930,0
81,0,30877,0
93,1,867508,0
100,0,769946,0
98,1,466393,0
83,0,933469,0
99,0,454991,0
97,1,176685,0
84,1,80936,0
95,0,773177,0
99,1,80694,0
94,0,97917,0
94,1,475149,0
83,0,236052,0
92,0,488001,0
95,0,696545,0
92,0,970847,0
95,0,883702,0
92,0,100785,0
96,1,654775,0
80,1,339832,0
93,0,521245,0
80,1,427036,0
94,0,523076,0
82,0,180933,0
80,1,732256,1
97,0,176305,0
88,1,13618,0
89,0,276798,0
81,1,523781,1
99,1,572015,0
86,1,282873,0
97,1,304236,0
96,1,433729,0
87,1,356121,0
94,1,910275,0
97,1,971211,0
91,0,390536,0
80,0,407028,0
91,0,113701,0
92,1,275628,0
90,1,405864,0
87,0,246818,0
90,0,452260,0
94,1,275667,0
84,0,604607,0
100,1,165558,0
84,0,308965,0
90,0,949211,0
82,0,362292,0
93,0,226200,0
95,1,190636,0
90,0,12548,0
94,0,831940,0
98,0,849147,0
81,0,757650,0
86,0,927144,0
87,0,183309,0
97,1,88310,0
95,1,504697,0
89,0,785385,0
98,1,596565,0
90,0,760165,0
85,1,181310,0
94,1,443878,0
95,1,59712,0
86,1,375076,0
99,0,262083,0
94,1,661671,0
92,0,253030,0
100,1,720163,0
80,0,732402,0
84,0,514155,0
98,1,234503,0
91,0,699914,0
80,0,363451,0
99,0,388090,0
91,1,110133,0
95,0,653274,0
93,1,871420,0
88,1,385760,0
99,0,292557,0
99,0,762525,0
88,1,830783,1
99,1,523632,0
84,0,603575,0
98,1,593683,0
80,0,398462,0
91,0,400051,0
91,0,36570,0
97,1,281405,0
99,0,326605,0
82,0,958498,0
82,0,647647,0
92,0,842135,0
99,1,915304,0
82,1,641101,1
90,0,759299,0
94,0,382649,0
95,0,384683,0
96,0,456174,0
91,1,368786,0
92,1,152976,0
98,1,728800,0
87,1,721109,1
95,0,615026,0
91,0,940995,0
85,0,565605,0
88,1,100560,0
83,1,149899,0
97,1,714508,0
96,0,566451,0
87,1,743811,1
99,1,687491,0
98,1,762014,0
88,1,903019,1
100,1,601020,0
92,1,51743,0
87,0,759000,0
82,0,832716,0
90,1,231894,0
88,0,116741,0
93,0,547260,0
99,0,708198,0
84,0,465687,0
92,0,379092,0
88,1,830550,1
99,1,130340,0
90,1,573174,0
95,1,633909,0
95,1,579124,0
92,0,999636,0
82,1,530343,1
92,1,112901,0
93,0,409426,0
82,0,685445,0
80,1,358705,0
80,1,926515,1
97,0,45625,0
89,1,852320,1
81,1,666172,1
88,0,617984,0
96,0,6352,0
84,1,283452,0
93,0,217072,0
85,1,308152,0
93,0,148733,0
95,1,264923,0
86,0,591772,0
83,1,479416,0
89,1,353382,0
82,1,531014,1
86,1,647796,1
99,0,59186,0
85,1,774520,1
100,1,581871,0
96,1,431497,0
97,1,218955,0
95,0,526745,0
87,1,78650,0
88,0,123346,0
95,1,387496,0
92,0,255363,0
86,0,22130,0
90,1,576697,0
83,0,932292,0
92,1,328478,0
89,1,412011,0
90,1,533782,0
85,1,318135,0
82,1,299485,0
89,1,972526,1
95,1,716414,0
100,0,332897,0
87,1,69681,0
90,0,988722,0
82,1,895991,1
93,1,568979,0
81,1,351775,0
85,0,503741,0
89,0,319041,0
93,1,1543,0
100,1,877935,0
88,1,807498,1
85,0,843458,0
99,0,888190,0
97,1,271480,0
85,0,549014,0
95,0,254586,0
90,1,286297,0
94,0,248010,0
91,0,13156,0
86,1,853367,1
81,1,589790,1
99,1,552846,0
92,1,369343,0
86,1,692460,1
97,0,263298,0
92,0,680712,0
96,1,548586,0
84,0,305647,0
86,0,6273,0
88,0,562100,0
99,0,851243,0
100,0,591106,0
96,0,657069,0
87,0,758642,0
98,0,165458,0
80,1,182800,0
87,0,572777,0
96,0,458383,0
85,1,289447,0
92,0,485154,0
98,1,974968,0
84,1,501912,1
89,0,162350,0
94,0,474672,0
90,0,509051,0
100,1,895681,0
93,0,688273,0
88,0,256055,0
99,0,556280,0
97,0,46052,0
89,0,99917,0
87,0,235323,0
99,1,16348,0
88,0,414807,0
82,1,997514,1
99,1,31772,0
96,0,223101,0
84,0,156460,0
83,0,179469,0
93,0,625621,0
82,1,493304,0
82,1,968452,1
96,0,513504,0
82,0,134010,0
90,0,230985,0
90,0,531887,0
95,1,803994,0
90,0,470720,0
92,1,966800,0
99,0,758150,0
81,0,331916,0
89,0,952517,0
82,1,68846,0
88,0,237707,0
95,1,640525,0
97,1,536207,0
93,1,461166,0
97,1,258985,0
93,1,54859,0
94,0,331469,0
83,1,470092,0
99,1,49157,0
97,1,904661,0
98,1,937084,0
95,0,88106,0
93,0,33052,0
80,0,350619,0
95,1,523536,0
82,1,185614,0
80,0,565492,0
99,0,607784,0
100,0,349413,0
100,0,843616,0
94,1,293900,0
92,0,730413,0
97,0,977408,0
81,0,179952,0
98,1,279949,0
83,1,293746,0
93,1,764149,0
81,1,75982,0
89,1,413805,0
92,0,325733,0
90,0,592500,0
91,0,8613,0
99,1,875359,0
94,1,338269,0
99,0,84194,0
92,1,353340,0
80,1,808851,1
97,1,452111,0
97,1,509648,0
93,0,50640,0
100,0,517209,0
87,0,970794,0
81,1,995094,1
89,1,71557,0
86,1,135294,0
80,0,843104,0
94,0,228181,0
83,0,554558,0
84,1,844136,1
86,0,981485,0
81,0,792203,0
98,1,540021,0
99,0,681574,0
91,1,115697,0
80,1,62219,0
91,0,452780,0
89,1,721071,1
95,1,647827,0
96,1,180082,0
100,0,606638,0
97,1,570214,0
99,0,181154,0
92,0,369313,0
99,1,138885,0
83,1,150546,0
91,1,607137,0
88,1,472443,0
100,0,85878,0
93,1,343673,0
90,0,555782,0
92,0,213319,0
91,1,592089,0
87,1,854363,1
94,0,737355,0
97,0,434108,0
96,1,732210,0
83,1,194783,0
87,1,539050,1
100,1,775882,0
95,1,449571,0
87,0,599749,0
86,0,706871,0
98,1,402552,0
92,0,655260,0
93,1,725930,0
84,0,41373,0
87,0,123722,0
95,0,265444,0
91,0,703155,0
96,0,66232,0
94,1,956634,0
83,1,695755,1
81,1,871150,1
89,0,90218,0
90,0,733900,0
89,1,257665,0
84,0,311870,0
84,1,715521,1
84,0,917437,0
85,1,826666,1
87,0,812719,0
82,1,664021,1
98,1,741319,0
94,0,15903,0
85,0,241505,0
80,1,679186,1
80,0,285512,0
98,0,233870,0
84,1,349197,0
89,1,228018,0
81,0,648572,0
82,1,165516,0
99,1,245974,0
97,1,725252,0
85,0,241601,0
96,1,162131,0
82,1,37244,0
88,0,2640,0
82,1,208472,0
89,1,289629,0
87,1,498796,0
83,0,778971,0
85,1,695372,1
92,0,409096,0
86,1,542050,1
90,0,779711,0
87,1,724392,1
82,1,240909,0
97,1,730589,0
95,0,946469,0
85,1,726987,1
99,1,594744,0
80,0,654456,0
94,0,337832,0
95,0,859166,0
81,0,545824,0
88,1,909278,1
86,0,146193,0
95,1,135825,0
100,0,86103,0
99,1,225210,0
100,1,510948,0
99,1,199948,0
86,0,273484,0
91,0,79929,0
85,1,778540,1
99,0,581275,0
92,1,85977,0
90,1,533152,0
84,1,89268,0
88,1,755079,1
88,1,463284,0
96,0,939802,0
92,1,413437,0
84,0,24944,0
96,1,455835,0
83,0,496485,0
94,0,532967,0
92,0,146954,0
97,0,462825,0
85,1,886607,1
89,0,83820,0
96,0,562955,0
95,0,862580,0
86,1,364954,0
93,0,386299,0
100,0,518362,0
94,0,793562,0
83,1,562985,1
90,1,423239,0
85,1,788661,1
100,1,205693,0
96,1,537807,0
82,1,572855,1
93,1,592156,0
84,0,89572,0
90,1,191104,0
92,1,395265,0
97,0,846044,0
80,0,171443,0
85,1,751085,1
85,1,490329,0
98,0,327067,0
88,0,635125,0
99,0,300723,0
94,0,340174,0
87,1,455387,0
86,1,75634,0
96,1,640197,0
86,1,105697,0
95,1,260198,0
89,0,279458,0
99,0,279515,0
91,1,522943,0
98,1,208662,0
83,0,355358,0
99,0,113182,0
87,1,758229,1
82,1,284722,0
81,1,437865,0
85,0,882330,0
100,1,707745,0
82,0,777005,0
98,1,880413,0
99,0,50967,0
82,0,420113,0
83,1,492701,0
91,1,425498,0
97,0,583809,0
90,1,229473,0
82,0,582656,0
81,1,845688,1
94,1,625787,0
89,0,900315,0
91,1,49046,0
88,0,829123,0
84,1,523139,1
89,1,211515,0
82,0,814444,0
84,1,390809,0
81,0,743970,0
100,0,833627,0
90,1,530120,0
95,1,140967,0
82,0,893110,0
95,1,227562,0
84,1,756206,1
84,1,688629,1
94,1,64687,0
95,1,464897,0
80,1,800077,1
100,0,799075,0
83,1,676005,1
88,1,426708,0
80,0,859832,0
88,1,103463,0
83,1,531190,1
94,0,596215,0
95,1,836851,0
81,1,560054,1
96,1,121922,0
96,1,132088,0
83,1,810235,1
83,0,531200,0
90,1,603858,0
100,0,301842,0
100,1,282825,0
93,1,458912,0
89,1,883747,1
81,0,304421,0
86,1,669647,1
98,1,126297,0
100,1,576051,0
87,0,689929,0
99,1,767311,0
81,0,873167,0
80,0,821054,0
97,1,850071,0
87,0,154100,0
97,1,846873,0
83,1,589811,1
98,1,468808,0
84,0,945316,0
86,0,822117,0
85,0,731140,0
93,0,393892,0
96,0,319146,0
81,1,199322,0
89,1,267659,0
83,0,79958,0
85,0,269764,0
95,1,828216,0
83,0,432735,0
99,1,949582,0
98,1,683702,0
84,1,423312,0
85,0,648070,0
94,1,379886,0
97,0,846276,0
97,0,930936,0
96,1,486811,0
91,1,13283,0
88,0,956275,0
87,0,444597,0
96,0,711076,0
84,0,771168,0
94,0,392618,0
88,0,801613,0
85,0,316559,0
86,0,233698,0
94,1,631475,0
80,0,902669,0
81,1,608634,1
84,1,513860,1
80,0,993168,0
81,0,894421,0
80,1,818985,1
92,1,28367,0
88,1,607009,1
81,1,782204,1
93,0,377734,0
95,1,559641,0
86,1,393334,0
95,1,205482,0
81,0,197080,0
92,1,342900,0
84,1,980676,1
89,0,998322,0
84,1,507633,1
85,1,599257,1
87,1,244613,0
89,0,774904,0
81,0,947499,0
95,1,25852,0
88,0,800897,0
98,1,421210,0
93,1,988283,0
88,0,184568,0
81,1,73625,0
86,1,135408,0
88,1,504328,1
100,0,568602,0
90,0,636379,0
83,1,748307,1
87,1,935124,1
80,1,102753,0
80,0,416220,0
100,0,811987,0
92,1,712773,0
100,0,404453,0
85,0,570301,0
85,0,824049,0
100,0,868281,0
96,0,739050,0
95,0,249532,0
82,1,957757,1
96,1,90135,0
100,0,107178,0
92,1,726921,0
94,0,724585,0
99,0,636787,0
91,1,499893,0
95,1,664730,0
96,0,147612,0
85,0,896001,0
82,1,511865,1
94,0,301934,0
95,1,322377,0
89,0,169818,0
91,1,636019,0
80,0,253364,0
100,0,398570,0
95,1,559437,0
89,1,152470,0
87,1,782835,1
80,1,616596,1
89,1,138057,0
90,1,198285,0
90,0,611270,0
91,1,153638,0
100,0,314226,0
90,0,298734,0
87,1,734301,1
81,0,499864,0
98,1,855729,0
82,0,565107,0
97,1,270633,0
97,0,262689,0
96,1,985037,0
88,0,788892,0
82,0,115110,0
83,1,359687,0
93,1,48005,0
85,0,929317,0
81,0,693723,0
99,0,633616,0
94,1,321199,0
91,0,194189,0
90,1,686158,0
90,1,590928,0
98,0,426777,0
89,0,190979,0
89,1,359191,0
85,0,102236,0
97,1,202542,0
85,0,52975,0
93,1,637042,0
94,0,137890,0
91,1,52443,0
97,1,757290,0
93,1,539371,0
82,0,863323,0
85,0,3527,0
84,1,440626,0
93,1,679425,0
98,0,620867,0
97,1,346845,0
81,1,785611,1
91,0,323992,0
86,1,507599,1
87,0,25981,0
90,1,363377,0
87,0,201796,0
97,1,755835,0
82,1,362367,0
94,1,30486,0
82,0,641190,0
80,0,899306,0
82,1,128645,0
85,0,875847,0
88,0,495872,0
82,1,206599,0
92,0,360630,0
93,0,291144,0
82,1,243246,0
84,0,770291,0
81,0,377223,0
99,1,811413,0
82,1,503770,1
86,0,708625,0
89,1,825353,1
83,1,985544,1
83,1,348742,0
82,0,943134,0
93,0,256054,0
81,1,413393,0
86,1,575972,1
93,0,286318,0
90,1,854257,0
84,1,879879,1
89,1,950602,1
98,0,719735,0
95,1,25721,0
95,0,42546,0
90,0,695772,0
91,0,385392,0
95,0,167923,0
94,1,30446,0
87,1,901445,1
87,1,418448,0
91,0,524092,0
90,1,90879,0
98,1,572861,0
100,1,872283,0
90,0,729853,0
96,0,262156,0
81,1,494772,0
87,1,353556,0
85,0,220515,0
93,0,538724,0
97,0,26228,0
90,0,403962,0
92,1,470249,0
83,1,448374,0
91,1,870696,0
99,0,778341,0
92,0,941504,0
97,1,194959,0
97,0,601290,0
99,1,338228,0
82,0,3225,0
82,0,848246,0
94,0,781400,0
83,0,84006,0
87,1,417599,0
97,1,308971,0
89,1,790217,1
93,0,329265,0
95,0,661186,0
87,0,174890,0
84,0,424628,0
94,0,456727,0
91,0,865647,0
87,1,719329,1
86,1,119570,0
94,0,606371,0
100,1,979339,0
86,1,268206,0
91,1,846030,0
83,0,5102,0
85,1,457943,0
88,1,407594,0
99,0,633489,0
85,0,152868,0
94,0,983495,0
81,1,40333,0
98,0,842129,0
97,0,928455,0
97,1,67964,0
93,1,658756,0
82,0,590408,0
90,1,642916,0
86,1,816350,1
95,0,646395,0
86,0,219916,0
89,1,813168,1
84,1,984356,1
98,0,593929,0
80,0,736818,0
81,0,748669,0
89,1,848500,1
94,1,107234,0
88,0,26505,0
91,1,851038,0
85,0,515076,0
84,1,550591,1
94,1,374894,0
86,0,500918,0
83,0,60962,0
80,0,904843,0
95,1,990168,0
98,0,606786,0
82,0,396133,0
88,1,126623,0
93,1,78009,0
83,1,5352,0
94,1,654829,0
88,0,155412,0
95,0,569148,0
87,0,616459,0
87,0,626629,0
100,1,93728,0
91,1,643544,0
92,0,403051,0
83,1,848413,1
84,0,273937,0
82,1,262058,0
90,1,522218,0
97,1,120929,0
80,1,345600,0
81,1,757035,1
94,0,187653,0
88,1,343178,0
80,0,314429,0
85,1,835304,1
98,1,796621,0
89,0,943921,0
94,0,691687,0
97,1,646154,0
84,0,592862,0
87,1,339596,0
81,0,865806,0
90,0,783452,0
88,0,903658,0
90,1,744747,0
97,0,542356,0
93,1,114200,0
88,1,412755,0
97,0,700622,0
88,1,363387,0
98,0,237955,0
81,0,114902,0
83,1,196862,0
88,0,308886,0
98,1,589864,0
94,1,945161,0
85,1,244125,0
86,0,845232,0
92,1,276649,0
87,0,769960,0
87,1,871219,1
81,0,390012,0
83,0,11641,0
93,1,460483,0
99,0,469200,0
91,1,523297,0
96,1,830190,0
90,1,116047,0
87,0,957889,0
91,0,769916,0
94,1,240546,0
94,0,547391,0
95,0,110909,0
80,1,713277,1
80,1,801193,1
85,0,671218,0
87,1,436311,0
86,0,312575,0
84,0,898058,0
92,0,142747,0
87,1,130517,0
95,1,646977,0
92,0,356712,0
97,0,493143,0
87,0,532320,0
80,0,621291,0
97,0,478691,0
93,1,886593,0
98,0,9153,0
91,0,770918,0
81,0,863463,0
90,0,376525,0
83,0,540301,0
98,0,177350,0
86,0,836262,0
85,1,440511,0
95,1,833749,0
84,1,934106,1
80,0,232625,0
84,1,863966,1
91,1,842739,0
91,0,868478,0
99,0,346448,0
84,1,427794,0
93,1,952974,0
93,0,501515,0
81,0,854736,0
100,1,137267,0
88,0,650633,0
90,1,789092,0
80,0,272411,0
84,1,513642,1
80,1,158269,0
90,0,70709,0
84,1,412877,0
89,1,897767,1
86,0,510885,0
84,0,840035,0
85,1,596818,1
100,1,648500,0
81,1,398512,0
80,1,704519,1
82,0,522101,0
95,0,427880,0
88,0,920978,0
97,0,515532,0
83,1,548263,1
83,1,459714,0
82,1,88540,0
100,0,867519,0
84,0,440644,0
83,0,919471,0
92,1,319093,0
80,1,947117,1
100,1,373262,0
100,0,6936,0
88,1,174213,0
80,1,829141,1
95,0,481226,0
90,1,260364,0
91,1,973170,0
88,0,644578,0
89,1,316424,0
90,1,662377,0
91,0,858932,0
80,1,593334,1
84,0,279851,0
95,1,408377,0
84,1,50697,0
90,0,579942,0
99,1,143901,0
81,1,704435,1
95,0,318189,0
97,0,470883,0
95,1,408297,0
82,1,175877,0
98,1,979035,0
81,1,215886,0
87,0,7871,0
87,0,920524,0
90,1,468704,0
85,0,385340,0
85,0,478604,0
93,0,811568,0
90,0,567228,0
91,1,57465,0
90,0,924080,0
96,0,59215,0
100,1,692918,0
91,1,180398,0
88,0,452929,0
93,1,954035,0
80,1,876796,1
97,1,118751,0
92,1,837510,0
90,1,842300,0
80,0,722583,0
94,1,867950,0
84,1,107197,0
87,0,360,0
96,0,163940,0
97,1,136930,0
88,1,259108,0
92,0,76368,0
94,1,898362,0
96,0,27437,0
93,0,669486,0
96,1,448390,0
88,1,957516,1
82,0,376824,0
84,1,762177,1
84,1,957958,1
99,0,723316,0
90,1,930821,0
86,0,121345,0
98,1,799350,0
92,0,397805,0
87,1,417184,0
90,0,598133,0
86,0,95122,0
93,1,231117,0
88,0,860886,0
97,1,52180,0
97,0,308787,0
88,1,28640,0
85,1,849473,1
88,0,909059,0
88,1,467412,0
100,1,151315,0
100,1,560576,0
85,1,259155,0
83,0,705044,0
91,1,506812,0
99,0,812751,0
94,1,827782,0
89,0,400022,0
100,0,698770,0
92,1,457428,0
87,0,623393,0
83,0,736377,0
86,1,629800,1
86,0,809890,0
87,1,868811,1
94,1,442367,0
84,1,528717,1
94,1,644562,0
88,1,986225,1
87,0,999107,0
91,1,885669,0
90,0,204096,0
86,1,564132,1
93,1,185851,0
94,1,427554,0
86,0,811528,0
93,1,511210,0
95,1,861955,0
97,0,651070,0
83,1,993498,1
88,1,993994,1
82,1,80021,0
89,1,847387,1
80,0,832811,0
99,0,777045,0
97,1,75747,0
92,0,497600,0
84,0,33897,0
99,1,143176,0
81,1,701318,1
92,0,768403,0
82,1,256411,0
96,1,294871,0
97,0,207828,0
91,0,659443,0
88,0,790766,0
98,0,382423,0
85,1,323546,0
90,0,924599,0
87,1,216299,0
88,0,884139,0
87,0,795227,0
98,1,340874,0
96,0,867939,0
82,1,361635,0
88,0,277142,0
86,0,50062,0
88,1,525439,1
91,1,417237,0
85,1,57580,0
87,0,819888,0
81,1,474670,0
90,0,2139,0
94,1,401988,0
96,1,982141,0
95,1,273083,0
84,0,212133,0
80,0,688430,0
80,0,407014,0
88,0,620058,0
99,0,410915,0
92,0,804844,0
91,0,826683,0
84,1,810564,1
91,1,33939,0
99,0,805538,0
98,0,108861,0
87,0,569928,0
93,0,297389,0
91,0,468837,0
82,0,828571,0
92,0,871062,0
88,1,406044,0
90,1,456194,0
82,0,712244,0
86,1,607158,1
94,0,164483,0
81,1,445256,0
85,1,343671,0
95,0,539079,0
83,1,463965,0
88,0,900139,0
91,1,529972,0
91,0,767936,0
90,1,142900,0
96,1,313237,0
93,0,984919,0
98,1,695982,0
100,0,704340,0
99,0,134286,0
94,1,523764,0
86,0,831522,0
98,0,644792,0
95,0,117900,0
94,1,898261,0
99,1,68987,0
91,1,320281,0
85,1,849411,1
93,0,789245,0
87,0,661076,0
98,1,803630,0
83,1,170897,0
96,1,368564,0
98,1,291621,0
99,1,278551,0
88,0,404668,0
87,0,684341,0
99,0,826025,0
85,1,103048,0
84,0,189938,0
92,0,326564,0
96,0,350005,0
97,1,506807,0
88,0,587074,0
89,1,338527,0
94,0,335202,0
98,0,372072,0
90,1,946795,0
93,0,615319,0
100,1,10758,0
97,0,577266,0
92,1,462758,0
85,0,769334,0
81,1,574111,1
80,0,552900,0
87,0,209336,0
100,1,450156,0
100,1,805271,0
81,0,147655,0
83,0,577679,0
93,1,536781,0
89,0,365576,0
97,0,515502,0
93,0,926127,0
80,0,937889,0
97,0,437833,0
86,0,133876,0
96,0,510298,0
80,0,672748,0
85,0,749532,0
100,0,551626,0
98,1,446564,0
95,0,879725,0
98,0,333359,0
97,0,640485,0
88,1,445211,0
86,0,717658,0
82,0,698709,0
100,1,600837,0
90,0,989126,0
95,0,180991,0
88,1,116411,0
100,1,558068,0
95,0,963621,0
82,0,329884,0
92,1,458972,0
100,1,800697,0
89,1,286875,0
92,1,515947,0
90,0,315333,0
89,1,704088,1
96,0,701382,0
88,0,265051,0
99,0,57291,0
99,0,529209,0
96,1,316181,0
94,0,297413,0
86,0,267632,0
100,0,783098,0
92,0,402399,0
100,1,206195,0
99,0,56333,0
100,1,768690,0
95,1,769495,0
81,0,254055,0
91,1,119800,0
84,1,815108,1
90,0,369450,0
84,0,480839,0
81,0,803571,0
98,0,660502,0
98,0,256957,0
85,0,42743,0
82,1,964262,1
97,1,849380,0
83,0,172744,0
98,1,29606,0
93,1,556778,0
91,0,483413,0
92,1,177750,0
90,1,291017,0
88,1,693826,1
85,1,493027,0
91,1,108659,0
86,1,716866,1
82,1,335221,0
99,1,897904,0
99,0,596557,0
98,1,791394,0
82,1,546079,1
97,1,625273,0
95,1,735826,0
83,0,708331,0
94,1,709881,0
81,0,414746,0
85,1,732497,1
97,1,565957,0
85,0,909320,0
92,0,981501,0
90,0,262217,0
84,0,824617,0
92,0,483437,0
92,1,277900,0
87,1,924265,1
96,0,605832,0
94,1,836182,0
100,1,612082,0
93,0,387396,0
94,1,332532,0
81,0,406327,0
98,1,886057,0
84,1,511248,1
100,0,613928,0
92,1,645789,0
86,0,311977,0
92,0,16387,0
81,1,832150,1
93,1,213357,0
91,1,501299,0
87,0,688457,0
81,1,718684,1
99,0,298512,0
84,0,277441,0
90,1,138167,0
88,1,956119,1
86,0,996189,0
80,0,634371,0
90,0,395618,0
83,0,608050,0
98,0,374261,0
93,1,65829,0
82,0,886361,0
96,1,98447,0
87,0,645569,0
95,1,189577,0
86,0,276721,0
82,0,916443,0
97,1,533928,0
98,0,101518,0
100,0,549403,0
90,1,549426,0
98,1,963382,0
85,0,269449,0
93,1,817721,0
89,1,911763,1
82,1,303589,0
81,0,868923,0
81,1,192941,0
84,1,420094,0
92,1,273014,0
84,0,70038,0
97,0,746689,0
80,1,123745,0
89,0,331447,0
92,0,34619,0
99,1,863401,0
81,1,769072,1
92,0,293678,0
88,1,216294,0
94,1,354196,0
96,1,157522,0
87,1,250271,0
95,0,663844,0
86,1,216216,0
92,0,137014,0
92,0,916651,0
89,1,253278,0
84,1,833573,1
87,0,171015,0
81,0,169286,0
88,1,385034,0
82,1,459479,0
88,1,135193,0
88,1,499148,0
85,1,13907,0
85,0,999524,0
87,1,395168,0
92,1,289324,0
89,1,798656,1
84,1,412745,0
81,0,820547,0
93,1,988259,0
84,1,689726,1
87,0,761860,0
94,1,768120,0
98,1,563235,0
95,1,111596,0
100,1,789403,0
96,0,779989,0
99,0,610712,0
95,1,883029,0
84,1,99340,0
92,1,533756,0
99,0,199604,0
86,0,247249,0
92,0,282957,0
82,1,592428,1
80,0,169463,0
92,1,348867,0
96,0,642884,0
83,0,404631,0
96,0,22457,0
84,1,912422,1
83,0,174588,0
92,0,67243,0
82,1,331208,0
96,1,340453,0
83,0,102090,0
96,0,787324,0
83,1,75342,0
82,0,320926,0
80,1,999439,1
87,1,340678,0
81,1,81652,0
92,1,231889,0
97,0,465646,0
80,1,603536,1
88,1,32190,0
88,0,939007,0
95,0,345961,0
87,1,143158,0
81,0,651980,0
97,1,766862,0
80,1,138623,0
90,1,121001,0
93,1,580008,0
92,1,954055,0
86,0,559282,0
100,0,780627,0
92,1,866728,0
96,1,690522,0
82,0,39838,0
83,0,528710,0
88,0,14390,0
87,1,977985,1
94,0,442648,0
95,1,826990,0
80,1,432153,0
99,0,507044,0
86,1,603942,1
98,0,577996,0
86,0,401740,0
80,1,550233,1
97,0,14367,0
85,0,223594,0
93,0,704938,0
99,1,174796,0
97,0,666481,0
83,1,446404,0
100,0,504323,0
95,0,726275,0
81,0,840268,0
91,1,182678,0
89,0,265664,0
91,0,578828,0
91,1,770015,0
91,1,735913,0
92,1,970904,0
94,1,695533,0
92,0,536061,0
84,1,299203,0
98,0,824070,0
100,0,258146,0
80,0,614674,0
89,1,581827,1
82,1,660597,1
90,1,161100,0
85,1,425942,0
100,0,537600,0
92,0,534685,0
97,0,61169,0
96,0,158322,0
83,1,675138,1
94,1,953127,0
80,1,207127,0
82,1,439564,0
100,0,866535,0
92,1,943709,0
83,1,557536,1
82,1,458918,0
88,0,856047,0
83,0,496791,0
99,1,453284,0
84,0,459509,0
98,0,394994,0
99,1,899127,0
87,0,397655,0
92,1,575186,0
85,0,210018,0
85,1,974809,1
91,1,62603,0
83,0,13562,0
95,0,701181,0
100,1,883974,0
92,1,475909,0
81,1,109127,0
94,0,929348,0
81,0,912706,0
96,0,420963,0
83,1,302052,0
98,1,898699,0
90,0,558435,0
89,0,621236,0
84,1,516894,1
88,1,128004,0
91,0,665132,0
90,0,210079,0
84,0,595518,0
98,1,784397,0
91,0,553496,0
82,0,901677,0
91,1,205212,0
92,1,15343,0
85,0,63399,0
80,0,261188,0
92,0,914914,0
93,1,808033,0
97,0,388325,0
85,0,580393,0
97,1,316136,0
93,1,10448,0
94,1,395651,0
87,1,247096,0
82,1,98521,0
95,1,536519,0
98,1,500748,0
81,1,313754,0
99,1,639891,0
95,1,779054,0
100,0,987686,0
97,0,831791,0
89,0,255199,0
80,1,970386,1
89,0,835566,0
94,1,476627,0
94,1,974403,0
97,1,559909,0
84,0,79089,0
97,1,858940,0
93,0,239814,0
85,0,300322,0
82,0,665732,0
97,1,460742,0
86,0,334581,0
98,1,238371,0
90,0,43744,0
89,0,3937,0
84,1,67602,0
99,1,911815,0
90,1,683562,0
81,0,797543,0
100,1,504825,0
98,1,527191,0
90,0,992724,0
90,1,41901,0
91,1,27987,0
92,0,411228,0
91,0,212457,0
84,1,718347,1
92,0,103141,0
95,1,806118,0
98,1,667008,0
99,1,183388,0
98,0,17411,0
88,0,712073,0
93,1,151175,0
93,1,496945,0
93,0,364079,0
95,1,975018,0
81,0,889932,0
91,0,447704,0
89,1,707270,1
88,0,696505,0
90,0,438860,0
99,1,491463,0
87,0,845324,0
81,1,951794,1
84,0,487957,0
87,1,242937,0
97,1,445365,0
97,1,203220,0
88,1,553874,1
88,1,402126,0
83,0,627817,0
87,0,284981,0
93,0,52198,0
80,0,567751,0
100,0,410021,0
90,0,54572,0
94,0,772412,0
98,0,255972,0
89,0,346510,0
100,1,969842,0
94,0,780153,0
87,0,394711,0
97,0,659057,0
87,1,453469,0
80,1,980847,1
100,0,865669,0
86,1,332460,0
100,1,163845,0
86,1,237315,0
86,1,58258,0
80,0,394583,0
92,0,13288,0
92,0,606777,0
81,0,58598,0
81,0,138239,0
97,0,936651,0
81,1,43930,0
83,1,685569,1
86,0,875359,0
85,0,934462,0
100,0,736912,0
85,0,851463,0
96,0,145891,0
89,0,249140,0
94,0,903832,0
81,0,10823,0
97,0,238187,0
89,0,314100,0
83,0,438728,0
84,1,807734,1
95,0,974476,0
95,1,662104,0
96,1,608025,0
97,0,134936,0
90,1,29272,0
89,0,771426,0
89,1,4332,0
89,1,683053,1
100,0,567744,0
99,1,226269,0
95,0,757699,0
84,0,521568,0
81,0,431284,0
94,0,68449,0
86,0,752379,0
99,1,204507,0
85,1,611322,1
87,0,62953,0
84,1,247498,0
94,0,804547,0
95,1,483462,0
100,1,237013,0
99,1,711988,0
100,0,773754,0
95,1,280508,0
92,0,386600,0
82,1,830106,1
88,1,328517,0
97,1,632761,0
97,1,471679,0
94,1,306735,0
99,0,905779,0
97,0,486714,0
89,0,822986,0
83,0,440272,0
91,1,46128,0
95,1,908658,0
86,1,728951,1
83,1,324030,0
87,0,524954,0
97,1,40686,0
96,1,975186,0
84,0,142829,0
98,0,456836,0
91,0,554502,0
97,0,778124,0
99,0,592890,0
93,0,150404,0
88,1,93854,0
91,0,509069,0
97,0,235728,0
86,0,166946,0
84,1,882368,1
80,1,815671,1
93,1,866350,0
87,1,525464,1
97,0,705008,0
99,1,962924,0
80,0,804396,0
94,0,81545,0
96,1,390136,0
81,1,424929,0
89,1,609450,1
94,1,635583,0
95,1,795703,0
98,1,103784,0
96,0,966699,0
94,1,586191,0
81,1,992076,1
82,0,762473,0
91,0,539230,0
92,1,851270,0
83,1,709403,1
84,0,875528,0
98,0,601592,0
97,1,160961,0
81,1,417379,0
83,1,716690,1
88,0,60610,0
81,0,930613,0
100,0,952260,0
87,1,941899,1
85,1,682576,1
80,0,274428,0
83,1,994467,1
80,0,144237,0
98,0,871488,0
93,1,848025,0
89,1,952869,1
100,1,146874,0
92,0,559063,0
91,1,739763,0
86,0,792901,0
80,1,121343,0
95,0,400019,0
89,0,177047,0
93,0,889711,0
88,0,107799,0
80,1,774848,1
89,0,715671,0
98,0,514824,0
95,1,301178,0
89,1,566591,1
85,1,663217,1
94,1,508005,0
99,1,486375,0
99,0,75962,0
99,0,93290,0
97,0,598517,0
86,0,734388,0
91,0,722503,0
89,0,16578,0
88,1,437583,0
98,0,617215,0
92,0,835335,0
94,1,202154,0
95,1,837549,0
86,1,642381,1
100,1,263651,0
100,1,397703,0
86,1,699337,1
92,0,85908,0
87,1,435972,0
92,0,903105,0
96,1,486448,0
90,0,378104,0
80,0,949257,0
92,1,834527,0
85,0,235657,0
80,1,17473,0
95,0,489310,0
82,0,566332,0
84,0,50861,0
100,1,290426,0
97,0,288543,0
86,1,903120,1
92,1,345143,0
84,1,840777,1
89,1,759513,1
92,0,412930,0
90,1,645427,0
95,0,667488,0
93,0,789478,0
83,1,756666,1
83,1,961240,1
84,1,876922,1
93,0,504422,0
94,0,822913,0
95,1,261196,0
81,0,656105,0
99,1,472283,0
88,1,406097,0
92,1,792919,0
98,0,459667,0
93,1,550659,0
83,1,904080,1
84,1,659819,1
81,1,648925,1
92,0,960587,0
80,0,727958,0
90,0,160211,0
98,1,91311,0
91,1,18937,0
85,1,507706,1
100,0,943870,0
85,1,762929,1
89,1,883615,1
100,0,903923,0
85,0,441111,0
90,0,101276,0
99,1,365389,0
93,1,153742,0
92,0,209175,0
91,0,242315,0
82,1,473451,0
100,1,745835,0
93,0,433226,0
84,1,59731,0
92,0,17914,0
81,0,667531,0
88,0,791694,0
84,1,873514,1
91,0,953834,0
88,1,257396,0
92,1,538407,0
81,0,633149,0
88,1,796921,1
94,1,456384,0
97,1,4601,0
93,1,991812,0
86,0,276510,0
80,1,93065,0
91,1,881061,0
95,1,353489,0
86,1,242955,0
96,0,152178,0
85,0,46793,0
88,1,148006,0
96,1,969474,0
97,1,154357,0
88,0,98004,0
93,0,651201,0
99,1,493989,0
99,1,14158,0
86,0,57226,0
80,1,575104,1
84,0,162459,0
91,0,57524,0
88,0,846925,0
93,1,94578,0
94,0,190714,0
99,0,277365,0
99,1,860921,0
82,1,364900,0
98,0,72215,0
95,0,920764,0
91,0,643840,0
90,1,167731,0
91,1,65669,0
89,1,769600,1
83,1,600680,1
94,1,706728,0
97,1,670804,0
91,1,21481,0
85,0,476099,0
82,0,728933,0
95,0,623028,0
81,1,318369,0
95,0,49722,0
91,0,760306,0
94,0,766513,0
99,0,72230,0
81,0,19659,0
86,0,476894,0
89,1,536650,1
85,1,701175,1
87,0,787509,0
83,1,482865,0
81,1,689871,1
95,0,128183,0
90,1,640196,0
93,0,178265,0
83,1,249364,0
81,1,543497,1
92,0,18109,0
88,0,260027,0
92,0,845740,0
80,0,787804,0
95,0,804763,0
83,0,806280,0
91,0,653167,0
82,1,573056,1
89,0,725950,0
96,1,297643,0
87,0,437248,0
100,1,235309,0
83,0,550410,0
87,0,142341,0
85,0,847789,0
82,0,460505,0
82,0,176320,0
81,1,971676,1
95,1,164264,0
83,1,857268,1
92,0,417887,0
88,0,549693,0
80,1,521757,1
99,0,696091,0
80,1,578648,1
82,0,4247,0
80,1,760692,1
94,1,873959,0
83,1,77868,0
83,1,405022,0
86,0,545154,0
92,0,586869,0
90,0,186743,0
96,0,695138,0
86,0,972659,0
97,1,958832,0
85,0,269939,0
81,1,984794,1
90,0,882917,0
96,0,190171,0
82,1,529639,1
82,0,440422,0
86,1,846324,1
92,0,987712,0
98,1,282481,0
97,1,453676,0
88,0,118181,0
93,1,802024,0
84,0,817633,0
100,1,45641,0
88,1,879970,1
90,0,553377,0
82,1,726687,1
90,1,821068,0
84,1,144368,0
88,1,213564,0
98,1,412690,0
93,0,47787,0
84,0,780997,0
81,0,804426,0
83,1,345970,0
95,1,536524,0
83,1,442618,0
84,1,446330,0
88,1,12802,0
93,0,412498,0
86,1,850636,1
81,0,936261,0
80,1,970997,1
80,0,332687,0
87,1,910235,1
96,0,779728,0
87,1,142462,0
94,1,109166,0
82,1,83931,0
91,0,681053,0
96,1,326759,0
97,1,906994,0
97,0,247506,0
83,1,549057,1
91,1,160417,0
90,1,275670,0
84,1,714046,1
90,1,898318,0
93,0,568134,0
88,1,527040,1
95,0,297023,0
93,1,146717,0
87,1,139342,0
88,1,558627,1
97,1,783434,0
81,0,870015,0
91,1,482682,0
82,0,308065,0
93,0,395125,0
80,1,654974,1
92,1,767781,0
87,0,6153,0
88,0,153304,0
90,0,334245,0
100,1,61744,0
84,0,330529,0
83,0,149332,0
99,1,918967,0
100,1,822900,0
80,0,298555,0
96,0,605250,0
83,0,130465,0
85,1,204331,0
93,1,965922,0
83,0,938146,0
97,1,427490,0
90,1,351902,0
90,1,50745,0
86,1,841000,1
100,1,271127,0
83,0,168435,0
100,0,963172,0
90,0,99097,0
96,0,567503,0
86,0,543801,0
91,1,254962,0
97,0,605924,0
96,0,71518,0
100,1,628269,0
80,0,553614,0
100,0,38743,0
100,0,116708,0
99,1,925926,0
92,1,769922,0
97,0,346520,0
97,1,725525,0
84,0,696104,0
86,0,795744,0
81,1,237973,0
90,0,392893,0
89,0,163194,0
90,0,746689,0
88,1,29475,0
94,0,495849,0
98,0,382736,0
99,1,343419,0
100,1,148109,0
99,1,761527,0
89,1,320355,0
90,0,526026,0
96,1,724717,0
92,1,486802,0
87,1,686907,1
89,0,624845,0
96,1,918663,0
85,1,979756,1
85,0,743658,0
82,0,439802,0
80,1,422051,0
92,0,39647,0
98,0,957622,0
89,1,958524,1
80,1,951065,1
92,0,366094,0
92,1,695212,0
98,1,858366,0
83,0,158325,0
91,0,808068,0
95,0,971872,0
88,0,141094,0
82,1,101652,0
96,0,546738,0
81,0,629238,0
89,1,981638,1
92,0,540006,0
84,0,7904,0
95,0,722929,0
93,1,595340,0
80,0,410709,0
91,1,342565,0
93,0,594675,0
85,1,886156,1
80,1,847418,1
92,1,576627,0
89,0,426196,0
95,0,349949,0
95,1,863627,0
91,1,202885,0
95,1,151422,0
90,0,801689,0
82,0,911360,0
94,1,411407,0
81,1,678262,1
