AOD,cummulative_cr_amount,cummulative_dr_amount,channel,output
33,57437,25762,1,0
23,81484,83642,1,1
22,8895,65535,1,0
38,86902,7782,1,0
32,52214,77020,0,0
39,40769,50596,0,0
20,67963,77259,0,0
23,17549,36387,0,0
30,17096,86488,0,0
23,92262,87847,0,0
27,52664,6414,0,0
40,71853,57523,1,0
24,74280,73888,1,1
34,89811,6246,0,0
37,65239,75125,1,0
20,24476,36919,1,0
31,73815,52587,1,0
26,58304,70700,1,1
37,61616,24245,0,0
36,25361,10558,1,0
21,13073,89523,1,0
33,60165,17009,1,0
23,88157,5197,1,0
32,6566,3739,0,0
26,83182,46033,1,1
38,59133,43537,0,0
35,86179,85119,0,0
39,68494,11362,1,0
38,39150,55099,1,0
29,5871,27614,1,0
20,38388,22380,1,0
33,16555,27042,1,0
28,32724,66822,0,0
20,20051,30399,1,0
22,95288,44670,0,0
31,18963,54725,1,0
25,43059,20716,1,0
35,50418,12653,1,0
23,32647,10882,0,0
20,9730,34764,0,0
26,37208,65652,1,0
36,91740,10121,1,0
38,9672,18922,0,0
29,84735,65612,1,1
36,52905,2885,0,0
25,72234,92417,0,0
24,18007,51332,0,0
24,17711,27908,1,0
38,31794,9898,0,0
25,94069,34448,1,0
25,91995,24883,0,0
37,8411,56892,1,0
32,28514,36419,0,0
35,93565,89892,1,0
21,21690,97745,1,0
29,69878,4344,1,0
34,22678,49166,1,0
31,93807,34242,0,0
21,47345,60944,1,0
25,89447,72155,0,0
34,20682,12142,1,0
39,73345,43373,0,0
28,10255,46667,0,0
34,39959,97805,1,0
25,4974,51970,0,0
36,88529,62368,1,0
30,83930,87436,1,0
25,5609,91119,1,0
22,33373,76750,0,0
38,43182,53138,0,0
33,41507,61272,0,0
22,85500,78593,0,0
26,92979,96376,0,0
38,83992,62090,1,0
36,42667,55812,1,0
30,79006,44779,1,0
38,8167,51297,0,0
22,46948,8113,1,0
23,87124,53247,1,1
32,32943,20325,0,0
39,75726,61977,0,0
24,59926,48375,1,1
22,84553,93791,1,1
27,32849,58013,0,0
21,96037,81550,0,0
23,31650,64047,0,0
27,11200,48249,1,0
29,93526,46230,1,1
23,58411,26109,0,0
29,61136,15810,0,0
35,13501,93941,1,0
24,83095,97371,1,1
36,86060,84617,1,0
39,22914,26764,1,0
39,77952,85391,0,0
36,53329,56591,1,0
31,41862,91648,0,0
39,79858,42929,0,0
21,76088,29990,0,0
39,78272,77606,0,0
21,86914,49059,1,1
28,12439,48886,0,0
37,83164,59202,0,0
40,8262,12062,0,0
25,92045,58245,0,0
40,76109,17713,1,0
38,71835,43565,1,0
26,50261,75882,1,1
23,20544,91344,1,0
26,71299,58457,1,1
23,13881,88658,0,0
30,53350,23206,0,0
31,50072,23742,1,0
39,86085,52437,0,0
36,82628,61566,1,0
26,94130,57671,1,1
32,26813,65599,0,0
24,68338,32246,0,0
25,25666,22141,0,0
37,10500,27459,1,0
37,6774,96926,1,0
31,89090,13971,1,0
39,15349,52319,1,0
24,10722,31748,0,0
22,73735,15290,0,0
26,56895,13332,1,0
29,34021,49990,0,0
20,33247,24057,0,0
30,78117,47340,0,0
33,87292,98489,1,0
40,72800,40372,1,0
20,86191,16400,1,0
39,36986,91948,1,0
32,68691,91534,0,0
21,29726,38474,0,0
35,33828,84909,1,0
27,79984,35864,0,0
20,94996,55756,0,0
38,23143,32813,0,0
26,81727,45716,0,0
25,31234,49488,1,0
32,53066,54324,1,0
22,61172,27264,1,0
31,47689,1450,1,0
23,61339,18181,1,0
28,91303,47871,0,0
24,61201,54288,1,1
20,73051,9764,1,0
37,63122,3339,1,0
36,48512,94350,0,0
34,9144,39796,0,0
33,15194,53175,1,0
26,46509,30136,0,0
24,72415,69371,0,0
38,40028,40736,1,0
24,60264,98024,0,0
33,14829,89521,1,0
23,2772,84677,1,0
29,23897,91709,0,0
33,59936,83592,1,0
33,33623,17321,0,0
40,37024,61208,1,0
39,72796,74219,0,0
28,7291,6876,0,0
39,54130,88775,1,0
22,29317,50087,1,0
26,23186,83805,1,0
20,99993,10030,0,0
29,62622,44560,1,1
30,68279,60209,1,0
32,1876,31558,0,0
30,51819,22335,0,0
30,93158,14644,0,0
24,76607,76252,1,1
36,46557,59799,1,0
26,23985,48355,1,0
36,60504,89239,1,0
31,14204,34783,0,0
20,73639,69225,0,0
35,53613,96341,0,0
36,21892,63023,0,0
32,64543,66404,0,0
38,9905,2164,1,0
27,26257,11288,0,0
37,68871,40419,0,0
20,30366,76932,0,0
25,36650,39613,0,0
34,39474,99143,0,0
22,10423,54076,1,0
26,88909,17092,0,0
29,28714,1058,0,0
22,45814,53123,0,0
34,98262,24960,0,0
36,45061,30697,0,0
40,18111,70295,1,0
30,46798,42494,0,0
37,78623,33113,1,0
39,94448,36206,1,0
23,63511,13616,0,0
40,23135,25977,0,0
39,28974,11324,1,0
27,8709,31526,0,0
35,41440,4442,1,0
37,32950,35009,0,0
39,73641,72269,1,0
28,70964,46765,1,1
22,56142,94589,1,1
37,65713,25460,1,0
39,88774,32161,0,0
26,68582,10888,1,0
36,72399,69107,1,0
29,31182,54798,0,0
22,53505,21650,0,0
39,13613,21017,1,0
29,75270,19525,0,0
22,32412,39338,1,0
38,6876,73858,0,0
31,72360,54852,0,0
24,18654,79385,0,0
31,7788,16457,0,0
39,3341,84053,1,0
26,22418,71895,0,0
30,62509,18420,0,0
38,14627,47265,0,0
39,42531,25290,0,0
28,47299,94608,1,0
35,98129,4250,1,0
23,21510,16566,1,0
35,70569,76718,1,0
28,80686,68028,0,0
38,53309,95189,0,0
35,97656,34048,0,0
31,41339,47035,0,0
28,92190,96542,1,1
26,31763,53298,0,0
24,58091,71751,0,0
35,5927,87952,1,0
22,81778,94735,1,1
24,86257,62192,1,1
36,64014,83656,1,0
38,49536,35741,1,0
36,51268,53777,0,0
32,55429,82278,1,0
40,37101,44692,1,0
22,18137,48504,1,0
32,31820,6503,1,0
28,54772,71739,0,0
27,18196,47590,1,0
28,25976,88682,1,0
39,8675,50485,1,0
22,7349,31268,0,0
31,10874,44476,0,0
35,78623,36563,1,0
38,14337,51787,1,0
39,61907,69009,0,0
21,16230,46811,1,0
26,46538,57404,0,0
31,14820,45708,1,0
30,72182,48895,0,0
23,95391,42285,1,1
35,61233,72050,1,0
30,18427,85279,0,0
34,72266,67101,1,0
28,59001,37373,0,0
36,50219,51704,0,0
36,3429,14849,0,0
35,40803,67295,0,0
34,97702,99134,0,0
35,14676,76645,1,0
38,70536,65313,0,0
23,35500,74074,0,0
39,82481,72756,1,0
20,98067,88109,1,1
34,52911,86611,1,0
25,62042,90583,1,1
27,2282,70686,1,0
39,59784,40945,0,0
39,50974,95184,1,0
29,6557,93627,1,0
24,31840,84642,1,0
31,8103,83797,0,0
37,43637,15115,1,0
39,73650,36853,0,0
34,6496,9156,0,0
38,5992,70138,1,0
31,17774,93690,0,0
31,9633,86083,1,0
36,65812,28502,0,0
34,43140,99556,0,0
29,64361,44435,1,1
32,95506,72311,0,0
24,4220,86188,0,0
27,89679,68479,0,0
21,11600,92941,1,0
25,73936,3167,1,0
25,80266,34648,1,0
35,44988,55900,1,0
22,79351,84184,1,1
30,23397,60603,0,0
27,12596,58710,0,0
40,97962,29750,0,0
39,90893,80561,0,0
27,70768,66530,0,0
35,64855,64513,0,0
30,94179,89546,0,0
32,51090,7675,0,0
32,40571,48740,0,0
33,33832,60813,0,0
24,3124,40294,1,0
40,77098,1861,0,0
35,80726,13912,1,0
33,45900,58081,1,0
37,42641,86313,0,0
32,90393,16409,0,0
37,86208,17829,0,0
40,11254,97766,0,0
39,51339,76160,0,0
33,81723,24346,1,0
36,76521,45355,1,0
29,44355,37507,1,0
38,56855,81116,0,0
40,93870,24133,0,0
33,8337,64206,0,0
38,84860,43296,1,0
33,75089,16108,0,0
33,20018,51437,1,0
29,58216,98452,0,0
25,33431,34880,1,0
36,1360,46302,0,0
39,34741,63634,0,0
38,39788,66644,1,0
31,26106,53511,0,0
31,27355,90651,0,0
26,17102,69407,1,0
35,40629,44027,1,0
40,59984,41076,0,0
22,12336,47368,0,0
25,6934,29720,1,0
36,21213,50608,1,0
22,56346,62799,1,1
29,12911,63378,0,0
31,65671,79314,1,0
33,72081,94774,1,0
34,48315,94340,1,0
38,89278,69809,0,0
38,37910,1278,0,0
39,54889,49821,0,0
22,8566,78984,0,0
39,85211,58315,1,0
22,19265,71022,1,0
25,9137,11646,1,0
21,40098,58046,0,0
38,45392,60384,1,0
31,31891,78425,1,0
27,94712,27521,0,0
32,47171,23279,0,0
39,56288,88733,0,0
40,70344,25769,0,0
39,50609,29589,0,0
36,81478,33137,1,0
21,29878,31165,1,0
32,89977,20221,1,0
40,90076,62444,0,0
23,91945,66965,1,1
32,75210,80313,0,0
28,78279,16315,1,0
29,55477,36897,1,0
39,87710,41764,0,0
38,18270,62489,1,0
24,90164,66165,1,1
29,51655,77573,0,0
24,32394,57633,0,0
21,95761,72436,0,0
32,50193,15164,1,0
30,29239,32013,0,0
39,30000,38010,0,0
26,43482,96777,1,0
23,25130,85813,0,0
37,30348,93696,1,0
25,73642,68989,1,1
23,1098,79396,0,0
40,63727,38245,1,0
31,80966,26015,0,0
20,62743,22963,0,0
27,94020,17071,1,0
34,82618,8005,1,0
32,53504,46838,0,0
21,36675,93079,1,0
23,7574,45593,0,0
35,71748,29397,1,0
35,70253,27108,1,0
40,92231,19701,1,0
30,4077,12119,0,0
32,87388,72089,1,0
40,68321,89817,0,0
24,90856,95748,0,0
26,12683,54794,0,0
29,12927,54265,1,0
35,18722,5489,1,0
27,63044,56779,1,1
23,86772,85956,0,0
24,97723,56427,1,1
26,4404,70234,1,0
38,62533,27333,1,0
35,1404,88848,1,0
28,81591,88700,1,1
32,97672,13280,1,0
26,5657,80178,1,0
20,93031,92306,0,0
34,54564,83232,1,0
20,89845,22779,0,0
39,21333,93246,1,0
20,94618,68920,1,1
22,28383,49831,1,0
20,25297,82219,0,0
35,70316,16818,0,0
23,49250,66632,1,0
27,86732,27748,1,0
28,27223,48663,1,0
36,96748,9772,0,0
27,5312,8592,0,0
33,47125,77636,1,0
35,27422,74453,0,0
21,82230,41122,1,1
34,85820,38056,1,0
21,78951,26664,1,0
23,69256,59422,1,1
34,3054,92459,1,0
40,28826,84294,1,0
28,53602,29647,0,0
31,75900,18346,1,0
32,86692,73991,0,0
36,7750,25432,0,0
26,18226,93219,1,0
27,12125,72491,1,0
27,12682,79718,1,0
30,14420,78867,0,0
22,95330,68049,1,1
30,89669,94331,1,0
36,80965,11751,1,0
23,96806,38210,1,0
20,23920,78601,0,0
20,72377,14570,1,0
21,18711,33438,0,0
28,51881,45247,0,0
24,6880,27641,1,0
22,7636,97370,0,0
40,97124,56616,0,0
38,44522,92758,1,0
33,48576,39571,0,0
35,57909,86734,1,0
23,12687,53253,1,0
26,16736,40390,1,0
26,76564,48832,1,1
32,10051,72498,1,0
39,52730,27132,0,0
26,10717,62002,1,0
32,49500,88315,0,0
33,37078,37357,1,0
37,7265,3284,1,0
29,91419,81905,0,0
33,49400,29660,1,0
36,83189,17017,1,0
26,6080,70395,1,0
25,57613,24562,0,0
31,15299,55646,1,0
33,84874,73779,1,0
26,78217,63985,0,0
35,7266,41099,0,0
35,44830,85477,0,0
39,38567,55182,1,0
25,96140,93316,0,0
29,74435,9904,1,0
22,34749,40815,0,0
25,60772,96519,1,1
39,32687,17847,1,0
27,14498,72305,1,0
35,75121,75159,0,0
33,99538,70848,1,0
40,37362,25357,1,0
32,67344,78198,0,0
30,45577,83583,1,0
33,38336,25404,1,0
27,36939,8576,1,0
22,57423,2169,1,0
36,77441,97242,1,0
22,90307,72249,0,0
26,71924,86037,0,0
31,13890,14326,1,0
36,25721,35310,1,0
23,79634,63752,0,0
29,14361,7447,1,0
25,53452,9565,0,0
29,6187,19264,1,0
30,18778,94958,0,0
21,47050,37515,1,0
21,4369,2371,0,0
21,1565,90767,0,0
39,55424,92920,0,0
25,96369,23095,1,0
25,51619,64403,0,0
24,52729,67965,1,1
24,73019,12881,1,0
38,95244,1961,0,0
28,77495,44940,1,1
37,5418,93886,0,0
25,65402,79827,1,1
29,34398,11110,1,0
40,72082,6082,1,0
30,81588,41592,0,0
20,86080,80710,1,1
38,64773,88411,0,0
28,7288,88362,0,0
26,96883,3599,0,0
36,40330,25821,1,0
20,89588,43649,1,1
28,89276,80549,1,1
28,32339,28580,0,0
30,17281,59804,0,0
35,7510,24822,1,0
24,34160,42228,1,0
30,73819,96431,1,0
36,30630,68562,0,0
34,22352,20576,1,0
26,18581,40317,0,0
33,46011,37084,1,0
28,76575,28625,0,0
35,77605,73348,0,0
21,80054,66981,0,0
30,14844,92061,0,0
34,44423,83840,0,0
29,77903,65753,0,0
34,65134,43904,0,0
26,75680,74684,1,1
21,45391,60302,0,0
39,77694,8452,1,0
29,36444,76733,0,0
35,23271,58007,0,0
21,83670,27161,0,0
40,51987,99142,0,0
39,87707,90786,0,0
38,57781,82794,1,0
39,24973,29598,0,0
35,19023,32817,0,0
20,49550,56238,0,0
29,59946,76254,0,0
40,99096,92307,1,0
27,20980,85529,1,0
20,66274,13061,0,0
30,74634,3221,1,0
33,34711,81867,0,0
28,85868,32427,0,0
31,86173,54293,1,0
36,43605,23425,1,0
31,72638,30795,0,0
20,6855,85508,0,0
39,64673,2137,1,0
25,60178,77361,1,1
29,28346,91369,0,0
38,59687,48088,0,0
28,1540,70939,1,0
25,43368,72590,0,0
30,4996,62439,1,0
31,6851,94792,0,0
37,43580,40595,0,0
36,68354,8046,0,0
39,65122,67038,1,0
40,89552,27289,0,0
24,96546,41378,1,1
28,93369,81138,0,0
22,54232,91282,0,0
32,65592,59660,1,0
36,12092,36742,1,0
30,68107,78425,1,0
38,14105,40227,0,0
33,84010,85696,0,0
40,12366,2371,1,0
32,11757,26937,0,0
23,92201,80079,1,1
37,91779,31397,0,0
32,9594,79467,1,0
30,10446,53921,0,0
33,9962,51473,1,0
38,39303,69933,0,0
34,81024,83661,0,0
38,4051,91508,0,0
40,66179,14155,1,0
39,35790,53181,0,0
33,57084,76469,0,0
40,36870,2729,1,0
28,25634,47116,0,0
20,26272,52966,1,0
20,89203,70851,1,1
21,87806,57265,1,1
39,39598,61311,0,0
39,54759,37503,0,0
32,49100,15783,0,0
31,24516,46062,0,0
26,33399,75645,1,0
32,88394,25197,1,0
33,65617,49086,0,0
21,12446,68634,1,0
30,92729,67129,1,0
37,10857,42993,0,0
40,22410,35204,1,0
23,63989,37233,0,0
21,3550,22530,1,0
29,50197,65370,0,0
20,23637,42351,0,0
37,39670,65622,0,0
20,33763,83034,1,0
23,59412,86249,0,0
36,65037,40394,0,0
24,92641,4203,0,0
40,65950,19950,1,0
40,26594,65864,1,0
34,26635,65358,1,0
35,96983,9898,0,0
39,23494,13787,1,0
26,84561,17100,0,0
37,48642,55707,0,0
27,63114,44630,0,0
26,47451,57871,1,0
26,34711,69108,0,0
20,24176,53346,0,0
26,20213,53489,0,0
39,6598,44640,0,0
20,8243,88115,0,0
33,39794,77504,1,0
38,21385,68452,1,0
28,79918,45777,0,0
27,35253,35368,1,0
31,92657,86429,1,0
29,18015,66771,0,0
31,18015,87183,1,0
23,3329,25605,1,0
36,29637,88268,1,0
33,31527,30414,0,0
34,67844,98110,1,0
22,68842,94963,0,0
33,30195,48714,0,0
37,52956,59765,1,0
23,16889,87881,0,0
28,81096,90926,1,1
22,60136,65902,0,0
35,12156,12362,1,0
33,34338,3744,0,0
30,54041,6048,1,0
23,46677,50904,1,0
20,93692,10276,0,0
20,5744,96748,1,0
20,84399,90316,0,0
24,87874,44091,0,0
27,42128,7473,0,0
39,9005,61738,1,0
37,11153,71430,1,0
33,56900,27888,1,0
32,89821,20017,1,0
20,65155,33432,0,0
25,32593,82062,1,0
21,77155,75031,1,1
40,21509,53801,1,0
25,93895,12864,1,0
36,27475,21919,1,0
34,80458,52165,0,0
32,38564,47618,1,0
21,53181,59117,0,0
20,95533,1115,1,0
34,4385,20596,0,0
30,22615,57362,1,0
35,91602,52051,0,0
25,74925,93532,1,1
36,65356,9382,0,0
27,68767,42240,0,0
33,57854,35490,0,0
24,39339,52978,0,0
28,22668,77212,0,0
22,22614,87043,0,0
36,66741,41680,0,0
35,91918,40776,1,0
34,19756,87416,0,0
27,52238,16655,0,0
32,56931,31450,0,0
28,99799,33004,1,0
29,32365,5189,0,0
29,9755,73291,1,0
20,28910,20010,1,0
33,85357,52977,0,0
29,90322,11048,0,0
23,81544,85142,0,0
37,2482,64804,0,0
20,18702,45646,1,0
27,24149,11295,1,0
27,11972,42289,0,0
21,49906,75781,0,0
40,39382,96869,1,0
34,16297,63024,0,0
35,63226,98051,0,0
37,26376,54675,0,0
21,88069,31859,1,0
26,2208,53861,1,0
38,24088,44006,1,0
33,97655,67324,1,0
25,80732,11121,0,0
35,90460,98466,1,0
20,69003,39617,0,0
26,60858,12569,0,0
34,71292,28863,0,0
21,31112,2239,0,0
23,32698,51221,0,0
37,93003,9446,1,0
25,75699,33100,1,0
20,42938,79254,1,0
36,62979,41685,0,0
36,65842,12499,0,0
25,1376,57470,0,0
38,95192,56401,0,0
37,90312,63537,1,0
25,58993,68763,0,0
27,92370,96155,0,0
28,87284,28300,0,0
29,93502,81522,1,1
37,55576,14332,0,0
35,44317,85474,1,0
20,16821,29971,0,0
33,40735,17286,0,0
30,49687,66256,0,0
28,28706,97175,0,0
28,51503,13078,0,0
38,62248,80578,0,0
27,11039,76297,1,0
25,28587,22493,0,0
28,72281,90878,1,1
26,62656,6882,1,0
33,71861,92189,1,0
40,56270,92142,0,0
37,37487,12192,0,0
35,39573,7763,0,0
29,61041,56442,0,0
20,96647,49233,1,1
35,44292,2113,0,0
37,56581,46368,0,0
34,36007,37162,1,0
21,12869,58144,1,0
26,51271,51519,1,1
34,79737,43710,1,0
20,33735,72540,0,0
30,22572,51923,0,0
38,50150,8993,1,0
35,47580,51320,0,0
40,79255,78654,0,0
23,88152,62522,0,0
27,78713,84299,1,1
40,62748,25925,0,0
40,87557,15507,1,0
34,1484,47578,1,0
32,84243,61841,1,0
33,41086,25057,0,0
31,71813,45286,0,0
25,55874,34955,0,0
34,14777,21181,0,0
38,61866,35499,0,0
24,58804,23377,1,0
31,41865,32117,0,0
34,91090,31053,0,0
37,58876,38821,0,0
20,20722,57374,0,0
25,68355,42486,0,0
40,22458,22958,1,0
39,12665,36780,0,0
34,75171,81961,1,0
20,40964,3932,1,0
29,89967,74773,1,1
27,71998,93145,0,0
22,22484,36543,1,0
26,73872,17212,1,0
20,31177,86604,0,0
34,21508,97442,1,0
39,3933,33980,1,0
35,37874,44012,1,0
21,37901,7954,1,0
36,53431,84275,1,0
37,44111,44978,1,0
22,47334,2687,0,0
24,27650,17094,1,0
39,2139,35621,1,0
20,65310,90342,1,1
38,57274,47423,0,0
38,70333,90106,0,0
31,53375,84797,1,0
27,36467,63502,1,0
32,60884,70151,0,0
36,19939,45837,1,0
32,56427,40458,1,0
36,53162,70443,0,0
33,83070,24572,1,0
38,23016,54327,1,0
29,4212,39292,1,0
40,66908,23862,0,0
34,26561,79894,1,0
36,58997,6196,1,0
37,37609,17126,1,0
23,58501,78485,0,0
40,90670,2349,0,0
37,8747,61891,0,0
26,14761,4354,0,0
39,70187,46129,0,0
30,42057,28930,0,0
28,55017,92367,0,0
28,40951,24957,0,0
30,36157,89041,0,0
28,45698,77738,0,0
29,7638,68625,1,0
31,91127,49536,1,0
20,13036,49126,1,0
28,9326,16512,1,0
27,46696,25368,1,0
22,15425,62819,0,0
32,82382,59651,1,0
22,66385,29137,0,0
23,31998,34627,1,0
31,55752,82144,0,0
33,93704,62737,0,0
38,76039,27120,0,0
22,83641,76555,1,1
40,57274,67401,0,0
29,2734,20454,0,0
25,4637,24223,1,0
29,44177,68950,0,0
22,24322,34864,1,0
39,72378,44229,1,0
23,38626,64554,0,0
23,18170,94605,0,0
26,73105,21942,0,0
27,34437,69834,1,0
20,79039,32216,1,0
35,2061,40506,0,0
33,65841,90386,1,0
25,24875,44119,0,0
23,80821,93070,0,0
38,94037,97608,0,0
22,90923,66300,1,1
21,46384,78944,1,0
24,10306,6823,1,0
23,14634,9558,1,0
33,12682,45844,1,0
35,84300,93060,1,0
21,61986,48599,1,1
35,13962,97627,0,0
36,39891,70455,1,0
27,71665,42016,1,1
37,72147,79959,0,0
34,95918,7171,0,0
28,37042,25281,0,0
24,49886,11879,0,0
33,5591,72987,1,0
24,19578,46388,1,0
22,87115,2477,0,0
32,59108,16894,1,0
25,44281,39385,0,0
24,49565,67062,0,0
38,91720,90652,1,0
28,88447,98180,0,0
40,69664,34256,0,0
24,11041,30107,0,0
32,12790,39677,1,0
23,5058,78969,0,0
28,22963,66812,0,0
37,40671,87064,0,0
31,74249,82599,0,0
38,5662,11502,0,0
22,82395,59333,1,1
36,90498,51880,0,0
40,29213,49049,0,0
29,94712,84750,1,1
25,60967,29300,1,0
36,18435,51828,1,0
38,13289,11501,0,0
23,68967,47220,1,1
21,74223,14468,1,0
34,55198,90192,0,0
36,12074,59694,1,0
31,13547,35142,0,0
20,55585,1758,0,0
31,72771,27936,1,0
39,26995,96341,0,0
32,83320,60245,0,0
26,78289,76204,1,1
22,44413,85355,0,0
24,81545,73938,1,1
32,86909,81239,1,0
32,43459,76260,0,0
24,84447,74162,1,1
40,42333,61215,1,0
32,12527,85271,0,0
23,63070,42915,1,1
23,38191,77472,0,0
27,72826,48801,1,1
35,43251,20636,1,0
36,63291,31166,1,0
27,40682,9744,1,0
40,99151,93915,0,0
30,42226,97596,0,0
36,53424,28660,0,0
26,14163,43690,1,0
21,95874,65892,0,0
38,79010,50403,0,0
23,7287,22745,0,0
38,13864,84776,0,0
35,36643,27585,0,0
26,46601,24257,1,0
39,44608,63513,0,0
20,78383,29542,0,0
33,3558,16660,0,0
21,80090,18706,1,0
21,32353,47148,0,0
34,81557,12595,0,0
34,89366,68550,1,0
22,26303,70538,0,0
29,49473,51990,0,0
25,78986,2544,1,0
29,57703,96022,1,1
21,47359,45977,0,0
23,75928,1085,0,0
25,48524,36109,0,0
26,39858,34289,1,0
21,38806,22077,0,0
36,85175,68816,0,0
34,72775,48133,0,0
35,99864,24132,0,0
35,70607,44116,1,0
21,19296,63590,0,0
24,50661,66476,1,1
35,34703,12967,0,0
23,64720,23883,1,0
29,25952,71068,1,0
24,21430,78709,0,0
28,8220,96268,0,0
36,92064,89506,1,0
28,31835,67360,0,0
32,86501,53361,1,0
32,61967,6743,1,0
29,29155,35407,1,0
30,97824,79089,0,0
26,66615,45895,1,1
21,86609,20910,0,0
22,89082,12603,1,0
34,98106,94198,0,0
36,51724,2407,1,0
30,22265,27955,1,0
37,66866,23522,0,0
36,13704,22730,1,0
39,47289,89434,0,0
36,95380,2849,0,0
24,42996,36955,1,0
30,56624,98504,0,0
40,91492,76051,0,0
33,56811,21929,1,0
32,73784,8582,1,0
39,19613,29205,1,0
33,5470,93829,0,0
25,7495,25771,1,0
24,8918,25583,0,0
27,94296,75506,0,0
26,78412,65015,1,1
31,46604,53042,0,0
30,44129,51203,0,0
34,21702,96543,1,0
34,94517,21621,1,0
39,37495,84900,0,0
22,92439,30595,0,0
27,89639,52499,0,0
33,65513,84507,1,0
34,39907,38342,1,0
31,73984,13144,1,0
38,4830,41236,1,0
31,13138,11767,1,0
39,41004,8052,1,0
25,77683,83891,1,1
32,83849,71062,0,0
31,85657,6695,1,0
40,68034,66166,0,0
22,64376,9390,0,0
31,99842,83797,0,0
28,71372,46913,0,0
20,38902,60207,0,0
29,18746,19515,0,0
40,27328,73662,0,0
37,54487,62747,0,0
24,49181,31439,0,0
38,68193,3828,0,0
20,80627,78167,0,0
39,13325,97457,0,0
38,5381,26478,1,0
36,80764,95263,1,0
21,83183,40474,1,1
26,54505,91077,1,1
22,62032,94976,0,0
38,92612,40693,0,0
31,91906,38937,1,0
25,21141,33983,1,0
28,22451,46102,1,0
27,37512,33645,0,0
38,29415,58952,0,0
40,66610,41567,1,0
24,30172,84468,0,0
32,3479,58066,0,0
22,37838,77296,1,0
26,87173,64843,0,0
20,54266,86577,1,1
32,28148,48334,1,0
36,27398,92207,0,0
33,25253,21247,1,0
32,24905,32791,1,0
40,7814,32799,0,0
29,82191,25601,1,0
32,37989,54465,1,0
31,17664,11666,1,0
21,18507,66543,1,0
27,54254,32759,1,0
28,18715,33826,0,0
37,44640,61664,1,0
25,38846,25738,0,0
30,46100,73671,1,0
22,4518,79671,1,0
28,81463,17614,0,0
37,31443,91502,1,0
35,61523,25815,0,0
22,82641,26810,1,0
36,20955,14894,0,0
30,99115,18719,1,0
35,89403,51059,1,0
21,27369,90361,1,0
23,90528,14838,0,0
28,81044,14504,0,0
23,89738,89073,0,0
34,92170,62723,1,0
31,97096,97305,1,0
33,69834,34666,0,0
23,96847,20047,0,0
20,42110,37193,1,0
32,82719,18375,0,0
34,99702,4343,0,0
21,25617,9291,1,0
37,10609,19566,1,0
26,21387,38816,1,0
20,88087,81702,0,0
37,48049,21277,1,0
28,40360,16579,1,0
22,92338,77571,1,1
30,87166,34117,1,0
21,93678,64829,0,0
30,57981,90096,1,0
28,31724,62723,1,0
27,71680,48957,1,1
37,43735,33226,1,0
24,25465,16424,1,0
26,11210,61118,0,0
31,72289,43574,0,0
20,46403,80073,0,0
22,23134,90366,1,0
21,38234,76210,1,0
32,89418,68947,1,0
21,17171,14458,1,0
25,58654,12483,0,0
20,6604,76514,0,0
40,95711,10278,0,0
22,66471,43891,1,1
30,3122,78145,1,0
26,26820,44609,0,0
24,69425,23370,1,0
39,44162,98905,0,0
24,89977,37283,0,0
21,86337,6942,0,0
40,16965,37186,0,0
40,89308,39483,1,0
31,36365,13212,0,0
26,6760,87688,0,0
39,30673,64484,0,0
20,27927,23369,0,0
35,61350,37138,0,0
25,39267,10837,1,0
35,15652,49934,0,0
22,76587,47640,1,1
27,69210,67842,0,0
29,16175,53117,0,0
27,75490,92325,1,1
40,19484,30039,0,0
22,65665,6138,1,0
39,80774,81060,0,0
23,37829,10816,1,0
25,22592,81091,1,0
35,85167,58064,1,0
40,30409,29123,1,0
29,17847,16211,0,0
33,70445,61675,1,0
33,21413,70004,0,0
23,39086,52719,1,0
36,8979,67251,1,0
30,89962,52395,0,0
28,88733,13924,0,0
40,62038,14665,1,0
28,86540,84248,0,0
35,71725,10099,1,0
22,34575,16673,0,0
30,4157,45403,1,0
34,49883,98385,0,0
20,96786,19351,0,0
31,56436,36694,0,0
29,73170,85163,1,1
36,39843,51868,0,0
24,81499,92083,0,0
20,3541,59836,1,0
39,96645,52718,1,0
38,79321,66777,1,0
20,69104,52731,1,1
29,73021,7580,0,0
21,98871,6541,0,0
25,39345,18960,1,0
40,29893,37015,0,0
36,91411,73033,1,0
22,24397,95022,0,0
34,8136,89841,0,0
31,54689,31375,0,0
25,70854,38469,1,0
40,21059,64701,0,0
24,50141,76669,0,0
33,75362,90466,1,0
24,67550,10620,1,0
36,70212,39824,1,0
33,14627,73173,1,0
32,3603,84593,0,0
31,95857,57995,1,0
24,86522,35379,1,0
22,1789,20762,0,0
39,81094,52743,1,0
20,17904,3572,1,0
23,28539,38926,1,0
27,1297,84709,1,0
38,62483,57395,0,0
34,16824,26692,0,0
26,87702,35866,0,0
22,76920,47375,1,1
40,20853,34928,0,0
39,61370,81178,1,0
25,9506,98004,1,0
29,53106,12934,1,0
26,36288,80061,1,0
34,31310,62707,1,0
32,83321,45370,1,0
37,31349,15760,0,0
20,30434,31032,1,0
31,52842,5334,0,0
36,92964,76001,0,0
28,75202,76502,0,0
34,41405,17040,0,0
22,24200,8210,0,0
29,70316,81099,0,0
37,20742,46671,0,0
30,5236,20330,1,0
27,87612,40493,1,1
22,62149,7586,1,0
39,31092,93175,0,0
21,48638,53853,1,0
30,56980,80342,1,0
29,73146,61062,1,1
39,55218,71866,0,0
35,67629,30377,1,0
20,87717,94325,0,0
30,31591,14156,1,0
26,72499,64081,0,0
27,9863,37761,0,0
26,78045,39265,1,0
30,79307,92815,1,0
34,99530,96124,1,0
36,13811,44755,0,0
20,75646,15030,0,0
29,84348,7585,1,0
25,8420,92974,1,0
40,22053,64906,0,0
31,39591,54486,0,0
27,16467,71351,1,0
20,88510,64698,0,0
40,29591,62666,1,0
33,64998,97276,0,0
31,77460,27377,1,0
25,68525,52793,0,0
34,92280,6518,1,0
34,54891,8031,0,0
27,52929,6532,1,0
37,53651,98606,0,0
34,60424,65994,1,0
37,83150,13559,1,0
23,72134,95270,1,1
34,15140,14305,1,0
25,20119,70067,1,0
21,92997,64826,0,0
29,18993,60770,1,0
37,99626,31582,0,0
30,15358,21997,0,0
26,18684,80721,0,0
36,98912,44612,1,0
33,76103,97135,1,0
30,57750,67706,1,0
26,72382,55043,1,1
37,16597,61512,0,0
35,54348,75146,0,0
40,78979,95818,0,0
33,72425,71836,0,0
25,14158,98472,1,0
26,48549,72876,1,0
24,17758,97826,1,0
26,48895,94362,0,0
32,93026,28991,1,0
31,18187,6547,1,0
36,92954,55250,0,0
36,75945,74869,1,0
30,79136,82507,1,0
37,68755,82261,1,0
34,23985,96737,1,0
24,13761,20151,0,0
26,84601,80281,0,0
21,80515,64728,0,0
26,15953,63074,1,0
24,50953,70175,1,1
24,11505,67390,0,0
26,63555,30197,1,0
28,78844,46976,0,0
20,23012,52156,1,0
30,14156,37744,0,0
30,41160,29259,1,0
37,83570,40282,1,0
26,33078,90342,0,0
24,26092,95259,0,0
24,31822,68149,1,0
30,91594,57032,1,0
22,80939,95497,1,1
32,99861,25854,0,0
31,81341,39412,1,0
39,79130,45082,0,0
34,17723,88850,1,0
30,32810,54201,0,0
40,86116,90557,0,0
33,52155,66781,1,0
26,56298,21167,1,0
26,77302,63073,0,0
24,23273,33957,0,0
33,20034,56334,0,0
25,39957,71129,0,0
25,7662,51143,0,0
40,55702,91078,0,0
36,13632,62279,0,0
33,40217,50461,1,0
30,20950,48185,1,0
32,30731,11389,0,0
35,40920,25064,1,0
25,61437,28885,0,0
31,25341,87032,0,0
21,1287,3476,0,0
26,76003,11602,0,0
32,34353,3757,0,0
37,36234,55078,0,0
23,80552,19426,1,0
30,18050,26836,0,0
29,64844,99624,1,1
32,63458,16438,1,0
29,71722,65339,0,0
37,86689,17070,1,0
32,81377,37667,1,0
30,67394,48024,0,0
38,98232,79487,1,0
36,24104,13976,1,0
33,26332,59588,0,0
20,40449,42259,1,0
40,8620,97368,0,0
28,46668,62329,0,0
35,83653,95506,0,0
38,37651,46163,0,0
23,81075,80719,1,1
20,53154,75590,0,0
36,94394,51597,1,0
27,5163,47895,0,0
24,61413,40399,1,1
35,78531,2404,0,0
27,49894,16713,0,0
26,83055,18401,0,0
22,36781,8365,1,0
40,9346,57123,1,0
37,73800,41833,0,0
36,70802,16922,1,0
26,46628,95958,1,0
30,39930,60762,0,0
24,72148,13723,0,0
25,65782,35221,1,0
38,89809,62132,1,0
40,88245,46881,1,0
31,78240,44499,0,0
34,24548,59807,1,0
25,83298,49250,1,1
37,6505,34581,0,0
23,71889,39996,1,0
26,76662,28316,0,0
33,97747,69959,1,0
24,28771,27072,1,0
22,36797,83163,0,0
31,82052,27479,1,0
38,77446,2586,1,0
23,87852,39056,1,0
31,52262,38618,1,0
20,60313,42617,1,1
23,89828,62003,0,0
30,11090,72142,1,0
30,78056,4472,0,0
25,17311,19370,1,0
34,65035,71112,1,0
38,96028,74749,0,0
37,35230,4564,1,0
30,46168,71789,0,0
27,20203,62049,0,0
24,74661,42138,1,1
37,81381,21844,0,0
32,93883,2671,0,0
20,84863,82885,1,1
34,59762,63627,0,0
21,67973,66254,1,1
23,29039,47145,0,0
39,1938,11619,0,0
39,37010,82676,0,0
23,36225,76950,0,0
30,10808,90007,0,0
29,73612,74910,0,0
39,18802,20987,1,0
28,58796,10828,1,0
33,15853,39026,1,0
31,48118,48361,1,0
38,85634,96175,0,0
31,36633,5496,0,0
38,26452,10836,0,0
39,68967,64803,0,0
30,96496,17186,0,0
39,83505,17740,0,0
37,21358,42504,1,0
23,35011,97724,0,0
30,21235,62391,1,0
27,20120,46693,0,0
33,51476,5245,0,0
31,47889,53371,1,0
31,59321,21360,1,0
40,53030,83619,0,0
27,36208,5428,0,0
23,93811,65851,0,0
24,12758,5601,1,0
26,94094,50460,1,1
27,29995,86871,1,0
26,51165,48245,1,1
20,71959,21199,1,0
34,2270,34373,1,0
22,17781,85024,1,0
31,44573,47179,0,0
31,18742,57449,1,0
31,8237,41088,0,0
37,2796,81742,0,0
34,22394,27612,1,0
35,19948,46851,1,0
28,66676,54848,0,0
36,25676,72195,1,0
36,29612,86009,1,0
37,23515,59933,1,0
26,20373,29826,0,0
22,43013,66430,0,0
36,1594,53036,1,0
26,66236,45257,0,0
21,9349,34154,0,0
31,90927,25153,0,0
34,16256,18809,1,0
34,9110,49939,1,0
22,84202,11397,1,0
27,75735,84640,1,1
34,56992,74235,0,0
21,71937,84421,0,0
22,42738,56177,0,0
40,66077,46563,1,0
26,54242,47854,1,1
23,44837,81512,0,0
37,79990,77046,0,0
35,55507,4716,1,0
32,54697,46711,0,0
24,30791,62576,1,0
37,1156,45766,1,0
26,72263,25667,1,0
36,42559,37412,0,0
27,51660,44763,1,1
33,54209,95548,0,0
40,71623,85720,0,0
29,32614,17033,1,0
27,70972,90588,0,0
40,92284,40225,1,0
37,82608,77417,0,0
31,82687,31963,1,0
36,93631,31286,1,0
22,79184,12374,1,0
23,7780,2083,0,0
38,95700,92154,1,0
26,56507,75019,0,0
36,19522,55250,1,0
37,89611,2683,1,0
40,61303,80724,1,0
38,49499,93874,0,0
32,3791,67276,0,0
28,22616,93800,0,0
34,52449,78442,0,0
33,62695,34146,0,0
38,59496,49914,0,0
27,48480,72653,0,0
29,97282,40859,0,0
40,28623,80413,0,0
29,99021,73368,0,0
20,28610,63538,0,0
36,20307,46844,0,0
32,45359,65648,1,0
28,91628,37348,1,0
32,10016,76123,0,0
21,98808,53134,1,1
35,56700,7817,0,0
23,31644,17118,1,0
32,38829,14197,0,0
27,18803,75993,1,0
31,13213,11167,0,0
24,3370,65220,0,0
29,44441,94200,1,0
28,70787,42307,1,1
33,86586,9485,1,0
31,17166,96891,0,0
31,98070,59907,0,0
20,6143,23110,0,0
39,96909,43089,1,0
37,92793,92155,0,0
34,37520,60602,0,0
39,48060,29679,0,0
22,58002,44654,0,0
20,42711,59631,0,0
38,15937,74571,0,0
22,78703,91499,0,0
29,15546,34509,0,0
23,76071,22241,1,0
20,24766,26280,1,0
36,56094,46194,0,0
31,25614,91532,1,0
40,2700,13048,1,0
38,41398,72830,0,0
27,56702,37578,1,0
34,60124,33068,1,0
33,84487,58832,0,0
21,89252,44656,0,0
38,50350,38222,0,0
32,16541,18720,0,0
38,40677,23435,1,0
40,44730,53698,0,0
21,8502,83245,1,0
34,66273,97234,0,0
27,76614,22087,0,0
27,40803,1671,0,0
30,21594,97849,1,0
20,60089,15876,0,0
35,77719,27206,0,0
24,27342,87038,1,0
27,95347,84557,0,0
38,97208,52181,1,0
20,51974,60022,0,0
22,79668,77726,1,1
33,22823,64158,1,0
29,81939,46440,0,0
30,25988,40329,0,0
20,79299,20714,0,0
35,86436,91981,1,0
24,67254,39482,1,0
22,5407,40226,1,0
31,81121,15058,1,0
34,33470,96473,0,0
37,17664,26291,0,0
25,73810,77261,1,1
39,5664,70101,0,0
32,81647,6799,0,0
28,96202,74999,1,1
37,47517,31178,1,0
32,11755,63511,1,0
39,4119,27450,0,0
40,62618,27399,1,0
26,12012,50956,1,0
37,14613,12749,1,0
31,72078,16598,0,0
29,14768,3018,0,0
28,77450,6531,1,0
26,4761,32604,1,0
20,82436,87052,1,1
23,14003,71526,1,0
35,64032,15461,1,0
30,19832,92484,0,0
38,84626,21450,0,0
36,42661,82366,0,0
38,76786,73650,0,0
32,55354,54960,0,0
38,78991,44537,0,0
33,66470,22380,1,0
37,20975,53597,1,0
27,30530,11821,1,0
38,91505,13932,0,0
39,61238,86820,1,0
39,73745,79189,1,0
29,23770,65265,0,0
28,4392,80553,0,0
39,36439,4259,1,0
28,47977,71026,0,0
25,91856,55021,0,0
28,56865,44297,1,1
24,16654,80202,1,0
30,17118,7640,0,0
30,71197,46541,1,0
38,34932,88992,0,0
26,84765,24144,0,0
39,69816,36236,0,0
30,74613,13092,0,0
25,45922,95630,0,0
38,2397,27146,1,0
21,44975,90257,1,0
36,82828,56517,0,0
34,37388,80282,0,0
34,76856,56065,1,0
23,57982,85850,1,1
34,60740,12211,0,0
23,74779,96677,1,1
27,64430,79140,1,1
38,6465,24479,1,0
40,36575,63151,1,0
21,19296,1506,1,0
26,20944,12672,0,0
36,16245,86546,1,0
29,5222,90488,0,0
22,63576,5224,1,0
32,79777,86315,1,0
22,99597,68530,0,0
31,61858,26502,1,0
30,14355,92411,1,0
27,34898,76532,1,0
35,14124,58809,0,0
20,91076,55637,0,0
21,33871,3911,0,0
29,17247,68374,0,0
31,17722,31005,0,0
26,16583,51570,1,0
22,65113,27913,1,0
26,3184,41275,0,0
24,19914,32432,1,0
27,48390,87455,1,0
21,94818,29910,1,0
29,54671,34421,0,0
32,98005,37365,0,0
29,81831,57446,1,1
35,8367,88184,1,0
24,25108,71836,0,0
36,73509,33687,1,0
20,59896,67150,0,0
25,37796,81110,1,0
35,58914,97580,0,0
35,29830,82405,0,0
21,81681,69439,1,1
33,98162,30358,1,0
33,22314,63264,1,0
20,56407,8007,0,0
24,84332,44359,1,1
22,65374,21835,0,0
39,47470,18664,0,0
24,70681,70760,0,0
31,36730,98810,1,0
30,68522,15909,0,0
30,26692,71521,1,0
31,54043,42005,0,0
36,47010,70989,1,0
40,62788,66300,0,0
20,33447,69131,0,0
40,31247,93834,0,0
30,29587,31946,1,0
36,32099,57300,0,0
28,29348,30509,0,0
33,72608,68348,0,0
27,60745,14642,1,0
38,36731,38031,1,0
29,88719,54411,0,0
28,14937,51082,0,0
31,85579,26481,0,0
31,20731,2657,1,0
30,86505,47660,0,0
25,51189,79834,0,0
35,69233,43979,0,0
40,58374,38443,1,0
34,60531,6292,0,0
27,88767,88411,1,1
20,2197,13487,0,0
33,54003,21303,1,0
38,17267,30540,0,0
24,96403,17179,0,0
23,80691,96708,0,0
39,28129,96869,0,0
31,66407,87523,0,0
30,18416,21141,1,0
29,32223,10197,0,0
32,10757,98398,0,0
31,13640,39129,1,0
25,25856,18595,0,0
26,56650,29350,1,0
35,19080,27459,0,0
32,69215,33543,0,0
25,1570,99511,1,0
40,30567,11878,0,0
29,55974,73801,0,0
38,98812,20436,0,0
21,61460,77633,1,1
26,50112,15625,0,0
40,49141,59623,1,0
24,58876,24761,1,0
32,6715,47129,1,0
40,42109,34780,1,0
39,71273,56332,0,0
24,95187,93524,1,1
33,22635,48400,0,0
22,15025,62621,1,0
40,34238,11056,0,0
27,33070,25744,1,0
31,86166,72126,0,0
21,64615,60810,1,1
28,53238,48495,1,1
28,28094,36087,1,0
38,20399,32547,1,0
39,32210,53981,0,0
38,9262,59114,1,0
26,34036,48816,1,0
30,70980,96857,1,0
36,1028,38300,0,0
33,43813,52879,0,0
23,91479,66376,0,0
30,41966,39850,1,0
22,12339,89333,0,0
28,11624,30000,1,0
27,57991,73078,1,1
25,16870,52940,1,0
27,40799,69286,1,0
21,75819,37806,0,0
35,59665,55963,1,0
26,32798,72140,0,0
35,97945,45502,1,0
35,77145,23023,1,0
20,25478,15661,0,0
25,99946,65965,0,0
26,15329,79487,0,0
39,12095,26737,1,0
22,39576,87561,1,0
32,96647,23639,0,0
24,3725,62203,1,0
25,54171,24498,0,0
25,54580,59639,0,0
38,55896,80117,0,0
36,88482,94599,1,0
32,96016,86078,1,0
32,28330,6889,1,0
29,89039,61611,0,0
20,14843,10769,0,0
28,76915,69415,0,0
37,24005,18618,0,0
23,1506,40260,0,0
38,87978,66734,0,0
36,29729,36649,0,0
24,97482,67263,0,0
21,55308,80163,1,1
35,37502,16745,1,0
27,96126,65396,0,0
33,2663,14248,0,0
35,11416,43825,0,0
37,77129,77340,1,0
36,21076,18217,1,0
22,46087,30372,0,0
28,29113,97243,0,0
39,90968,32486,0,0
39,36811,46477,1,0
23,52986,17076,0,0
39,73783,77232,1,0
40,53079,50969,0,0
26,27683,18649,0,0
25,82612,25642,1,0
37,17161,23069,1,0
36,28980,83353,0,0
27,64440,48541,0,0
34,37755,8674,1,0
30,41708,44192,0,0
21,96540,15859,0,0
23,2063,36380,1,0
31,91075,6613,0,0
36,99396,88167,0,0
21,32430,15263,0,0
33,17012,43743,0,0
40,97847,8396,1,0
31,12076,75087,0,0
28,31343,71028,0,0
23,56436,97741,0,0
21,33603,99775,0,0
33,73899,7095,0,0
23,40864,52943,0,0
27,47357,10994,1,0
38,48889,26337,0,0
30,73594,98383,0,0
24,29395,97651,0,0
22,75674,60172,1,1
29,91236,76938,0,0
33,22751,69708,1,0
27,61101,54008,0,0
25,87233,7176,0,0
34,91751,36194,1,0
22,2132,48564,1,0
28,16584,87341,0,0
22,54506,14921,0,0
39,34808,16095,1,0
23,85279,63282,1,1
35,87456,70382,1,0
28,18431,26860,0,0
28,54884,4151,1,0
40,81345,5160,0,0
31,54991,59555,1,0
31,18192,10534,0,0
36,15409,32594,1,0
38,18665,31059,0,0
24,30024,69713,1,0
23,70923,45476,1,1
29,26868,18518,1,0
35,18083,80084,0,0
22,48933,44449,0,0
21,70641,61006,0,0
25,31331,94543,0,0
23,20099,10769,1,0
28,6790,24646,1,0
37,37781,64682,0,0
23,48310,22153,0,0
31,25263,82855,1,0
38,52446,49201,1,0
33,35503,71675,1,0
30,95068,90104,0,0
31,14871,46678,1,0
32,36477,85225,1,0
21,83595,80096,1,1
21,71612,28537,0,0
34,12356,18151,1,0
39,38081,71861,1,0
27,56983,80858,0,0
23,33261,44397,1,0
21,8500,11832,1,0
33,65518,52315,0,0
24,41963,47124,1,0
36,18068,73050,1,0
39,63660,56924,1,0
38,9132,88917,1,0
27,81487,81924,1,1
26,29500,37909,1,0
20,66460,59906,1,1
24,39948,63331,0,0
21,76515,70343,0,0
24,92131,8955,0,0
30,15044,35336,0,0
26,16375,79519,1,0
24,50792,32596,1,0
36,16265,18977,1,0
36,9245,11333,1,0
26,39196,28575,0,0
40,58365,95362,0,0
33,10504,62808,0,0
35,80327,11736,0,0
28,43527,20090,0,0
36,5395,59580,0,0
20,97157,33081,0,0
37,68926,42504,1,0
25,85585,25989,1,0
27,49349,21119,0,0
26,37775,21877,0,0
40,52840,50720,1,0
39,70164,43334,0,0
20,64330,2912,1,0
22,65397,25354,0,0
24,75468,55025,0,0
34,92411,50278,0,0
31,47591,32453,0,0
37,3557,48941,0,0
37,17194,82430,1,0
27,73160,98693,1,1
25,34711,42424,1,0
23,74593,83810,0,0
24,5084,7292,1,0
39,14935,90504,0,0
27,67802,59396,1,1
32,9362,98347,1,0
30,98790,97016,1,0
33,61296,15457,0,0
29,26325,33540,1,0
36,51199,28210,0,0
35,99286,92024,0,0
38,23826,34655,0,0
31,69676,14671,1,0
32,71314,95008,0,0
34,35952,10696,0,0
33,72852,58271,0,0
23,88468,20225,0,0
31,33240,91768,1,0
27,50024,77771,0,0
38,13164,8624,0,0
39,64803,19627,1,0
31,99863,92265,1,0
22,61433,51562,0,0
27,56942,70481,1,1
33,59583,23081,1,0
36,98202,57829,1,0
32,21374,61214,0,0
35,75610,23310,0,0
23,16798,97321,0,0
21,15879,41942,0,0
22,36902,8414,0,0
32,98055,41452,1,0
30,4529,69359,1,0
37,64916,14997,0,0
20,5613,34272,1,0
36,93015,98378,0,0
35,40756,59510,0,0
29,96687,79741,1,1
36,80105,15394,0,0
33,75512,43532,1,0
21,83418,22186,0,0
35,66596,41950,1,0
22,40722,27263,0,0
21,96359,27688,1,0
39,94650,10955,1,0
34,38016,93822,1,0
25,26992,92513,1,0
27,22463,19884,1,0
28,5811,17034,0,0
25,5448,28913,1,0
25,99730,45882,0,0
27,22299,97247,1,0
25,52546,17719,1,0
24,99253,75994,0,0
27,90491,96058,1,1
24,41987,20459,1,0
33,51750,86598,0,0
28,46517,22553,0,0
23,22011,23874,1,0
22,55789,13372,1,0
23,70677,16594,0,0
29,54182,53252,0,0
32,93317,34189,0,0
40,7255,94440,1,0
30,44922,50210,1,0
27,11007,10345,0,0
36,44908,18339,0,0
22,40100,5989,0,0
24,89395,21779,0,0
38,8854,17071,1,0
36,17816,12213,0,0
30,45883,35726,0,0
31,79411,8615,0,0
30,26192,51820,0,0
34,77589,10622,0,0
20,21991,26366,0,0
29,59383,40462,1,1
37,17174,5046,0,0
23,20145,4027,1,0
40,63981,47915,0,0
38,21937,74660,0,0
21,56785,23824,1,0
32,71771,22844,1,0
30,86957,16254,0,0
20,57900,63606,1,1
30,15700,24484,1,0
27,29106,37500,0,0
27,13619,87949,1,0
22,61659,76657,1,1
22,1965,48066,0,0
38,89973,84030,1,0
35,68193,14848,1,0
20,39554,20630,0,0
23,51918,61610,0,0
29,11444,24884,0,0
40,14801,62596,0,0
20,92039,2685,0,0
31,1982,14753,0,0
22,32842,9618,0,0
38,25090,30909,0,0
32,33582,6570,1,0
35,44106,91930,1,0
32,88940,3632,0,0
40,5689,65661,1,0
39,48762,75638,1,0
23,81236,81291,1,1
34,32343,29193,0,0
30,19090,52600,0,0
23,8899,29469,1,0
25,42635,26483,1,0
39,37824,35542,1,0
37,41344,86410,1,0
22,57632,61017,1,1
34,33500,38731,0,0
38,67719,95508,1,0
30,16272,19768,0,0
23,5155,31437,1,0
31,98366,42755,0,0
40,14509,68571,1,0
25,67288,62801,0,0
25,6852,35610,1,0
20,47317,94874,1,0
27,71782,92902,1,1
20,63106,5919,1,0
38,92970,24791,1,0
23,87145,46179,0,0
36,48675,89759,1,0
24,94044,80838,0,0
25,82251,58218,0,0
37,79227,91340,1,0
37,16874,76728,0,0
35,96525,39642,0,0
34,87797,92031,1,0
20,79858,29644,1,0
24,1612,92480,1,0
22,17858,19126,0,0
34,63009,88003,1,0
24,39770,85028,0,0
31,88356,57806,1,0
25,32621,5282,0,0
32,70586,59334,0,0
24,9825,14790,1,0
30,66516,74569,0,0
35,49018,90449,0,0
28,71606,91982,1,1
30,15770,81924,1,0
30,50612,90320,1,0
39,81473,74199,0,0
31,33004,21558,0,0
24,79566,3784,1,0
38,28440,84778,0,0
23,52108,41346,0,0
24,7662,80106,1,0
36,67349,49601,1,0
23,41598,35046,1,0
25,62894,47664,1,1
22,74366,91124,0,0
20,81232,96763,0,0
40,83860,38522,1,0
37,24197,37991,1,0
28,82831,81955,1,1
30,46992,36571,1,0
28,53938,82303,1,1
29,3860,8631,1,0
30,90724,74236,1,0
28,38107,95051,0,0
35,19798,34494,0,0
35,43881,12781,0,0
40,73873,8701,0,0
33,58667,5939,0,0
29,27633,28647,1,0
32,28608,40216,0,0
22,95809,4227,0,0
26,74449,7379,1,0
22,59086,72450,1,1
33,76318,17603,0,0
37,74831,72370,1,0
28,43377,56052,1,0
30,90188,17458,0,0
37,67760,68860,0,0
40,82964,94253,0,0
34,56187,26558,1,0
33,11370,92037,0,0
33,59709,5237,0,0
36,98418,15514,1,0
26,37437,54858,1,0
28,49347,87352,0,0
24,79931,32776,1,0
33,99808,7068,0,0
26,3186,27780,1,0
27,50905,68058,0,0
38,92276,21676,0,0
32,71638,57756,0,0
21,33957,34386,1,0
40,95261,34326,0,0
33,26995,85711,0,0
36,77665,11032,0,0
30,62437,9483,1,0
22,94673,21370,1,0
30,45042,82920,0,0
20,60652,42298,0,0
33,54790,87112,1,0
37,40024,60087,0,0
39,44051,73659,1,0
32,4527,58851,0,0
33,49341,99568,1,0
24,61242,78410,0,0
28,60828,63516,1,1
24,34348,90465,0,0
31,77708,83744,1,0
22,60403,55213,1,1
36,24780,65589,0,0
33,64012,94578,1,0
20,95909,18729,1,0
36,46128,92816,0,0
38,39786,54117,0,0
26,28951,11501,0,0
29,73566,1779,1,0
33,6722,21888,1,0
30,83988,97282,1,0
22,39933,4226,0,0
39,41837,93011,1,0
33,52751,55494,0,0
35,76729,29543,1,0
40,10951,62833,1,0
35,86574,16712,1,0
39,95825,12118,0,0
32,33324,90037,1,0
28,95118,60768,1,1
25,11678,39688,1,0
33,11640,92268,0,0
30,35949,41790,0,0
38,82648,97729,1,0
28,26815,81152,1,0
33,37307,67422,0,0
28,8718,78978,0,0
32,88604,59469,1,0
24,33953,64640,0,0
28,15281,89073,1,0
32,59455,61383,1,0
32,92298,73917,0,0
24,39758,12827,0,0
29,21951,7411,0,0
25,93948,93307,0,0
28,2779,74114,1,0
33,86045,31925,1,0
26,6606,10034,0,0
29,77836,64623,0,0
21,10135,97029,0,0
21,63642,17018,1,0
31,75676,71806,1,0
35,3220,65330,1,0
21,31670,81804,0,0
38,90395,73000,1,0
21,93504,88319,1,1
28,70120,68542,0,0
40,52219,57353,1,0
40,3135,55274,1,0
37,82584,82649,1,0
22,43301,36206,0,0
39,46789,38479,0,0
38,71095,79713,0,0
23,30907,18230,1,0
30,86299,58865,1,0
27,9749,65457,0,0
29,50501,20240,1,0
34,90613,71618,1,0
29,88908,94777,0,0
21,43580,25512,0,0
25,62188,87848,1,1
33,5639,86092,1,0
36,43161,44183,0,0
23,82580,95705,0,0
27,18034,2076,1,0
39,58852,83136,0,0
35,91671,54921,1,0
37,18633,24854,1,0
31,65066,52384,0,0
23,36956,33511,1,0
21,31813,13398,0,0
21,70717,94720,0,0
31,44568,39978,1,0
22,62727,32831,0,0
26,96348,78361,1,1
26,43561,92033,0,0
27,94826,3349,0,0
40,17272,75086,0,0
35,45849,15726,1,0
28,83358,40877,1,1
22,65202,63284,1,1
23,76156,29086,0,0
24,19602,30162,0,0
24,70214,92782,1,1
39,15231,7962,1,0
26,57400,68975,1,1
31,50421,42148,0,0
27,81613,55107,1,1
27,38350,26300,0,0
31,59114,69697,1,0
24,40402,46026,1,0
21,99483,32596,0,0
40,46233,95868,0,0
20,72688,27591,0,0
20,5252,14632,1,0
32,46389,29951,1,0
31,22873,36991,1,0
33,35406,25292,0,0
39,61207,38373,1,0
25,71979,37210,1,0
32,2064,82857,0,0
36,1258,10158,0,0
34,96362,6625,0,0
35,98400,82258,0,0
22,59809,60865,1,1
27,56073,47480,1,1
32,33123,81215,1,0
23,90621,67908,0,0
30,32094,88109,0,0
22,80064,89759,0,0
27,19009,35757,0,0
33,46730,20525,0,0
23,16700,33366,1,0
24,15828,44538,0,0
28,64256,63540,0,0
23,97540,20969,1,0
31,49530,88777,1,0
36,76774,43797,0,0
20,30161,17862,0,0
31,98672,80511,0,0
35,49403,62262,1,0
30,73429,13928,1,0
29,71658,4171,1,0
21,81899,98394,0,0
24,32034,13381,1,0
39,90877,75946,0,0
36,68113,51693,1,0
34,51373,78491,0,0
29,21708,69634,0,0
22,67868,11461,0,0
40,65067,85670,0,0
35,23134,52315,1,0
40,20961,75273,0,0
31,87538,78478,0,0
37,48678,37791,0,0
24,79022,18369,0,0
22,32457,90771,1,0
31,82691,99330,1,0
37,62897,38246,0,0
36,90657,98319,0,0
27,18966,39227,0,0
29,19088,60091,0,0
36,36001,30774,1,0
23,12323,59017,1,0
36,12121,2769,0,0
28,64112,56248,0,0
25,11385,32199,0,0
40,52094,14460,1,0
32,23338,74402,0,0
28,52553,36708,0,0
21,17696,59855,0,0
25,96820,52875,1,1
37,9133,70484,0,0
28,37884,99635,0,0
35,10552,82221,1,0
30,18638,99435,1,0
31,1361,49290,1,0
35,70654,18380,1,0
32,61832,53285,1,0
20,51774,47200,1,1
20,1800,94171,0,0
24,40859,70675,0,0
37,27160,59335,0,0
20,88218,18396,0,0
37,5459,19040,1,0
23,4702,76293,0,0
27,81506,23136,0,0
22,56211,55261,1,1
36,14407,88902,0,0
38,19061,23799,1,0
20,54437,45257,0,0
27,23499,94992,1,0
33,42137,84014,1,0
31,90141,82116,1,0
21,65230,9166,0,0
36,28838,20830,0,0
22,23304,93535,0,0
40,51240,93374,1,0
30,37045,5811,1,0
40,91247,66737,0,0
35,15601,97166,1,0
34,75630,88636,0,0
22,20031,94195,0,0
28,95250,2105,0,0
20,2168,83958,0,0
33,49352,31621,0,0
24,97013,84581,1,1
38,66275,54279,0,0
39,96389,8583,1,0
33,73474,95175,1,0
35,58985,6535,0,0
39,51240,41852,1,0
20,68354,69094,1,1
40,26646,55769,0,0
39,13204,3405,1,0
27,60518,55219,1,1
31,75449,35173,0,0
26,54674,45091,0,0
38,26928,53050,0,0
20,94738,55832,0,0
28,55158,70707,0,0
35,82235,55077,0,0
25,78530,98443,1,1
20,26157,33162,1,0
26,49744,11428,0,0
25,77180,18682,1,0
34,26182,52847,0,0
33,80260,62451,1,0
29,87265,38294,0,0
29,15268,81682,0,0
32,91282,69810,1,0
22,85071,44268,1,1
22,67947,83298,0,0
30,22766,74431,0,0
21,79130,33970,1,0
33,47159,95771,0,0
37,44869,74716,1,0
35,84854,9503,1,0
30,99653,41624,0,0
27,86221,87720,1,1
38,74777,32438,0,0
39,61970,38669,1,0
21,16501,60407,1,0
20,37070,28630,0,0
39,60198,35248,0,0
31,55686,42462,1,0
21,72824,86639,1,1
24,75650,65830,0,0
34,2815,91814,1,0
37,58476,40809,1,0
31,21889,86104,1,0
21,57803,34761,0,0
37,28609,78221,0,0
20,78636,4808,1,0
39,88575,11287,1,0
28,30863,64635,0,0
38,85280,77019,1,0
34,22442,99948,1,0
20,34111,99753,0,0
39,8975,27875,1,0
36,29454,32902,0,0
25,53256,57021,1,1
31,84970,17154,1,0
34,32657,84622,0,0
29,21890,87427,0,0
35,24877,78436,1,0
35,1661,78514,1,0
26,18449,77327,0,0
32,60127,22796,0,0
32,69926,44730,1,0
31,74242,14079,0,0
33,85659,51633,1,0
29,34544,30039,1,0
28,38488,18688,1,0
33,3576,23108,0,0
35,53297,66199,1,0
35,38078,77286,1,0
39,43355,22225,1,0
31,53930,10743,1,0
33,30796,31507,0,0
24,17974,83362,0,0
21,36459,77416,1,0
34,52016,62503,1,0
34,47466,89975,1,0
24,24250,79867,1,0
25,38720,96536,1,0
20,16565,99304,0,0
36,98527,6871,1,0
23,29085,2287,0,0
31,29643,56826,0,0
29,22279,80947,0,0
22,26430,88283,0,0
34,14125,24023,1,0
21,95558,3433,1,0
22,52005,78739,1,1
21,70419,7503,0,0
33,95906,38717,0,0
30,76928,72943,1,0
38,85106,98765,0,0
28,65095,3517,0,0
24,91558,16628,0,0
26,87574,5431,1,0
39,68596,64898,1,0
25,38826,66169,0,0
36,38221,73424,1,0
40,66225,59815,1,0
20,44773,92127,0,0
40,65328,93170,0,0
20,3477,21007,1,0
24,45215,23271,1,0
22,52587,39972,0,0
28,95597,71067,0,0
21,54070,67481,0,0
24,51733,12163,0,0
22,85552,20488,0,0
34,27984,70331,1,0
28,59885,65329,1,1
20,78000,59831,1,1
40,31270,46794,1,0
21,96809,84708,0,0
37,84116,3350,0,0
33,80042,87627,1,0
25,73317,27451,0,0
36,8795,87609,1,0
32,91359,11498,1,0
38,7887,21666,1,0
30,41883,22654,1,0
35,10686,50399,0,0
33,2327,35744,1,0
39,1332,21075,0,0
20,16320,35015,0,0
31,84226,89707,0,0
27,7778,6702,0,0
22,31173,40115,0,0
24,97456,8348,0,0
29,79583,71940,1,1
25,91061,64133,1,1
24,13881,38960,1,0
23,86838,85360,1,1
32,85408,61208,1,0
37,75666,10185,1,0
28,73501,33048,1,0
31,17680,36444,1,0
28,25300,42777,0,0
28,67589,79639,0,0
40,46372,3785,0,0
24,76734,53021,1,1
22,80991,1846,0,0
32,48478,71865,1,0
33,38746,99768,1,0
24,48137,92752,1,0
39,22991,36342,0,0
26,33052,90526,0,0
35,41936,18279,0,0
32,83647,32175,1,0
24,63081,53592,1,1
33,94809,26356,0,0
25,81244,14869,0,0
34,81225,67471,0,0
29,56223,49216,0,0
22,85070,60259,0,0
36,69642,91442,0,0
36,35680,22468,0,0
30,38296,13760,1,0
36,13918,76967,0,0
32,23507,30081,1,0
37,19808,73790,0,0
21,18921,12641,1,0
38,43010,59613,0,0
40,3466,74524,0,0
29,16994,68526,1,0
39,44459,29745,0,0
24,40598,98401,1,0
21,74727,39995,1,0
20,17010,95205,1,0
34,63687,75241,1,0
39,19840,45668,1,0
29,47169,13096,1,0
33,80838,80472,0,0
29,75454,51636,0,0
23,95712,57309,1,1
30,44540,44970,1,0
32,72115,3943,1,0
28,74283,63802,0,0
20,68465,3337,0,0
36,56507,48269,1,0
40,36608,19486,1,0
30,98611,54768,1,0
28,98096,84170,1,1
23,79438,72917,1,1
29,53295,50314,0,0
35,2981,78993,0,0
37,66053,67537,1,0
35,79646,39075,0,0
22,55715,88390,0,0
29,57140,33916,1,0
22,1686,72873,1,0
37,1050,72970,1,0
36,59181,58372,1,0
26,53630,51729,0,0
29,36064,67155,1,0
23,53325,89063,0,0
39,16162,56920,1,0
20,57585,52031,0,0
34,91205,1075,1,0
25,61847,65185,0,0
27,99531,44232,1,1
38,94866,56461,0,0
31,58476,54800,1,0
20,23214,56558,0,0
26,60937,58625,0,0
21,21377,11868,0,0
22,89921,89937,0,0
34,67803,80160,0,0
20,42924,77370,0,0
26,78192,54866,0,0
31,35245,37258,1,0
37,87042,96083,0,0
36,36355,75991,1,0
36,39060,40735,0,0
39,77447,66284,0,0
26,51468,86889,1,1
32,5252,74262,0,0
32,41248,5158,1,0
32,93372,50307,0,0
22,95074,38157,0,0
30,61047,65813,0,0
32,13463,60421,0,0
35,45802,7532,0,0
35,55123,31973,1,0
40,45067,99517,1,0
24,82098,85095,0,0
27,82581,24404,0,0
32,10682,68697,1,0
24,30119,70938,1,0
38,51791,36052,0,0
23,83232,99014,0,0
34,57596,80227,1,0
30,13648,62528,0,0
39,5845,29083,1,0
34,54584,5736,0,0
29,92487,7675,1,0
35,29023,5850,1,0
37,8260,45281,1,0
21,53811,64668,1,1
27,10556,93820,0,0
24,49109,71806,1,0
24,53215,72596,1,1
37,70564,7354,1,0
23,42874,87732,1,0
39,50330,86057,1,0
37,42547,30394,0,0
40,3460,29384,0,0
24,66514,44318,1,1
40,73289,24774,1,0
31,60785,88427,0,0
38,38918,52260,0,0
20,40120,69043,0,0
26,84636,57375,1,1
21,45881,92260,0,0
34,31648,97793,1,0
28,80915,24589,0,0
21,86340,59675,1,1
35,12477,62304,1,0
31,99159,11976,0,0
20,50651,76235,1,1
35,69091,41446,1,0
29,78246,98973,0,0
28,27933,19699,0,0
28,19250,38471,0,0
32,91418,43246,0,0
26,93756,42722,1,1
35,75418,95828,1,0
23,7581,22243,0,0
28,97938,72633,1,1
30,35492,4136,1,0
39,27106,84430,1,0
23,42112,8827,0,0
38,64857,57767,1,0
38,87591,55513,1,0
29,23384,40909,0,0
28,93886,39002,0,0
26,43396,46063,0,0
27,4237,73412,0,0
29,2215,63931,1,0
37,49737,38566,1,0
22,77432,24004,1,0
37,49535,60763,0,0
28,17418,26626,1,0
35,4034,90470,1,0
30,71445,84616,0,0
32,25906,86774,0,0
30,97220,91729,1,0
30,72299,61519,1,0
22,28153,36591,1,0
23,69056,85388,0,0
25,82729,60852,1,1
34,97716,49570,1,0
28,9326,29105,0,0
39,5356,68010,0,0
38,27123,55040,1,0
32,85760,38623,1,0
35,22693,25143,0,0
32,82976,58120,1,0
40,34734,74590,1,0
21,57387,83865,0,0
35,34474,23313,1,0
35,62018,5349,0,0
32,98872,93929,0,0
35,47148,74229,1,0
38,86954,30805,0,0
37,45011,78206,0,0
39,14941,86441,0,0
25,76794,98934,1,1
38,78054,96379,1,0
28,99388,54347,0,0
27,51118,12918,1,0
40,64680,65438,0,0
28,89142,59243,1,1
22,38619,85362,0,0
29,31729,25156,1,0
23,64968,87730,0,0
38,3042,57860,0,0
35,4170,26893,1,0
25,84732,28588,0,0
28,92220,7885,1,0
36,33522,86052,1,0
36,53681,87975,1,0
22,83696,94184,1,1
27,8239,98132,0,0
33,69226,60855,0,0
32,59356,29460,1,0
36,41071,28605,0,0
37,58242,35686,0,0
36,54824,83641,0,0
35,74371,68794,0,0
22,53627,65565,0,0
21,67723,37910,0,0
22,88476,1993,0,0
28,36947,71496,1,0
24,60811,31799,0,0
31,48279,27554,0,0
23,1244,48154,0,0
36,42264,79073,0,0
30,12773,25453,0,0
38,36150,58918,0,0
34,23452,18786,1,0
22,74535,7310,0,0
22,72137,22331,0,0
28,82947,64353,0,0
36,17216,34526,0,0
22,10460,35137,0,0
27,50342,90153,0,0
36,11810,67960,1,0
37,36255,64675,1,0
32,23452,45365,1,0
21,50260,46175,0,0
24,70069,73414,0,0
26,89019,26667,0,0
33,43706,17313,1,0
22,89596,5346,1,0
39,77420,49540,0,0
21,83464,65841,0,0
40,47956,73872,0,0
20,83325,39070,0,0
40,19007,63545,0,0
31,74788,97930,1,0
27,83465,25041,0,0
35,21029,41835,1,0
36,35941,96671,1,0
28,19010,56007,0,0
36,8849,47223,1,0
39,45961,42661,0,0
21,6289,3325,0,0
22,82172,99152,1,1
26,66147,70930,0,0
23,42390,79856,1,0
24,22731,75380,1,0
22,80200,56970,0,0
30,74089,41580,0,0
25,35845,88083,0,0
34,76244,10479,1,0
33,32931,78109,1,0
30,73243,85803,1,0
34,50056,8446,1,0
23,70274,99079,1,1
39,23047,5238,1,0
32,15836,6960,0,0
37,86076,28757,1,0
31,24727,15669,0,0
24,85362,80106,1,1
25,23428,18292,0,0
27,33207,62599,1,0
20,40679,81908,1,0
32,62834,92186,1,0
37,67609,56384,1,0
28,32573,87026,1,0
20,28066,43761,0,0
26,74776,9315,1,0
32,83324,33149,1,0
32,96129,17543,1,0
32,92341,52306,1,0
32,76189,78591,0,0
21,99719,12187,0,0
37,53332,11041,1,0
29,35477,11308,1,0
39,99492,15286,0,0
27,41270,44462,0,0
38,75114,96045,0,0
29,18258,52180,0,0
26,49437,1839,0,0
28,65890,30416,0,0
40,70431,48366,0,0
22,31267,35561,1,0
34,77638,52552,0,0
21,12980,8476,0,0
21,50896,19496,1,0
39,54590,75075,0,0
29,42316,76111,1,0
38,51798,24890,1,0
36,23998,69091,0,0
35,68191,30533,0,0
25,33340,76145,0,0
40,95193,30876,1,0
36,39631,22589,0,0
29,77162,62776,1,1
38,68385,98261,1,0
27,15166,69512,1,0
22,30552,57005,0,0
24,45556,8874,1,0
25,79686,36597,0,0
36,19472,30736,1,0
20,8130,11332,1,0
23,58563,42252,1,1
33,38314,53337,1,0
25,48634,64241,1,0
39,51772,96930,1,0
31,73740,16215,1,0
24,93260,77384,0,0
29,5666,43709,0,0
37,61121,86670,1,0
24,57360,60628,0,0
40,17560,95167,0,0
37,52764,61646,1,0
36,13390,91902,0,0
21,95306,34052,1,0
28,97561,6099,0,0
23,10297,73855,1,0
37,94429,61757,0,0
33,61395,5443,1,0
28,19828,24813,0,0
34,5846,15376,1,0
39,15648,13557,1,0
26,26210,44606,1,0
30,41894,33258,0,0
28,39405,78763,0,0
32,39172,99606,1,0
32,40482,41798,1,0
39,25074,20902,1,0
35,67108,2301,1,0
38,46964,65732,0,0
21,41397,23441,1,0
40,90960,60421,0,0
23,9968,16079,0,0
38,31840,5330,1,0
25,42173,16567,1,0
26,34025,64958,0,0
21,14916,7823,0,0
21,78914,33039,0,0
24,30580,71705,0,0
20,31737,95581,1,0
30,20356,69894,0,0
28,92027,39146,0,0
35,51679,96965,0,0
23,83225,7460,1,0
31,78769,39108,1,0
21,15961,38726,1,0
29,48445,46905,0,0
31,91122,40050,0,0
24,67201,81754,0,0
35,59692,7757,0,0
38,44033,48982,1,0
40,3547,46284,0,0
39,10773,97882,0,0
23,82546,28201,1,0
28,14930,54405,1,0
35,87436,71960,0,0
25,70061,33946,0,0
34,29312,1097,1,0
27,35921,23377,0,0
32,17240,67042,0,0
29,6394,70232,0,0
20,29450,99885,1,0
24,84796,57521,0,0
35,30921,78836,0,0
30,67581,28061,0,0
28,49005,27675,0,0
26,33638,67859,1,0
28,1494,83069,1,0
21,21596,27217,1,0
30,76288,67648,0,0
26,38906,93827,1,0
34,54762,48041,0,0
40,92341,78883,1,0
35,1346,87059,0,0
38,82452,33145,1,0
27,36154,15483,1,0
38,79452,23040,0,0
23,39579,98473,0,0
22,27718,59087,1,0
40,24136,1723,0,0
35,50650,62804,0,0
39,26131,6634,1,0
28,9216,17615,1,0
38,71536,5540,1,0
28,8968,4660,0,0
33,18632,39062,1,0
38,38707,80842,1,0
38,76645,17148,1,0
31,44991,86522,0,0
30,2163,54515,1,0
39,34054,6216,0,0
33,16414,82813,0,0
22,14691,37002,0,0
27,39811,64747,0,0
33,96156,11826,1,0
29,89614,29776,1,0
38,89265,32647,1,0
21,99543,67625,0,0
40,49412,56802,0,0
25,52810,55202,0,0
25,75714,27348,0,0
33,58655,74491,0,0
31,92498,54951,1,0
39,12998,29850,0,0
21,87897,98779,1,1
36,1567,36667,0,0
32,72274,94064,1,0
23,97068,40152,1,1
32,35562,21800,0,0
21,58876,95955,1,1
33,41772,75467,1,0
25,25563,4702,1,0
26,11643,44291,0,0
23,10597,76483,0,0
27,45705,13779,0,0
30,86788,86672,0,0
36,65767,59737,1,0
36,73017,40519,1,0
31,33344,96152,0,0
36,29553,39704,0,0
24,21526,65501,0,0
27,72540,12478,0,0
24,99196,45917,0,0
26,94882,54009,0,0
22,92952,70849,0,0
28,97646,61467,0,0
35,12145,47992,1,0
23,2905,8386,1,0
29,17190,63537,0,0
32,39623,62763,1,0
23,76926,68108,1,1
25,3982,44300,0,0
24,60010,89172,1,1
22,1167,96104,0,0
39,12168,81698,0,0
32,7333,25250,1,0
37,26933,72114,0,0
20,30570,72683,1,0
30,16847,82478,0,0
37,42880,44184,0,0
21,74570,34865,1,0
39,88301,49979,0,0
33,81540,52583,0,0
32,63227,67688,0,0
30,75526,80776,1,0
26,84963,46449,0,0
21,7621,73410,1,0
23,67852,23119,1,0
26,20597,16350,1,0
33,8797,1858,1,0
36,59157,46420,1,0
30,15997,46434,1,0
27,2832,72337,1,0
23,4835,48675,0,0
25,81859,74433,0,0
25,57181,19678,0,0
34,1052,91826,0,0
32,63644,19307,0,0
22,84129,32411,1,0
38,40347,69894,0,0
31,31733,30655,1,0
29,22111,89485,0,0
25,93645,85079,0,0
30,69117,21201,0,0
33,61091,41255,0,0
22,22159,14237,0,0
24,21403,56092,1,0
21,13628,37622,1,0
38,32971,14935,0,0
30,85420,31947,0,0
28,15057,66078,0,0
24,34341,10002,0,0
25,78779,89347,1,1
23,98440,66914,1,1
39,80102,62057,1,0
24,55218,9678,1,0
33,35459,89011,0,0
37,81520,78946,1,0
39,33086,82724,0,0
29,62910,5642,1,0
20,6916,76713,1,0
26,6748,25049,0,0
36,43671,37186,0,0
35,98053,75327,0,0
32,81726,27793,0,0
31,16379,37628,0,0
24,16144,67998,1,0
26,20628,75056,1,0
23,74676,29249,0,0
21,78456,59532,0,0
32,70759,1736,1,0
28,21474,8116,1,0
25,26445,84925,1,0
27,88071,81317,1,1
26,40656,99622,1,0
36,67442,34341,1,0
26,97803,77499,1,1
20,43817,65670,0,0
37,26976,82245,0,0
20,29045,38134,0,0
25,40371,71838,1,0
31,47329,98407,1,0
29,67232,9114,0,0
25,46106,8108,0,0
31,92093,8417,1,0
38,62533,77191,1,0
36,64189,45956,0,0
40,75662,56202,0,0
20,3235,12491,0,0
26,81517,55061,1,1
20,49774,49333,1,0
40,77137,89449,1,0
29,26586,41397,0,0
23,43812,80189,0,0
40,59973,2242,1,0
37,66985,75405,0,0
28,28125,14035,0,0
21,93090,51970,0,0
31,86262,9464,0,0
38,29020,79273,1,0
37,59330,75015,1,0
25,69647,55793,1,1
40,11134,7367,1,0
31,33606,84150,1,0
39,90931,17676,0,0
38,74424,26722,1,0
23,81312,6833,0,0
20,97217,44162,1,1
27,39028,23945,0,0
25,1071,98766,0,0
24,83279,11678,1,0
27,24196,18314,1,0
32,79796,44851,1,0
29,67743,65988,1,1
29,81945,23354,0,0
22,23055,74534,0,0
20,55176,32686,0,0
36,8299,16667,0,0
25,74375,65681,1,1
27,99293,48273,0,0
40,17671,73402,1,0
20,24005,62552,0,0
24,3424,95757,0,0
24,75532,54277,1,1
33,6321,26423,1,0
37,32066,93705,1,0
20,91662,69512,0,0
40,46882,19791,0,0
28,55498,83127,1,1
32,17935,19374,1,0
32,44780,75394,1,0
28,41601,38295,0,0
34,4428,72846,1,0
38,32165,79294,1,0
40,24262,32075,1,0
38,29562,15786,0,0
26,73651,8823,1,0
20,38137,13888,1,0
40,94696,53468,0,0
38,54118,65761,1,0
38,89013,19951,1,0
27,72895,48305,0,0
31,4558,57565,1,0
21,68167,1131,0,0
31,32937,82535,0,0
24,68098,39043,1,0
24,78459,44142,1,1
30,65690,37281,0,0
33,40665,68649,0,0
22,88703,26882,1,0
24,46999,50965,0,0
28,77459,21613,1,0
38,55382,45580,0,0
26,26951,7056,0,0
28,55907,5044,1,0
25,80702,11550,1,0
23,40144,42712,0,0
25,68102,49833,1,1
20,8029,74751,0,0
28,93599,32093,1,0
40,50276,23903,1,0
38,51912,50040,0,0
37,72413,44778,1,0
34,24639,43140,0,0
26,43723,51073,1,0
29,98502,68676,0,0
33,44605,83966,0,0
33,76851,25450,1,0
33,39846,89937,0,0
26,57991,71157,0,0
26,40451,24809,0,0
21,94523,8557,0,0
23,83482,97077,1,1
28,51358,87547,1,1
40,78693,80592,0,0
20,18718,59238,0,0
20,85316,57792,1,1
28,83030,33245,1,0
39,85354,45877,0,0
35,60839,61531,0,0
28,5799,5454,0,0
27,83319,3265,0,0
37,52101,54710,0,0
38,17624,44167,1,0
33,45569,70719,1,0
33,97770,11614,1,0
37,78846,98836,1,0
40,56482,77552,1,0
24,2566,64255,0,0
23,74714,78151,1,1
28,68226,34175,0,0
20,34435,93379,1,0
30,59612,66178,1,0
24,99916,29167,0,0
20,91386,89457,1,1
27,18008,58403,0,0
31,18309,68534,0,0
21,62874,43834,0,0
29,46505,5621,0,0
30,68084,87068,1,0
37,23881,10204,1,0
31,13390,83546,1,0
30,54636,72444,1,0
26,92319,14457,0,0
40,23307,96883,1,0
35,33967,74851,1,0
30,52238,49923,0,0
29,59996,1084,0,0
38,15011,94237,0,0
20,32582,13352,1,0
29,53394,7996,1,0
26,21869,16805,0,0
37,49927,41466,1,0
22,49055,89831,1,0
31,26424,8928,0,0
26,47946,19370,1,0
24,9754,62128,0,0
31,87318,56081,1,0
38,47110,9726,0,0
30,47243,82118,0,0
27,67587,60691,0,0
29,85908,97208,1,1
33,59937,17395,0,0
26,9367,75595,1,0
36,61632,85065,0,0
27,90344,40805,1,1
20,77261,40173,0,0
23,78684,37095,1,0
35,53599,78978,1,0
36,25217,22365,1,0
24,2125,7443,1,0
38,75118,6388,0,0
38,21153,84677,1,0
33,35051,7762,0,0
34,98623,45396,0,0
32,52191,33448,0,0
28,62787,39804,0,0
24,7172,53044,0,0
39,3659,9030,1,0
25,15836,87001,1,0
29,74498,96766,0,0
20,34101,78093,0,0
38,68962,66558,0,0
21,99105,68710,1,1
34,92585,82644,0,0
27,78401,56678,0,0
28,5824,4365,0,0
28,48099,57455,0,0
34,63861,75372,1,0
37,40972,44267,1,0
23,82492,28389,1,0
27,34144,79216,1,0
33,92386,62607,0,0
24,46197,87029,0,0
29,96482,63244,0,0
27,47742,75238,1,0
39,48773,53531,1,0
29,83072,43123,0,0
25,51986,43387,0,0
29,39045,28876,1,0
24,56163,50987,1,1
21,17655,88682,1,0
33,76199,69867,1,0
26,97437,50915,0,0
32,55694,2109,0,0
36,91992,71662,0,0
38,97378,81651,1,0
35,28180,59744,1,0
20,19916,66386,1,0
31,20761,74612,0,0
33,97810,89009,0,0
21,77777,66553,1,1
33,2715,49624,1,0
37,54675,69387,0,0
33,88115,10675,1,0
39,74344,6369,0,0
32,63347,65553,0,0
32,98291,85804,0,0
27,90794,35536,1,0
35,36493,16886,1,0
28,15206,18613,0,0
27,57398,54358,1,1
40,83029,85991,0,0
32,36782,4562,1,0
30,83634,3837,0,0
39,41385,61055,1,0
20,81367,79807,0,0
27,84493,78706,0,0
31,79330,77393,1,0
38,45503,54115,1,0
34,1990,27125,0,0
28,33817,54401,1,0
40,59888,49068,0,0
21,14895,24612,0,0
36,99939,67153,1,0
29,23742,79024,1,0
34,5286,74537,0,0
27,35859,97811,0,0
26,47376,84525,0,0
40,35811,9621,0,0
27,97147,8500,0,0
22,7403,64869,0,0
26,9019,78701,1,0
23,64020,95738,1,1
21,98499,18233,0,0
33,5661,18999,1,0
30,50870,54159,1,0
22,67851,31360,1,0
36,25105,3419,0,0
37,57114,48959,1,0
21,39653,86548,1,0
31,70391,45717,0,0
27,37931,79335,1,0
33,75169,67712,0,0
23,72074,96699,0,0
20,78594,18387,0,0
39,38392,1792,1,0
29,25456,96228,1,0
21,89056,8825,1,0
37,29671,31720,1,0
26,23135,30253,1,0
34,24831,76755,0,0
27,16572,56513,1,0
38,23454,94105,0,0
39,32995,9158,0,0
38,43782,25731,1,0
34,98452,31284,0,0
28,13820,11123,1,0
35,44340,2256,1,0
22,88968,59817,1,1
21,82912,26421,0,0
22,89950,59884,0,0
20,53391,65553,1,1
31,70643,18638,0,0
37,58868,49113,0,0
20,69210,30977,0,0
26,70195,27973,1,0
23,29651,1504,0,0
34,62967,77395,0,0
37,55459,16705,0,0
24,83674,91646,0,0
24,34713,4385,1,0
26,36639,64685,0,0
28,34171,16112,1,0
24,76831,14381,0,0
26,41288,92357,1,0
23,10853,66643,0,0
39,96819,56325,1,0
37,65722,76632,1,0
28,10280,57414,0,0
32,68143,15227,0,0
35,13855,43253,0,0
38,30587,23668,0,0
28,5727,37230,1,0
28,89963,24136,1,0
24,75544,92836,1,1
26,8033,67756,0,0
37,41872,18588,0,0
38,56049,25693,1,0
35,92446,57751,1,0
31,29975,10553,0,0
37,9851,19902,1,0
22,27164,9414,0,0
24,37422,83468,1,0
38,3123,76724,0,0
34,84613,92615,0,0
21,48270,85478,0,0
30,98123,74819,0,0
39,55026,31941,0,0
34,33478,23936,1,0
36,65126,1362,0,0
39,50553,43363,0,0
40,15810,1406,0,0
21,53075,25323,0,0
38,37407,71620,1,0
24,68437,25679,0,0
30,53048,15603,1,0
28,59277,47667,0,0
33,78465,31251,1,0
40,75699,89750,0,0
22,63546,34328,1,0
25,16365,42299,0,0
32,24409,43736,1,0
23,85670,93466,0,0
31,37024,44222,1,0
40,41495,98992,0,0
32,86696,78299,0,0
32,64218,86389,0,0
21,22406,65988,1,0
21,53924,2050,1,0
22,16440,10771,0,0
37,46906,35832,1,0
21,68013,94763,1,1
21,58990,76455,0,0
21,9081,95983,0,0
26,96582,19134,0,0
40,6294,83456,1,0
22,71959,72939,0,0
27,46645,46779,0,0
25,50709,42223,0,0
21,75563,24082,1,0
39,14223,77987,0,0
27,90963,31704,1,0
36,17750,9675,1,0
24,44335,74684,1,0
21,62501,69842,0,0
37,52081,8050,0,0
38,13672,65304,0,0
35,12844,7244,0,0
33,20554,1855,0,0
36,82998,31922,0,0
37,89592,98735,0,0
39,65757,89562,0,0
21,85227,97215,0,0
33,12530,8667,1,0
21,5412,47154,0,0
36,9538,36923,0,0
40,38571,42202,0,0
32,38565,89271,0,0
23,43734,46345,1,0
31,85997,27844,1,0
22,83668,94943,1,1
22,96239,61970,1,1
40,54267,43281,0,0
35,99407,18654,0,0
25,84436,83904,1,1
22,49668,12526,0,0
27,14677,2362,0,0
35,8828,87935,1,0
32,38813,72640,0,0
20,5426,49745,1,0
39,23622,85244,1,0
29,23727,59226,0,0
26,5635,9773,1,0
40,47404,90755,1,0
26,44359,36506,1,0
33,70310,83379,0,0
20,35287,92527,1,0
39,63000,20597,0,0
24,49332,55274,0,0
29,91971,9050,1,0
38,70242,3477,0,0
38,53309,43770,0,0
37,92703,10728,1,0
37,36343,48682,1,0
24,56108,28853,1,0
20,8071,66245,1,0
33,50085,93218,1,0
30,90878,3460,0,0
40,75314,51468,1,0
28,99784,81193,1,1
28,87831,36898,1,0
27,67172,7769,1,0
30,8364,67123,0,0
34,7895,98016,1,0
37,75285,65321,1,0
38,88795,75074,1,0
26,96586,54029,0,0
22,72171,98900,1,1
38,93268,4256,1,0
24,24366,23331,0,0
33,95102,13866,0,0
27,58438,56456,0,0
30,74770,3929,0,0
39,43598,50501,1,0
35,80896,22938,0,0
36,64429,65389,1,0
21,69578,25734,1,0
34,42902,22265,1,0
26,52488,59253,0,0
30,23917,92704,1,0
26,84058,12167,1,0
24,18754,40344,0,0
32,72759,43514,0,0
29,89961,37737,0,0
24,98791,55944,0,0
40,80411,43506,0,0
37,75619,14451,0,0
28,33032,2347,0,0
29,86270,33972,0,0
29,77019,14548,1,0
36,34152,11156,1,0
37,79158,89175,0,0
37,49731,42061,0,0
27,57483,89383,0,0
37,54150,82218,1,0
38,11353,55734,1,0
23,31206,10017,1,0
23,76821,30470,0,0
32,32312,17480,0,0
25,65446,2470,0,0
31,30385,66524,1,0
30,21447,75691,0,0
28,77259,53862,0,0
23,40791,80514,0,0
25,30540,57243,1,0
31,15474,40074,1,0
32,67424,21090,1,0
32,65205,45030,0,0
29,79227,93616,0,0
30,65169,43759,0,0
26,44067,80954,1,0
23,1701,97900,1,0
32,17515,79207,1,0
24,9524,8785,0,0
24,37816,59066,0,0
27,3032,76003,1,0
29,98682,68341,1,1
23,48908,28654,0,0
22,39167,91290,1,0
39,31015,16612,0,0
32,37903,72707,1,0
32,99838,26082,0,0
34,93954,93120,0,0
27,61785,93634,1,1
32,37923,43548,1,0
20,63562,90205,0,0
38,43573,54568,1,0
39,15729,33645,0,0
33,90581,50230,1,0
26,25485,40122,0,0
35,87690,50882,0,0
31,40453,55633,1,0
40,53947,35951,1,0
27,85701,16777,1,0
36,19113,75638,0,0
35,38534,3173,1,0
29,48452,26315,0,0
38,38808,93926,1,0
32,14200,59234,0,0
37,69652,77863,1,0
23,57647,47624,0,0
34,2768,25236,0,0
33,71933,15961,1,0
38,94471,63966,1,0
38,70571,57967,1,0
33,17319,27879,0,0
39,43561,30883,0,0
26,77123,61790,1,1
24,30751,27481,0,0
21,55651,28373,1,0
25,14668,29252,0,0
29,78817,34149,0,0
28,22096,49196,1,0
36,48596,99547,1,0
26,44172,11387,1,0
24,80406,5338,1,0
38,35685,23018,1,0
33,18810,36529,0,0
38,83993,52967,0,0
27,63001,84253,0,0
28,95912,92506,0,0
28,88843,8814,1,0
32,60221,14599,1,0
26,26446,41678,1,0
40,97286,69923,0,0
25,18051,1901,0,0
22,26897,39560,0,0
33,99226,69080,1,0
40,70388,73176,0,0
27,35518,92396,1,0
29,70392,21393,0,0
29,16215,37464,0,0
38,24156,82550,0,0
21,21887,91738,1,0
26,78794,70961,0,0
27,15117,96015,1,0
36,26624,1347,1,0
33,3143,15135,0,0
21,15852,55661,1,0
37,80726,78664,0,0
25,50910,99359,1,1
31,59163,40352,1,0
38,88160,12726,1,0
27,40171,51397,1,0
35,19241,70428,0,0
29,90219,88701,0,0
22,25767,11923,0,0
22,93148,68035,1,1
36,93011,40657,1,0
34,98929,22441,0,0
21,85362,11287,1,0
30,39043,93736,0,0
35,13546,20326,0,0
23,66944,98705,1,1
38,46903,87084,0,0
34,27018,83867,1,0
26,29539,51579,0,0
25,73785,14185,1,0
30,40172,14549,1,0
30,19360,76006,0,0
24,31431,6093,0,0
34,23595,18691,1,0
28,87937,18220,1,0
23,45449,9663,0,0
40,70692,57272,0,0
40,97647,59020,0,0
24,54436,83239,1,1
36,4440,80817,1,0
37,88224,79222,0,0
25,27921,46952,1,0
25,62999,30101,0,0
38,74363,89088,1,0
26,39997,90878,1,0
37,13256,41076,1,0
21,6893,94471,0,0
30,65528,1403,1,0
30,8640,69273,1,0
30,52794,57559,1,0
37,97369,42345,0,0
28,57579,51567,0,0
28,71128,59819,1,1
21,32469,23044,1,0
28,73833,53276,0,0
31,93038,47573,0,0
34,85990,41739,1,0
20,69267,95496,1,1
29,91531,20048,0,0
36,82946,45353,1,0
22,11367,91389,1,0
39,25575,78048,1,0
33,57107,92854,1,0
25,6503,80416,0,0
23,18069,34534,0,0
29,82535,19456,0,0
31,62264,33437,0,0
30,57654,11953,0,0
20,80311,89140,1,1
30,67803,61593,1,0
24,79134,31996,0,0
32,17652,26518,1,0
27,10733,92772,1,0
32,26451,46276,1,0
40,63706,67003,1,0
28,10992,20039,1,0
40,62902,57387,1,0
28,89363,16099,0,0
33,35111,35943,1,0
31,71583,97038,0,0
20,68874,67904,1,1
37,67226,40416,1,0
40,56307,22319,0,0
31,89615,61539,0,0
25,18066,31071,0,0
24,4311,17110,0,0
21,25027,33806,1,0
31,82320,42960,1,0
34,89800,14728,0,0
39,42151,64435,1,0
33,2311,70811,1,0
21,88713,99585,0,0
25,43249,31146,1,0
40,27652,14524,1,0
21,11893,64649,0,0
31,37665,95994,0,0
25,48521,4708,1,0
36,15820,10472,1,0
39,19586,8569,1,0
30,87954,63497,0,0
38,59574,41213,1,0
34,79226,60488,0,0
40,99773,80672,0,0
21,87915,69158,0,0
37,48466,18069,1,0
21,8728,21817,0,0
25,25590,88402,0,0
30,75644,15694,0,0
28,91898,51516,0,0
21,36438,12804,1,0
31,60846,15652,1,0
37,89212,3250,0,0
27,85149,36226,0,0
24,83749,14866,0,0
20,54234,13300,0,0
23,50890,50415,1,1
20,47483,31809,0,0
26,61903,73258,1,1
27,94873,35371,0,0
30,56985,30984,0,0
20,31501,30699,1,0
29,9695,66349,1,0
28,47570,57108,1,0
29,35039,64032,1,0
35,91968,79949,1,0
31,83951,26868,0,0
31,88679,3544,1,0
22,66868,58562,1,1
27,98367,63473,1,1
35,22061,77573,0,0
39,55121,58836,0,0
28,51682,33461,0,0
37,47794,74123,1,0
35,55564,82284,0,0
25,71778,39863,0,0
26,91835,29702,0,0
34,56984,64549,0,0
29,51764,68733,0,0
20,17469,86908,0,0
31,53007,55305,0,0
25,20894,70751,0,0
37,97525,44884,1,0
26,21174,64771,0,0
36,46854,78185,1,0
24,77989,60504,1,1
32,5361,19197,0,0
22,96705,43444,0,0
37,44702,1409,1,0
26,61040,92879,0,0
37,12007,44168,1,0
23,54389,89837,0,0
36,19688,39020,1,0
21,36661,5644,0,0
33,22738,22860,1,0
34,43217,5458,1,0
28,25022,23878,0,0
25,48056,33623,1,0
28,58601,64597,1,1
23,3974,14296,1,0
30,11176,11568,0,0
21,3912,14548,1,0
30,33886,92008,1,0
35,94515,53164,1,0
36,26078,88167,0,0
40,43724,77982,0,0
33,1952,93987,0,0
35,5346,29783,1,0
20,28025,16555,0,0
37,3184,67106,1,0
39,33669,29010,1,0
38,21333,38307,0,0
31,74381,43768,0,0
33,90504,31298,0,0
31,81510,83853,1,0
27,67897,52084,0,0
32,18001,97745,1,0
29,39430,7551,1,0
37,41334,17334,0,0
31,66979,40780,1,0
20,78079,25622,0,0
28,93717,28132,0,0
33,80508,40701,1,0
27,86906,17266,0,0
35,54936,86676,1,0
32,12099,32822,1,0
23,61130,28059,1,0
35,95065,2654,1,0
34,4516,72728,1,0
32,30949,35786,0,0
40,85439,73526,0,0
30,94367,89453,1,0
21,70799,82469,0,0
36,77250,14573,1,0
39,6714,80411,0,0
34,63829,87780,0,0
21,8025,10921,1,0
33,52730,92967,0,0
39,24849,46494,0,0
29,70595,79693,0,0
25,70197,48426,0,0
38,88558,53563,1,0
25,43802,45259,1,0
33,59466,68240,0,0
21,23829,8403,0,0
40,34964,27176,1,0
36,38132,61098,0,0
34,46820,28825,0,0
40,85041,33945,0,0
31,47486,87173,0,0
21,10157,33085,0,0
39,1211,15773,1,0
29,9020,88456,0,0
27,94492,70923,1,1
26,64945,19035,0,0
29,90358,49459,0,0
29,95593,20104,1,0
24,81261,83667,0,0
24,99777,16677,1,0
39,73159,75536,1,0
26,89378,91301,1,1
24,70139,95021,1,1
22,14269,89169,0,0
21,9835,69814,1,0
32,32101,99194,1,0
20,96215,64382,0,0
25,9175,3645,0,0
36,51472,57407,1,0
29,74227,44629,0,0
24,58954,20352,1,0
33,79059,10545,1,0
32,40740,6017,1,0
22,77623,26773,0,0
36,68454,8644,0,0
32,89018,36413,1,0
28,52567,65542,0,0
27,22919,46753,0,0
21,53906,96245,0,0
31,97524,90316,0,0
32,68508,16008,1,0
39,58774,19274,0,0
29,83120,32408,0,0
38,97822,5073,0,0
25,64924,75881,0,0
23,38200,85202,1,0
29,73519,15078,0,0
38,15786,26050,0,0
23,26852,37861,1,0
32,85591,63395,1,0
22,2596,65512,1,0
34,79024,73836,0,0
29,70294,37035,1,0
24,66248,4982,0,0
40,12391,96768,0,0
39,39237,80095,1,0
40,39608,67435,0,0
27,32722,41815,0,0
25,23789,5387,1,0
34,48406,92393,0,0
31,49782,61030,1,0
27,85766,14555,1,0
32,91203,38385,0,0
35,94051,48044,0,0
35,91994,76732,0,0
23,4993,11032,0,0
20,52870,64665,1,1
36,6707,57495,1,0
21,22879,59811,1,0
36,36912,84564,1,0
32,90452,95968,1,0
31,66754,73372,1,0
30,31491,37483,0,0
33,70840,87895,1,0
30,10132,25903,1,0
23,66036,21823,1,0
27,50174,93405,0,0
34,68385,99427,0,0
38,62151,83792,1,0
30,95996,57153,0,0
36,59682,71821,0,0
35,90893,85563,0,0
27,87231,56217,0,0
27,5949,26275,1,0
22,76004,95782,1,1
35,66947,17985,1,0
38,7338,69802,0,0
24,38020,40834,0,0
27,45125,71528,0,0
32,89656,27419,0,0
38,30657,90235,0,0
40,27517,15904,0,0
38,50649,88549,0,0
35,43239,41845,1,0
34,70735,48081,0,0
29,33793,56968,0,0
20,54564,36745,1,0
25,79980,67356,1,1
36,32455,79232,0,0
28,30162,60547,0,0
33,2585,27393,0,0
24,14763,95766,0,0
21,54940,69822,0,0
24,48582,43677,1,0
36,27712,52539,0,0
39,19585,86334,1,0
38,97200,72605,1,0
29,10277,53683,0,0
35,30429,8538,1,0
40,5246,82598,1,0
24,39567,19871,1,0
30,11330,47633,0,0
29,80771,40084,0,0
37,77632,92212,0,0
20,22072,96432,1,0
29,1576,82334,0,0
35,24736,57132,1,0
24,7453,94469,1,0
20,13359,63213,1,0
22,76110,31857,1,0
36,16131,49294,1,0
21,6480,71589,1,0
39,44067,69641,1,0
23,57415,72598,0,0
35,81671,34385,1,0
20,83950,92923,1,1
39,55469,90102,1,0
39,94398,37378,0,0
40,89247,2194,0,0
40,8063,35518,0,0
27,56124,91644,1,1
37,45499,82243,1,0
30,3995,30805,0,0
20,48918,20884,1,0
22,72741,76794,0,0
33,34135,78884,0,0
38,94469,21805,1,0
38,64189,65133,0,0
25,81753,41721,1,1
28,12273,28593,0,0
34,34074,20586,1,0
23,87049,14985,0,0
21,86669,61779,0,0
25,53823,95833,1,1
39,88741,92931,0,0
32,60590,27665,0,0
39,8948,70133,0,0
35,33215,51291,0,0
23,33664,87020,1,0
37,17958,76802,1,0
31,61206,75366,1,0
33,61190,63607,0,0
33,95270,45354,1,0
21,47963,93313,1,0
34,92845,17960,0,0
22,99858,82173,0,0
31,1692,20590,1,0
25,37335,51677,1,0
33,91041,22934,0,0
30,41033,45699,0,0
23,71396,4340,0,0
27,89695,86080,0,0
31,26216,12137,0,0
23,60505,60036,1,1
20,65174,17417,0,0
21,49102,59772,1,0
34,19456,34638,1,0
23,9281,18876,1,0
37,85706,50736,0,0
22,97041,27941,1,0
28,17419,84683,0,0
29,86320,11211,0,0
24,19156,94840,1,0
38,32006,28738,1,0
21,6807,56575,1,0
37,20986,13934,0,0
31,17909,7662,1,0
36,10401,19199,1,0
27,77184,95038,0,0
34,97389,39695,0,0
29,70291,12915,1,0
26,10921,49994,0,0
34,86239,88779,0,0
37,79589,38240,0,0
36,66175,18746,1,0
20,53303,19980,0,0
30,56054,30520,1,0
27,18226,48944,1,0
25,36236,62262,0,0
27,23435,59668,0,0
40,70288,12716,1,0
30,15851,25014,0,0
30,2869,42614,0,0
26,19979,56263,1,0
35,81571,45313,0,0
31,95557,2456,1,0
36,95415,6221,0,0
30,58014,2558,0,0
31,60578,24428,0,0
37,24979,37029,1,0
28,66246,73346,1,1
36,60892,54255,1,0
20,45312,1240,1,0
33,78301,75260,1,0
33,95375,43296,1,0
23,72639,44845,0,0
39,47354,78903,1,0
31,53507,36371,1,0
24,46174,44828,0,0
36,55627,50774,0,0
30,63005,63417,0,0
39,99154,69877,1,0
36,4556,59412,1,0
35,19916,84496,0,0
25,95434,85576,1,1
25,41391,73137,1,0
35,87378,16904,1,0
32,78684,77049,1,0
32,99016,49648,0,0
25,84969,56510,0,0
20,4951,81723,0,0
21,4878,43715,0,0
34,38577,53746,0,0
37,69724,14895,1,0
25,74948,81055,0,0
39,72175,27135,0,0
27,35860,87308,0,0
28,22068,68808,0,0
28,69510,90949,1,1
20,39057,43993,0,0
34,82065,83321,1,0
36,82860,50710,0,0
20,9469,28857,0,0
37,92395,55180,1,0
37,82354,76507,0,0
31,46151,14362,0,0
22,33888,36054,1,0
34,99501,92077,0,0
30,81543,99886,1,0
21,84572,41268,1,1
36,45314,84892,1,0
26,30912,59558,0,0
24,9954,62996,1,0
38,36050,83297,1,0
34,55170,48780,0,0
22,48596,65744,0,0
27,70731,96918,1,1
26,12834,15616,1,0
27,82080,43101,0,0
32,53230,29249,1,0
24,13601,39070,1,0
38,55421,72420,1,0
26,96573,64074,0,0
28,25963,77406,0,0
22,54943,62503,0,0
38,22507,49948,1,0
28,92136,95603,0,0
37,62237,81558,1,0
36,41601,8772,1,0
33,20486,17311,1,0
34,72239,73257,0,0
39,58258,81610,1,0
21,28661,1625,1,0
33,15834,53554,1,0
20,37469,57971,1,0
24,31591,37658,0,0
31,60424,97799,0,0
20,4205,18013,1,0
27,46866,57606,0,0
31,47560,63612,0,0
28,45759,87983,0,0
33,36744,10802,0,0
29,9009,28019,0,0
31,54698,77107,0,0
28,84385,54927,0,0
30,64778,81218,0,0
20,74418,24992,1,0
26,15149,87086,0,0
34,80944,12970,0,0
21,99302,5616,0,0
38,18142,49413,1,0
39,32487,92516,1,0
32,12977,26201,1,0
28,23825,31910,0,0
30,53062,63609,0,0
35,69766,94202,1,0
37,47205,76977,1,0
26,13827,27209,1,0
32,28180,88070,1,0
33,19095,24123,1,0
20,39308,26254,0,0
24,22416,12643,1,0
28,10590,86248,0,0
39,84950,81370,1,0
40,54493,89448,0,0
38,68970,63803,0,0
32,30267,99232,1,0
21,11983,13677,0,0
33,99568,88941,0,0
26,19852,90288,1,0
25,10166,82749,1,0
26,44262,19964,0,0
31,28429,49888,1,0
28,22235,11680,1,0
40,4286,98753,0,0
21,82056,22143,1,0
22,2943,23003,1,0
26,29777,3978,0,0
36,24142,66964,0,0
36,32609,25894,0,0
36,18091,88518,1,0
30,67438,4760,0,0
32,36958,95477,0,0
22,64286,8702,0,0
37,12600,49807,0,0
24,95124,39756,0,0
20,25021,9602,1,0
29,74635,61863,0,0
38,78406,90879,1,0
32,58694,91693,0,0
27,56614,84912,0,0
33,94319,71426,1,0
28,3548,2194,0,0
25,15292,80248,0,0
29,80106,11539,1,0
22,62701,57750,0,0
29,17110,85962,0,0
22,42601,82761,0,0
24,75849,2097,0,0
34,41214,8337,0,0
29,32114,18660,1,0
34,44701,77274,1,0
35,93182,9291,1,0
39,95032,81003,1,0
36,71258,89756,1,0
31,84900,1328,1,0
38,29375,36154,1,0
30,77143,4843,1,0
37,22828,29952,1,0
21,57476,58090,0,0
40,33124,78984,1,0
20,8439,40062,1,0
40,45563,56944,0,0
27,36782,75460,0,0
40,47207,66005,1,0
35,19937,67527,0,0
35,46179,76044,0,0
24,3701,16400,1,0
34,58513,33693,1,0
38,25967,96245,0,0
31,83284,62556,1,0
36,35101,39815,1,0
34,99515,17522,0,0
21,86019,85167,1,1
29,87187,61398,0,0
26,56913,69840,1,1
25,26167,23767,0,0
31,3614,14189,0,0
36,46762,76431,1,0
23,96688,32125,1,0
28,13429,70525,1,0
40,70214,99576,1,0
40,93289,86611,0,0
32,41336,75761,1,0
31,40715,78768,0,0
40,33407,86690,1,0
25,82356,59931,0,0
24,75199,10649,1,0
28,17964,39743,1,0
24,27043,34386,1,0
22,50325,56270,1,1
29,85149,20284,1,0
22,11292,12158,1,0
33,62954,88502,0,0
28,30805,34382,1,0
32,54773,78588,1,0
31,71320,62145,0,0
27,77071,45573,0,0
27,34899,89976,1,0
22,4656,81374,1,0
29,87614,56427,1,1
26,10323,69497,1,0
32,18959,16152,1,0
22,19283,95014,1,0
26,13019,56600,1,0
24,96665,77162,0,0
31,96881,38019,1,0
24,50750,10932,0,0
20,3417,7434,0,0
26,51461,74629,0,0
35,30550,64610,1,0
39,12738,45238,0,0
37,25582,54682,0,0
29,55668,86779,1,1
24,70041,71609,0,0
31,75072,90361,0,0
31,48844,8769,0,0
27,75464,83582,0,0
29,49671,33426,1,0
26,11038,38070,1,0
38,96726,32671,0,0
31,50217,1712,0,0
27,83115,54005,1,1
35,95860,47986,0,0
39,92859,3088,1,0
34,86439,30609,0,0
38,24128,20899,0,0
31,12097,50245,0,0
35,86521,40791,1,0
30,36416,2170,0,0
37,79483,66760,1,0
38,32963,96446,0,0
25,60189,21640,0,0
22,41671,54335,1,0
37,44932,38779,0,0
39,42562,55563,0,0
38,43785,43447,0,0
31,84770,52994,0,0
32,93969,40526,0,0
33,96333,70529,0,0
36,1821,58261,0,0
24,77404,24868,1,0
35,15308,51214,1,0
38,3975,30375,0,0
40,92261,79406,0,0
39,20246,37659,1,0
33,39349,3018,1,0
37,82655,64936,1,0
38,55891,93373,0,0
24,86135,53859,1,1
22,20016,41815,0,0
22,65587,39472,0,0
25,51566,30361,1,0
21,85851,35647,1,0
23,53994,22053,1,0
23,39144,75840,0,0
35,2519,33214,1,0
27,31464,16327,0,0
20,15819,49566,1,0
27,81092,88224,1,1
39,42484,41632,0,0
37,23406,85534,0,0
33,22659,51152,0,0
35,22293,91065,1,0
27,95890,43548,1,1
33,88083,41694,0,0
32,25049,21506,0,0
20,82098,6082,1,0
20,15488,74574,1,0
33,62450,9545,1,0
20,40760,24827,1,0
39,88220,32563,1,0
34,31642,67267,0,0
23,63971,9899,0,0
34,26610,54074,1,0
33,52556,5963,0,0
22,79807,41367,0,0
35,15429,52282,1,0
26,59561,96667,1,1
22,14678,59726,1,0
34,35926,22665,1,0
26,88424,18740,1,0
29,16770,44331,0,0
39,4473,53038,0,0
33,36436,24893,0,0
32,86642,94178,0,0
22,34901,98475,1,0
36,16194,45032,0,0
40,49505,61585,1,0
28,37725,63407,1,0
36,27596,53557,1,0
36,44257,18543,1,0
33,70333,45997,1,0
28,19101,59624,0,0
21,75865,57302,0,0
33,95214,86863,1,0
38,48186,15332,1,0
34,42204,18546,0,0
35,6331,43295,1,0
23,89934,62671,0,0
25,10182,71150,1,0
24,50340,83655,1,1
33,77731,60545,0,0
23,11304,9852,0,0
20,24273,56653,1,0
30,95691,25648,0,0
23,90896,91499,1,1
32,67879,50529,0,0
20,6585,26467,0,0
31,99055,35895,0,0
38,67304,37166,0,0
35,45539,42234,0,0
35,3092,13365,0,0
34,20783,69138,0,0
33,57545,99842,0,0
36,88685,69488,1,0
25,9713,20809,0,0
33,53919,15418,0,0
39,83237,45070,1,0
22,2687,76858,0,0
22,71508,20089,1,0
25,38452,76688,0,0
34,78048,27940,0,0
34,39851,37465,1,0
24,16458,59779,0,0
38,9814,74742,0,0
35,98109,98068,1,0
25,97763,41762,0,0
33,23234,22141,1,0
25,86140,82783,0,0
23,89690,72758,1,1
38,64441,23449,1,0
34,85945,42796,0,0
31,48266,74775,1,0
21,83350,30570,0,0
30,56291,99806,1,0
20,65125,29060,0,0
39,69630,91157,1,0
35,78395,78644,1,0
32,64809,52499,1,0
36,37064,98020,1,0
30,73087,17989,1,0
30,12901,94198,0,0
34,97115,80073,1,0
28,19552,64365,0,0
31,67780,78618,1,0
35,90686,76454,1,0
34,23147,25269,1,0
22,8238,83131,0,0
37,75288,9343,1,0
30,8803,49094,1,0
30,6181,58141,0,0
22,66761,47747,0,0
34,78498,76030,1,0
33,56341,5030,0,0
28,33901,28641,0,0
21,19181,85446,1,0
22,15989,67732,0,0
40,56950,5318,1,0
24,57122,78815,0,0
31,13596,89294,1,0
26,95911,50691,0,0
27,46332,16525,0,0
26,51561,31906,0,0
37,73198,42183,1,0
21,5345,66596,1,0
32,91670,84815,1,0
22,88645,99904,1,1
26,59625,70566,1,1
37,31568,81210,0,0
20,18995,58867,1,0
23,54588,26253,0,0
24,18415,66529,1,0
34,38031,71695,1,0
22,4627,56236,1,0
26,18836,30134,0,0
21,18591,62362,0,0
37,16742,45476,0,0
23,26056,40610,0,0
38,22350,17509,0,0
28,82433,90620,1,1
24,34887,5712,1,0
21,89299,83858,0,0
36,25437,95730,0,0
20,8113,31815,1,0
32,65763,29010,1,0
23,15909,58407,0,0
35,62519,38389,0,0
24,68566,3590,0,0
33,48283,26225,0,0
25,61781,54525,1,1
37,64452,27909,0,0
25,10698,4345,1,0
21,19315,19637,0,0
36,73638,64581,1,0
29,38394,40264,1,0
30,94193,52528,0,0
37,88360,80227,1,0
34,69440,83501,1,0
36,12658,62017,0,0
20,43052,19055,1,0
35,54520,75775,1,0
33,10722,84158,1,0
37,10704,92278,1,0
33,28773,92903,0,0
36,30946,64595,0,0
28,75913,34178,0,0
26,56419,20508,1,0
35,93238,7214,0,0
26,88308,79326,0,0
24,52811,98785,0,0
28,21446,44640,1,0
40,60726,83822,0,0
22,69662,65897,1,1
27,36002,67504,0,0
38,95405,70362,0,0
24,77701,36465,0,0
34,75770,30749,1,0
38,51989,59910,1,0
22,6776,82726,0,0
25,36960,28734,0,0
32,14738,98851,1,0
27,82460,78333,0,0
35,95174,10225,1,0
38,2598,85946,0,0
37,70130,54714,1,0
37,68756,88851,1,0
24,6888,41936,1,0
24,26389,20732,0,0
22,20042,83420,0,0
36,76547,62582,0,0
34,10622,48771,0,0
31,58110,33736,0,0
25,54652,23630,1,0
33,2589,7247,0,0
32,14412,40248,1,0
25,63915,21504,0,0
33,63642,60550,1,0
34,98262,76723,0,0
24,15050,28445,1,0
38,40333,87983,0,0
40,70488,45272,0,0
40,32044,44742,0,0
35,80040,62248,0,0
21,9534,78288,1,0
21,4049,86185,1,0
22,82572,66332,0,0
28,70816,25539,1,0
20,61006,61839,1,1
30,32444,40471,0,0
29,95882,29979,1,0
24,50472,96689,0,0
21,4832,64437,1,0
38,42501,8673,0,0
31,4457,41838,0,0
23,68543,97956,0,0
22,5753,18372,0,0
34,69795,89190,1,0
23,45428,11094,1,0
24,3268,54739,1,0
36,29142,45205,0,0
39,96095,68567,1,0
38,48322,68670,0,0
26,50145,52741,1,1
20,71697,73099,1,1
33,91441,19815,0,0
35,95361,66024,1,0
20,4965,14827,1,0
22,14194,63249,0,0
33,99844,65146,1,0
23,88454,43810,1,1
24,19540,13364,1,0
27,80647,90585,1,1
27,73334,55745,1,1
37,32432,59265,1,0
35,18586,1495,1,0
29,72445,80336,1,1
37,51828,19622,0,0
33,58442,50274,1,0
23,85223,60053,0,0
30,21203,35045,1,0
34,52053,68443,0,0
25,84375,84498,0,0
36,88829,34354,0,0
23,46899,61523,1,0
29,95307,51602,1,1
24,5475,80350,0,0
27,56232,20964,1,0
25,28979,14602,0,0
29,23730,3233,1,0
20,70720,10499,1,0
32,93936,26413,0,0
30,18593,19346,0,0
35,27846,59596,1,0
21,3390,55584,0,0
35,96530,93182,0,0
37,2944,10942,1,0
32,13131,9727,1,0
33,96128,69879,1,0
36,30547,15666,1,0
28,1170,14097,1,0
25,3706,5016,1,0
28,15922,91491,0,0
35,87511,69058,0,0
40,78321,27181,1,0
26,54668,35723,1,0
24,17586,84801,0,0
33,24187,86705,1,0
40,21232,20069,1,0
22,21504,21826,1,0
27,17748,97875,0,0
25,3711,85419,0,0
34,10638,80083,0,0
27,35702,97635,0,0
23,15251,3102,0,0
21,71600,82420,0,0
28,1911,85430,1,0
32,50101,60421,0,0
30,75207,98667,0,0
40,25974,49621,1,0
38,91468,54818,1,0
33,19193,52427,1,0
27,34470,10476,1,0
20,8228,67540,1,0
22,17822,72412,0,0
23,38133,86624,0,0
23,13601,58727,0,0
33,43378,71647,1,0
20,30677,72532,1,0
22,60532,90116,1,1
34,92832,21697,0,0
34,69260,90087,1,0
22,92053,35431,1,0
38,81897,31004,1,0
28,5000,78892,1,0
39,18352,74755,0,0
39,82239,7746,0,0
21,47036,86727,0,0
40,87479,78452,0,0
40,57900,50733,1,0
27,80881,51507,1,1
29,16444,72710,1,0
34,88358,66078,1,0
35,73280,86310,0,0
30,51598,90439,0,0
25,47685,80680,1,0
21,51195,69092,0,0
34,46224,91532,0,0
27,29083,45817,0,0
21,78341,51246,1,1
28,24558,91666,0,0
34,91056,35284,0,0
34,28735,12320,1,0
23,62221,84150,1,1
34,52921,94256,0,0
26,44216,37358,0,0
29,4570,58917,1,0
23,34884,64749,1,0
35,61152,82254,0,0
22,24970,86770,1,0
33,74965,91709,1,0
36,93447,59957,1,0
31,19474,55909,1,0
23,22025,38139,0,0
25,6777,53596,1,0
26,84367,15670,0,0
21,94423,61853,0,0
39,8876,78951,0,0
22,10598,52585,1,0
22,12009,94321,0,0
26,37402,73953,0,0
24,91204,96825,0,0
40,33886,61606,1,0
32,1260,10940,1,0
31,7416,84338,1,0
29,48888,7639,0,0
24,33807,81813,0,0
20,8132,4242,1,0
25,92693,52178,1,1
37,30273,73393,0,0
25,95059,89980,0,0
27,33560,35710,0,0
25,32162,30169,1,0
21,20770,70679,0,0
21,43743,97518,1,0
29,90749,31386,1,0
23,80642,47355,1,1
28,29254,73678,0,0
22,59963,80145,1,1
36,19556,35650,0,0
35,30007,3785,1,0
40,39141,60023,1,0
39,27772,49257,1,0
35,48591,90330,0,0
28,50793,22217,0,0
29,57080,42499,0,0
34,93178,17256,1,0
31,65219,15330,0,0
36,40894,26609,0,0
37,37954,28645,0,0
22,90572,11736,0,0
39,79485,13490,0,0
35,15948,20586,0,0
38,56945,50378,1,0
39,89331,68412,1,0
30,52177,57015,0,0
24,54479,66063,1,1
33,94682,17308,0,0
40,63873,12343,1,0
32,85205,53512,0,0
34,47393,71967,1,0
32,28221,67530,1,0
23,17086,63857,1,0
37,17200,49362,0,0
33,43471,54209,0,0
29,97165,24763,1,0
32,34376,2552,0,0
36,15603,30964,0,0
34,34036,78644,0,0
22,68094,52418,1,1
36,21947,28283,0,0
23,78971,80719,1,1
27,65508,84064,0,0
37,52249,5009,0,0
32,42422,91286,1,0
32,86008,22205,0,0
26,18383,93589,1,0
29,17911,28329,1,0
20,83591,56005,1,1
26,73536,2269,0,0
34,17006,19536,0,0
29,44477,73671,0,0
35,7065,6351,1,0
28,50681,93052,1,1
36,63884,36951,1,0
26,7576,54298,0,0
24,22118,82288,0,0
30,61399,11097,0,0
30,22627,66900,1,0
23,39689,16830,1,0
27,38202,91867,0,0
24,63671,56763,1,1
37,36027,70678,0,0
36,26591,4231,1,0
38,15407,34637,1,0
30,34971,6453,0,0
31,10315,97834,0,0
33,20598,5835,0,0
26,43225,38329,0,0
21,47646,44246,0,0
30,74995,77675,0,0
30,50758,81920,1,0
37,31963,40014,0,0
40,7153,11166,1,0
39,42965,37315,1,0
29,59234,28057,1,0
37,91108,27398,0,0
23,70346,10884,1,0
25,33364,84251,0,0
24,95952,46791,1,1
30,17239,43015,1,0
27,96901,18084,0,0
20,18305,77883,0,0
25,4898,4289,1,0
29,5519,4798,1,0
25,32923,39445,0,0
25,9848,82349,1,0
32,1254,47665,0,0
30,81611,57078,0,0
40,60221,5657,0,0
40,66124,32317,1,0
32,29783,87620,0,0
33,86729,86494,1,0
28,50989,87540,1,1
36,98890,17895,1,0
29,74595,56513,1,1
39,40592,64867,0,0
32,65694,42120,1,0
25,21242,30073,0,0
25,95013,25553,1,0
38,29857,33008,0,0
35,64511,66850,1,0
25,83536,61609,1,1
38,66078,5780,1,0
25,66118,23621,1,0
29,35100,42113,1,0
22,76649,81146,1,1
26,22126,41566,1,0
23,59877,91732,0,0
25,65550,82359,1,1
39,45616,83796,0,0
37,51417,3792,1,0
31,74192,97165,0,0
20,98308,77588,1,1
30,19238,96711,0,0
31,93687,42808,1,0
25,95127,9939,1,0
37,15959,29399,0,0
38,56144,44604,0,0
40,33330,90500,1,0
31,23259,63194,0,0
40,39863,80293,1,0
24,22740,73296,1,0
28,28099,56621,0,0
27,20710,91979,0,0
27,1796,97588,0,0
34,99152,17269,0,0
20,53634,2638,0,0
33,45932,84768,1,0
39,42810,80141,1,0
38,16706,50594,0,0
26,42337,16845,0,0
24,34353,2003,1,0
31,55662,87341,0,0
31,93910,88365,1,0
29,77253,82195,0,0
37,61037,89444,1,0
27,14550,9187,1,0
25,34974,37022,0,0
34,43647,80979,1,0
34,64223,95125,0,0
22,50150,2055,0,0
24,52589,27040,1,0
39,63396,1139,0,0
33,96108,42250,0,0
23,92443,49875,0,0
31,96936,90814,0,0
35,85064,96089,0,0
40,83311,16598,1,0
38,72611,96972,1,0
25,7781,21109,1,0
25,25217,30647,0,0
30,17943,70968,0,0
27,42345,64992,1,0
34,65763,28809,0,0
25,24652,11744,1,0
39,73957,17262,0,0
40,8381,17339,0,0
28,88842,91322,0,0
22,18584,63982,1,0
30,48423,21258,1,0
23,34384,47555,1,0
29,78214,22049,0,0
31,5156,76444,1,0
39,53076,13948,1,0
35,6860,53857,1,0
33,29563,14835,0,0
30,6715,95696,0,0
32,2151,40755,1,0
38,27655,9699,1,0
37,50517,16912,0,0
27,88617,84433,0,0
38,33468,77202,0,0
23,99841,75289,0,0
21,12957,22706,0,0
31,80270,48062,0,0
30,74360,8776,0,0
31,21391,32994,1,0
27,70977,99261,0,0
35,22020,66305,1,0
39,61238,52622,0,0
22,56490,52989,0,0
25,86155,41705,1,1
36,21971,71461,0,0
30,40226,40568,1,0
34,51997,25548,0,0
35,43807,84108,0,0
34,98190,31729,1,0
39,33965,6864,0,0
22,54017,10657,1,0
35,36257,38299,1,0
30,9405,6884,0,0
38,37134,83491,1,0
22,86408,93450,0,0
31,45249,18508,0,0
34,17194,77834,1,0
40,79662,36684,1,0
28,11585,57094,1,0
23,16688,11061,1,0
27,11111,58045,1,0
21,1409,99887,1,0
27,61291,29870,0,0
40,13652,80303,0,0
40,59528,74904,0,0
28,21596,32222,1,0
26,83480,27842,1,0
21,77106,61771,0,0
25,95592,25508,1,0
37,75234,34559,0,0
34,98850,21045,0,0
39,58380,47534,0,0
31,7756,60372,0,0
26,38184,46861,0,0
24,86658,23163,0,0
28,88245,5267,0,0
25,11132,33382,1,0
22,15197,95769,0,0
21,44762,42877,0,0
35,60584,58631,1,0
30,45669,82044,1,0
21,2640,52244,1,0
21,49489,59000,1,0
23,48553,76091,0,0
32,25785,28558,1,0
29,31656,80921,0,0
24,4554,38926,1,0
35,53169,51062,0,0
28,22553,59716,1,0
31,50731,55789,1,0
28,7495,55703,1,0
24,90467,46988,0,0
38,90488,45187,0,0
23,88311,12110,0,0
27,29213,51690,0,0
32,1710,23558,1,0
26,27033,21292,1,0
24,83088,97206,0,0
29,20278,72788,0,0
29,88971,10397,1,0
26,92347,7636,0,0
40,87457,1657,1,0
35,80026,28123,1,0
20,91934,23581,0,0
25,45230,57611,1,0
23,59182,82497,0,0
22,59352,63699,0,0
31,54036,78239,0,0
40,24069,53443,0,0
23,68093,41928,0,0
35,68619,15015,0,0
33,63832,52306,1,0
31,73276,46288,1,0
31,19082,46647,0,0
25,64898,7905,1,0
21,65750,18553,1,0
30,31081,46427,0,0
34,22959,63452,1,0
22,80984,6082,1,0
39,86960,53772,1,0
26,45835,89587,1,0
31,87514,70908,0,0
27,13828,3306,0,0
37,46721,39960,1,0
35,44794,51646,0,0
25,31509,57281,1,0
39,35995,20589,1,0
35,99558,65641,1,0
26,72496,78360,1,1
34,74621,38996,1,0
40,26022,7825,0,0
40,32175,27344,1,0
34,41911,85262,0,0
37,79811,19930,0,0
20,43952,85461,1,0
40,5699,22388,1,0
36,91816,86484,1,0
37,15761,27916,1,0
28,86095,38407,0,0
23,55245,33529,0,0
27,72480,14872,0,0
24,79443,81647,0,0
39,98572,34601,1,0
25,53305,57131,1,1
23,49742,44295,1,0
35,67980,19296,1,0
38,63041,39660,0,0
25,3541,86633,1,0
23,23245,89344,1,0
35,83133,83073,1,0
24,77552,8565,0,0
40,77048,29946,0,0
27,62444,6157,0,0
28,56007,57303,0,0
21,17764,44311,0,0
25,66902,57226,0,0
38,26977,31186,0,0
33,93999,8502,0,0
24,83222,17510,1,0
39,47976,70793,0,0
28,97485,90130,1,1
22,32926,84124,0,0
27,92456,34864,1,0
35,68095,84832,0,0
25,61095,7770,0,0
27,40245,21572,0,0
37,87694,13835,1,0
39,2795,63845,1,0
29,52227,30471,0,0
30,76131,3446,0,0
30,18845,27395,1,0
38,65777,6283,1,0
40,97032,69650,1,0
29,75162,69231,1,1
32,81158,47509,0,0
29,28927,14058,0,0
28,18445,1429,1,0
38,2911,10394,0,0
39,58536,8536,1,0
31,91372,45721,1,0
20,40298,67406,1,0
22,86514,83518,0,0
29,77452,15998,0,0
21,11228,65094,0,0
29,53433,20156,1,0
30,82968,23558,0,0
24,53692,15624,1,0
30,72195,31526,0,0
22,5268,84706,0,0
24,5205,38115,0,0
21,6158,31513,0,0
23,33602,40492,1,0
20,42583,82650,1,0
23,37413,90501,0,0
34,99903,14296,1,0
27,18623,11045,0,0
39,68564,6457,1,0
25,80632,99302,1,1
35,66523,13023,1,0
34,2715,9032,1,0
22,4633,32456,1,0
27,98811,29170,1,0
33,88191,13218,0,0
20,84408,17364,1,0
20,60042,8585,1,0
27,23457,43002,1,0
32,2291,45422,0,0
38,26746,54585,0,0
30,79105,4598,0,0
34,72204,84489,0,0
26,3183,26561,0,0
27,76917,81943,0,0
32,2985,13656,0,0
24,20869,98938,1,0
37,18976,57615,0,0
21,94151,38504,1,0
30,40241,43739,0,0
27,85486,12626,1,0
35,41115,77885,1,0
27,72515,84882,1,1
25,98073,58137,0,0
34,7258,65131,1,0
35,1001,15495,1,0
36,78762,40285,0,0
20,41785,87004,1,0
33,95970,93264,1,0
35,25342,85759,1,0
21,12341,32619,0,0
33,66114,40555,1,0
20,72911,71577,0,0
38,86394,78687,0,0
27,42932,16745,1,0
37,20500,92219,1,0
36,75981,3822,0,0
31,45335,5940,0,0
34,73202,28076,0,0
38,87387,80915,0,0
32,69269,83894,1,0
39,94136,77821,1,0
30,27704,47882,0,0
26,95307,82669,1,1
25,60662,63732,0,0
40,9328,39157,1,0
37,19890,23549,0,0
38,21961,29167,0,0
26,52850,40625,0,0
28,40840,2792,1,0
28,63273,14314,1,0
38,6326,86163,0,0
22,39204,56099,1,0
21,27763,37503,1,0
37,64475,25745,0,0
28,78567,20567,0,0
26,32111,66993,1,0
27,11397,7984,0,0
29,1926,35384,0,0
39,51466,6563,0,0
39,94299,66133,1,0
22,65343,84242,1,1
26,97097,85792,1,1
35,73866,76386,1,0
20,6581,32278,1,0
28,13136,35387,0,0
22,94969,53544,1,1
27,94853,55180,1,1
40,88220,8049,0,0
39,1613,84465,0,0
35,37380,43695,0,0
26,35612,64047,1,0
25,57747,27486,0,0
36,33714,63582,1,0
29,25856,15177,0,0
39,56528,69598,1,0
30,51183,47194,0,0
23,22604,21677,0,0
32,80960,9752,0,0
38,25007,94056,1,0
30,55847,1313,0,0
21,25432,95088,0,0
27,24261,36948,1,0
26,88839,68956,0,0
27,48221,9782,0,0
39,25404,70061,1,0
24,88873,57124,0,0
28,7101,5998,1,0
35,43656,33470,1,0
33,61094,33099,0,0
37,54335,18610,0,0
25,27548,92262,1,0
31,25198,30708,0,0
23,73908,78822,0,0
37,30320,2621,1,0
34,44747,65508,1,0
39,79162,45543,0,0
23,20076,3025,1,0
35,74323,45041,0,0
26,48985,4612,0,0
25,88071,30918,0,0
38,68316,51114,0,0
20,32005,43362,0,0
37,67633,58324,1,0
29,25236,47804,1,0
21,93619,43220,0,0
27,64065,8238,0,0
37,19597,53854,1,0
33,23061,8308,0,0
29,46550,43805,1,0
26,64668,66811,0,0
22,67144,26346,0,0
22,59022,41618,1,1
24,40376,30307,1,0
34,59750,19856,1,0
31,56689,72826,1,0
36,65195,1464,1,0
31,74264,19335,0,0
26,4133,88379,1,0
29,47787,83365,1,0
38,16358,75433,1,0
29,28587,63417,1,0
23,16565,27734,1,0
32,31143,99790,0,0
27,70838,18483,1,0
25,74152,16997,1,0
33,29355,56956,0,0
35,4714,44022,0,0
36,9776,31384,0,0
36,57703,83215,1,0
33,93495,66145,1,0
37,34233,68853,1,0
34,41204,42792,1,0
38,25318,2187,0,0
34,83647,99300,1,0
40,77702,27858,0,0
40,65722,47384,1,0
25,32460,11097,1,0
35,65237,26466,1,0
28,56414,77306,0,0
33,27471,27059,1,0
35,75463,40936,0,0
32,67663,52450,0,0
33,15905,82033,0,0
30,31952,47465,0,0
33,76577,56265,0,0
32,82334,56828,0,0
36,77744,34600,0,0
21,43954,42690,1,0
27,58391,12322,1,0
36,39660,55536,1,0
39,76324,92660,1,0
27,91593,49135,1,1
27,50076,30382,0,0
24,52615,36221,1,0
29,6093,21899,1,0
39,12297,11278,1,0
40,53764,56989,1,0
24,32016,70204,0,0
24,33504,55385,0,0
22,63012,94249,0,0
29,47554,68120,0,0
25,81656,43658,0,0
22,4475,45708,0,0
27,32348,37569,0,0
39,37682,1449,0,0
37,43713,58021,1,0
28,11932,71177,1,0
37,90679,75435,1,0
36,41108,12092,1,0
28,4909,54700,1,0
20,63063,18688,0,0
24,98108,81060,1,1
37,17731,97243,0,0
36,4498,9419,0,0
37,91427,35209,1,0
21,18925,38587,0,0
33,17947,2026,0,0
30,70201,80104,0,0
26,23924,48580,1,0
21,41274,27888,1,0
26,27449,51850,0,0
31,24991,98040,1,0
25,94145,76007,0,0
26,34790,21002,1,0
33,26928,56504,1,0
31,43465,3949,0,0
30,45721,89948,1,0
39,38038,25495,0,0
22,45311,78540,1,0
24,77713,34700,0,0
34,88592,80913,0,0
36,25221,13774,0,0
29,39787,27546,0,0
24,55933,67282,0,0
32,7554,14393,1,0
38,40103,20549,0,0
23,51025,26650,1,0
36,76016,95213,0,0
21,62392,66120,1,1
24,3547,68998,1,0
34,66029,27782,1,0
29,86957,3942,1,0
26,9319,14802,1,0
34,82486,31154,0,0
22,33491,41636,0,0
20,55016,34769,0,0
20,6600,15875,1,0
31,72443,2837,1,0
26,38619,68155,0,0
31,66250,77704,1,0
36,70980,41219,1,0
27,78026,90615,1,1
30,26731,12340,1,0
20,46431,12047,0,0
29,52539,67388,0,0
33,6743,26326,0,0
26,96468,76217,1,1
25,39368,55084,1,0
29,90278,6342,0,0
21,11176,94314,0,0
25,4785,39266,1,0
25,79423,10658,1,0
21,64094,2974,0,0
29,31339,35793,0,0
35,64742,82620,1,0
24,33729,22043,0,0
30,45890,39869,0,0
27,2937,97140,0,0
31,57675,81461,0,0
28,93834,50437,1,1
37,94979,85530,0,0
37,19320,40353,1,0
38,76947,62946,0,0
32,41306,96893,0,0
34,83355,74209,1,0
23,46142,93914,1,0
21,54853,2955,0,0
26,47779,18615,1,0
25,70634,96934,0,0
40,70817,68905,1,0
30,3808,88527,1,0
35,78440,85787,0,0
39,34448,40470,0,0
28,79408,13692,0,0
37,96552,18629,0,0
39,6395,53382,0,0
33,33780,65439,0,0
22,60615,56933,0,0
28,30728,54002,1,0
33,15381,14661,1,0
40,53245,9819,0,0
31,92691,41801,0,0
33,99030,47260,1,0
20,48081,46682,0,0
25,95691,78325,1,1
27,6069,7609,1,0
31,98623,72572,1,0
36,43172,77287,1,0
26,28382,79397,1,0
23,36281,73180,1,0
29,38098,47764,1,0
23,42743,71633,0,0
31,90898,25148,1,0
37,7351,20019,0,0
31,20909,11555,0,0
25,26074,83882,1,0
25,76372,77082,0,0
35,14150,6524,0,0
24,70528,47091,0,0
25,96094,80894,1,1
40,86012,8956,1,0
25,38006,48651,0,0
26,2594,8941,1,0
21,44812,48914,1,0
35,25313,68706,0,0
29,88629,80691,1,1
26,59244,43090,1,1
37,98456,66722,1,0
38,11864,96121,0,0
25,80822,75867,0,0
31,71159,30120,1,0
31,97294,82772,1,0
27,16666,23114,0,0
36,80587,23599,0,0
29,36352,1939,0,0
38,38684,1541,0,0
20,94947,1899,1,0
38,47398,61407,1,0
31,30270,10283,1,0
25,17863,12231,1,0
21,25020,9144,0,0
37,12779,82141,0,0
33,52008,98457,0,0
30,10118,98544,1,0
24,61580,81630,0,0
37,76341,55403,0,0
32,22088,36182,1,0
31,76627,61480,0,0
28,5255,61858,0,0
28,99064,56785,0,0
24,75432,80497,1,1
34,31716,1113,1,0
32,47870,75353,1,0
26,45354,35161,1,0
36,73598,39234,1,0
36,43573,35072,0,0
26,37391,44734,0,0
28,54954,67669,0,0
35,28755,68617,1,0
39,65070,75494,1,0
27,87358,23167,1,0
23,33972,34178,0,0
28,91604,1605,0,0
40,81792,48945,1,0
30,35833,73117,0,0
30,35540,91005,1,0
24,37593,11858,1,0
39,8201,17826,0,0
34,20704,84144,0,0
36,83787,89455,1,0
26,82312,25090,1,0
39,50943,12781,1,0
40,12391,71722,1,0
26,46497,93111,1,0
37,87855,49769,1,0
37,20507,40546,1,0
36,26778,74680,0,0
30,62347,37171,0,0
34,35151,34488,0,0
25,79374,17242,1,0
30,99368,36105,0,0
26,44675,29231,1,0
40,93541,82207,1,0
32,69833,3217,1,0
31,43349,83266,0,0
26,38587,78139,0,0
22,10464,26497,0,0
33,74957,54905,1,0
29,72538,13594,0,0
29,36747,68499,0,0
33,56706,17836,0,0
23,55617,63831,0,0
28,77814,47197,1,1
20,94076,50949,0,0
24,72740,20003,1,0
27,90737,27058,0,0
38,8585,57691,1,0
23,45134,68053,1,0
32,49214,77257,0,0
20,85977,23414,1,0
33,37402,69809,1,0
24,53174,72331,1,1
40,78461,87436,1,0
23,9525,11117,0,0
39,12391,72553,0,0
35,46738,71336,0,0
27,91530,94711,0,0
28,55587,69718,1,1
27,65049,12842,1,0
29,6172,18617,1,0
24,40160,12681,0,0
40,58617,50016,1,0
40,90605,27685,1,0
35,31382,64916,1,0
21,95699,8431,0,0
35,37489,60082,0,0
35,96667,74283,1,0
34,91192,83347,1,0
40,89449,79274,0,0
21,22268,14545,1,0
21,81821,66164,1,1
33,13180,65508,0,0
27,23590,11046,0,0
30,13438,3320,1,0
23,83853,19654,1,0
31,5838,76383,0,0
37,87041,23840,0,0
35,38673,79131,0,0
34,40517,79733,0,0
38,1184,32429,0,0
21,62558,79396,0,0
30,72070,62775,0,0
25,54482,62496,1,1
30,38799,11548,1,0
40,3131,3609,0,0
23,60897,88598,1,1
35,2660,57865,0,0
31,84499,20625,1,0
29,10914,11680,1,0
35,56337,82853,0,0
39,98216,37527,1,0
20,28343,40255,0,0
33,9011,19258,1,0
23,13898,34829,1,0
28,3486,95326,1,0
22,58397,36281,0,0
37,6021,31749,1,0
20,28337,2878,0,0
27,66443,79214,0,0
27,90022,37118,0,0
22,74770,64925,1,1
35,87697,1402,0,0
34,1967,39561,1,0
24,54802,58664,1,1
29,63926,6562,1,0
36,50659,34736,0,0
40,49101,10144,1,0
24,61173,86781,0,0
25,59354,98868,1,1
24,7940,42333,1,0
33,6434,14092,0,0
36,54728,6622,1,0
23,76811,47171,1,1
32,32706,84186,1,0
31,59555,26734,1,0
34,38516,90489,1,0
38,65240,35234,0,0
35,45189,56320,1,0
30,62263,69269,0,0
40,12613,88434,0,0
34,22411,20742,0,0
24,93307,52533,1,1
38,64339,72173,0,0
22,73361,50872,1,1
27,45271,21495,1,0
24,65167,6954,1,0
27,12065,18862,0,0
35,70653,48971,0,0
39,89095,58016,0,0
36,10061,42794,0,0
39,99755,27347,0,0
39,18385,88453,0,0
33,54679,61826,1,0
31,58366,45811,0,0
32,50496,29139,0,0
32,27856,18216,1,0
30,37777,62922,0,0
31,5596,40920,0,0
25,47858,33110,0,0
28,93572,44012,0,0
20,99775,63341,1,1
20,51728,31725,1,0
23,10622,2337,1,0
34,95221,58407,1,0
23,6503,22369,1,0
25,17046,33716,0,0
32,81176,68381,1,0
29,91349,36947,0,0
37,38335,65884,0,0
21,18691,42452,1,0
39,22791,41105,0,0
27,13320,57349,0,0
35,40268,69473,0,0
24,19499,2152,1,0
33,14528,75614,1,0
21,34750,66971,1,0
33,94106,90920,0,0
35,52092,70818,1,0
35,21497,52434,0,0
37,27454,55729,0,0
37,15119,81472,1,0
24,32271,26121,1,0
39,97652,1997,0,0
31,45787,33890,0,0
40,46032,79762,0,0
25,81123,82878,1,1
37,17023,59166,0,0
34,86918,69558,0,0
38,14709,8415,0,0
36,80821,6452,0,0
23,72029,3911,1,0
26,9524,99036,0,0
25,11062,43849,0,0
39,32837,33511,1,0
30,87022,51249,1,0
26,98661,85465,1,1
22,50582,31344,0,0
36,20744,60390,1,0
22,29463,48914,0,0
38,11690,9481,1,0
33,5786,5467,0,0
29,20955,75950,1,0
32,82385,77359,1,0
26,85161,37800,1,0
39,12705,47609,1,0
20,16669,32400,0,0
21,97690,90542,0,0
36,16874,79454,0,0
30,33507,74605,0,0
21,62334,1602,1,0
21,10037,90452,0,0
40,26833,59476,0,0
23,33782,85611,1,0
28,95991,46894,0,0
39,30055,33704,0,0
37,89021,9622,0,0
28,1927,64488,1,0
26,17034,46149,1,0
21,47818,8556,0,0
29,50079,33628,1,0
33,1464,70994,0,0
37,52404,55073,1,0
30,81696,64688,0,0
32,22804,30868,0,0
34,46888,44809,0,0
31,65600,67735,1,0
29,86545,64010,0,0
38,38754,21579,0,0
26,82445,98334,0,0
34,71034,45087,1,0
38,19540,20878,0,0
22,66728,78818,1,1
26,12087,84611,0,0
34,88027,61738,1,0
33,88367,91783,0,0
37,2260,46048,0,0
32,23842,63358,0,0
28,23824,52277,0,0
36,8572,93013,0,0
21,74140,14198,1,0
31,73204,26236,0,0
21,88428,90466,1,1
33,94889,52160,0,0
40,48897,16607,0,0
31,6432,5837,1,0
31,79623,87394,0,0
23,77494,97888,1,1
33,93560,41338,1,0
26,11359,26184,1,0
26,22361,26139,1,0
23,65694,86634,0,0
25,80644,3924,0,0
30,96098,26386,0,0
20,94837,30229,0,0
34,99042,82930,0,0
33,6735,67155,0,0
27,58023,68985,0,0
32,56945,14556,1,0
35,61295,90502,1,0
20,24558,69147,0,0
38,16880,99043,0,0
23,42050,71418,1,0
22,60794,95348,0,0
26,48976,72906,0,0
38,6794,63557,1,0
20,67874,29265,0,0
31,59047,22110,0,0
28,8227,54635,0,0
38,56300,57080,1,0
33,45653,66414,0,0
36,97663,6643,0,0
29,49440,99771,1,0
38,71740,6739,0,0
23,94185,15723,1,0
37,96996,74600,1,0
39,17791,16482,1,0
25,16412,8238,0,0
23,69304,4333,0,0
39,97943,84910,0,0
26,90715,72218,1,1
28,13936,60622,1,0
26,12668,30322,0,0
34,16157,91279,0,0
28,93313,91332,1,1
21,50322,39314,1,0
36,3669,14202,0,0
36,7573,45263,1,0
36,54384,96331,1,0
26,49051,78245,0,0
39,29872,25083,0,0
30,7008,9766,1,0
25,30990,29975,0,0
40,16981,27396,1,0
34,13140,91393,0,0
36,65589,3183,0,0
32,89909,81063,1,0
36,33682,76558,0,0
38,3168,53688,0,0
24,24904,45129,1,0
23,79096,4224,0,0
22,70480,49147,1,1
21,94267,82921,1,1
28,54480,2250,0,0
21,41457,32670,1,0
39,53686,79466,1,0
38,69457,6777,0,0
35,84790,91423,0,0
28,49907,79517,1,0
30,90165,66130,0,0
26,50755,23719,1,0
35,73656,36859,1,0
22,48026,36828,0,0
28,80164,38620,1,0
28,20889,60208,1,0
24,94521,37714,1,0
38,67971,39182,0,0
31,28530,42335,1,0
33,56262,47333,0,0
26,77598,32021,1,0
20,97382,60107,0,0
35,85681,55528,0,0
40,79017,24058,1,0
36,34214,42193,1,0
24,76566,52684,1,1
39,15005,84580,1,0
37,14311,72849,1,0
37,40063,88002,0,0
32,92940,73281,1,0
38,76221,64235,1,0
25,33517,55028,1,0
32,97551,27258,1,0
31,86425,18275,1,0
33,6301,7226,0,0
34,22130,98895,1,0
27,2528,72247,0,0
23,5443,45810,0,0
38,17145,78468,0,0
22,55651,64793,0,0
20,27628,89397,1,0
24,71674,54816,0,0
33,46710,94152,1,0
25,82653,90366,1,1
38,23652,36356,0,0
30,88839,13605,0,0
26,20639,81943,1,0
35,60798,91652,1,0
39,10151,68042,1,0
29,87865,2344,1,0
38,93057,65037,1,0
20,15933,1573,0,0
40,28687,48993,1,0
29,53394,28470,1,0
23,62173,91154,1,1
27,12712,80187,1,0
34,99454,95220,1,0
26,27736,39602,1,0
34,43075,47221,0,0
39,28097,29210,1,0
25,37242,47248,1,0
20,8909,96155,0,0
23,60303,11840,0,0
33,94783,54579,1,0
30,19266,95038,0,0
24,28959,63719,0,0
28,52357,26622,1,0
36,44481,9141,1,0
40,68601,73696,1,0
23,16977,45883,1,0
25,47587,26777,0,0
21,75799,84646,1,1
33,37642,34736,1,0
22,37832,83700,0,0
23,45164,85380,1,0
36,81224,44672,1,0
27,83944,35250,1,0
40,22066,86634,0,0
20,21501,9432,0,0
39,12194,79052,0,0
26,59082,82729,0,0
32,7326,97814,1,0
34,3704,65775,1,0
20,97886,53324,1,1
29,87507,47244,0,0
20,57251,95891,0,0
34,17682,79535,0,0
29,38521,70977,1,0
25,8972,22422,1,0
31,94517,40452,0,0
35,51690,69595,0,0
25,9848,50928,1,0
29,43380,17792,0,0
37,19593,87064,1,0
27,3824,39995,0,0
33,44534,7562,1,0
23,98817,91340,0,0
22,71149,97783,1,1
25,10184,20271,1,0
27,66356,63317,0,0
21,44007,84996,1,0
29,16703,57667,1,0
30,87536,79184,0,0
36,12259,85479,0,0
22,69590,41468,1,1
28,69448,99751,1,1
36,3003,60188,1,0
20,36626,94371,0,0
34,32026,16244,1,0
23,39865,55996,1,0
31,67464,91583,1,0
25,86427,34863,1,0
40,47017,70747,0,0
26,64497,21435,0,0
37,36892,7686,0,0
39,94926,89744,0,0
28,70681,77227,0,0
39,4606,67501,0,0
34,48241,83937,1,0
20,43749,12790,0,0
20,92227,35803,0,0
21,60922,77416,1,1
28,36447,8732,1,0
34,2086,7271,1,0
34,51321,21505,1,0
22,32570,66946,0,0
22,47823,23762,0,0
37,35247,97500,1,0
29,5280,28144,0,0
29,65572,91810,1,1
33,40844,71407,1,0
37,28284,76372,1,0
24,56598,25318,0,0
40,44618,72564,0,0
24,81528,72000,0,0
40,40933,42134,0,0
34,57978,85993,1,0
37,69506,29579,1,0
30,74918,43823,0,0
31,6963,66533,1,0
20,22818,24633,1,0
32,81139,44244,1,0
31,33967,98756,1,0
20,76618,47347,1,1
23,16089,14028,0,0
32,25134,2876,0,0
35,63661,95703,1,0
25,37644,6931,1,0
40,27193,23872,0,0
22,93764,71706,0,0
37,8779,72475,1,0
20,79161,90229,1,1
21,78063,92273,1,1
23,41281,91391,0,0
38,93954,2352,1,0
26,54998,31620,0,0
30,95191,44356,1,0
33,20924,53354,0,0
36,31337,25800,1,0
40,81750,94725,0,0
36,31275,61082,0,0
36,30086,25861,0,0
35,94347,34327,1,0
31,83117,88600,1,0
23,67463,51379,0,0
28,84405,88336,0,0
26,91385,6673,0,0
29,49798,43425,1,0
36,99751,9507,0,0
35,30338,61892,1,0
32,46806,19192,1,0
35,21345,31567,0,0
22,87879,49306,0,0
32,46079,91434,1,0
30,77413,91703,0,0
40,9960,86085,0,0
21,10328,7445,0,0
34,80682,13980,0,0
28,88163,22572,0,0
29,7766,21333,0,0
30,51284,54927,0,0
27,75797,85652,0,0
34,93940,39352,1,0
21,53833,23050,1,0
30,22428,85069,1,0
33,30198,58992,0,0
40,78841,77505,0,0
28,28147,16540,0,0
26,36924,33036,1,0
25,6775,39891,1,0
33,51535,98744,0,0
40,35740,24666,1,0
24,61685,52200,1,1
29,54567,47984,1,1
21,21746,6781,0,0
27,87961,39891,0,0
35,19471,91607,0,0
38,47331,58599,0,0
40,92421,84592,1,0
28,9013,65997,0,0
22,71645,62909,1,1
25,4336,92315,0,0
28,96463,29957,0,0
34,75471,50597,1,0
33,24844,31180,0,0
29,4779,67515,0,0
39,40629,20275,1,0
21,10006,89633,1,0
30,85819,23752,0,0
24,41145,43911,0,0
23,21191,93446,1,0
31,44427,72196,0,0
33,74442,77352,0,0
39,98815,61977,0,0
38,36212,30530,1,0
24,42805,48831,1,0
31,39172,99990,1,0
38,49933,12518,0,0
29,86699,99680,0,0
36,38122,63104,1,0
30,16320,49093,0,0
34,54099,43765,0,0
40,18246,61218,0,0
24,98313,9712,0,0
36,71362,91777,0,0
30,41796,32306,1,0
27,73782,50709,1,1
36,68103,40772,1,0
28,28323,24126,1,0
20,91334,44421,0,0
25,66786,49995,0,0
39,28283,75919,1,0
36,36038,49176,0,0
40,37082,78372,0,0
31,15566,13003,1,0
40,28995,75441,1,0
32,26272,33342,0,0
20,95563,42909,0,0
40,4826,96865,1,0
36,62637,90912,0,0
39,67756,85460,0,0
20,46853,34321,0,0
21,41840,62517,0,0
39,23653,5286,0,0
22,34712,19169,0,0
26,11019,46779,1,0
24,95999,36203,0,0
37,19615,80586,1,0
40,52415,24983,0,0
38,26357,12374,1,0
33,61669,25735,0,0
32,68140,88110,1,0
23,20713,16862,0,0
32,72678,36141,0,0
31,55444,67943,0,0
29,19269,44531,1,0
20,11526,54921,0,0
40,19749,1759,1,0
24,26723,75485,0,0
38,37146,55852,0,0
29,4403,22073,0,0
24,13550,58232,1,0
40,36821,87435,1,0
25,21574,87091,0,0
24,68489,90062,0,0
20,88781,83317,0,0
20,83563,86178,1,1
24,41814,83261,1,0
29,21357,21109,1,0
33,12932,88303,0,0
30,20799,57228,0,0
20,56241,56103,1,1
36,58727,73688,0,0
34,89340,59502,0,0
39,25198,99877,0,0
39,20471,76138,1,0
20,43906,10858,0,0
38,53635,15328,1,0
23,82570,11729,1,0
39,97247,68447,0,0
37,18562,16279,0,0
36,52099,29957,0,0
24,25201,66994,1,0
30,69051,19863,1,0
30,6394,53757,1,0
30,90111,4224,1,0
36,33972,97927,1,0
34,21454,53765,1,0
27,53427,66859,0,0
28,91255,95365,0,0
34,79820,36529,1,0
37,58207,19173,1,0
37,53842,67062,0,0
31,34448,16962,0,0
38,67473,65818,1,0
24,20096,48115,1,0
25,21882,28523,0,0
36,87878,39110,1,0
35,85985,48389,0,0
33,41538,69147,0,0
33,78997,47605,0,0
27,91077,66911,1,1
32,67932,35132,0,0
35,90449,7960,1,0
39,59266,57078,0,0
40,91054,2148,0,0
24,25942,99948,1,0
29,21425,80646,1,0
29,58226,84995,1,1
40,93596,4964,0,0
28,9684,57077,1,0
33,76668,97544,0,0
33,22052,3340,1,0
29,1321,69285,0,0
20,94654,31391,1,0
36,26877,10932,0,0
34,87606,55841,0,0
36,12751,14087,0,0
38,43219,40882,0,0
31,16964,86903,0,0
27,71979,73864,1,1
27,98196,5344,0,0
22,21057,22866,1,0
26,12387,70179,1,0
26,88797,29367,0,0
28,41768,39252,1,0
39,67223,92854,1,0
27,82369,4864,1,0
36,93099,79015,1,0
25,30033,67080,1,0
35,69735,25073,0,0
35,38861,82437,0,0
30,11746,15924,0,0
26,65305,79068,0,0
29,66711,51704,1,1
22,37215,30801,1,0
28,25914,56942,1,0
38,97877,13454,0,0
31,76654,86315,1,0
20,56391,72673,1,1
34,55042,94630,1,0
24,62345,25604,1,0
31,44811,65006,0,0
34,10297,67458,1,0
31,72077,66178,0,0
39,68966,79245,0,0
40,20972,63807,0,0
30,77933,61053,0,0
36,13915,65469,1,0
39,41554,13676,1,0
39,58760,93175,1,0
31,73048,40567,0,0
33,87275,33944,0,0
32,21664,68730,1,0
33,9575,57318,1,0
36,63435,83254,0,0
38,74342,33065,1,0
27,60994,71516,0,0
31,93041,77360,1,0
29,68562,39142,0,0
37,62775,91173,0,0
33,26703,5861,0,0
29,35316,20431,0,0
32,63634,33290,1,0
21,41880,91131,0,0
26,37941,89161,0,0
21,94772,67218,0,0
33,5716,28915,0,0
37,17398,58203,1,0
33,76337,88361,1,0
28,94408,7483,1,0
21,1452,4329,1,0
34,1918,95485,1,0
30,1066,57403,1,0
24,84072,7856,0,0
38,13789,61599,1,0
29,37241,68025,1,0
25,40406,32481,1,0
20,5761,33180,0,0
20,10472,25198,0,0
39,10329,4905,0,0
28,30351,3294,0,0
37,36596,34348,1,0
27,42633,39304,1,0
38,73848,43158,1,0
34,68787,27159,1,0
23,90615,93058,0,0
40,6818,6536,0,0
22,25031,74059,0,0
20,55134,84385,1,1
22,59843,47123,0,0
21,51935,38979,1,0
20,56894,79602,0,0
35,12926,21710,1,0
27,77431,50310,1,1
34,40584,41908,0,0
40,41842,39920,1,0
38,51375,6430,1,0
28,38664,5479,1,0
22,62873,5727,0,0
40,70521,2754,0,0
38,4925,67389,0,0
24,2748,11202,0,0
28,39179,50820,0,0
22,9196,83513,1,0
29,31448,73132,0,0
27,79685,23522,0,0
30,6070,24649,0,0
26,65477,22049,1,0
35,87350,35894,1,0
36,76645,70215,1,0
39,11539,88795,0,0
38,59948,9209,1,0
38,84923,38583,1,0
35,57479,97484,0,0
25,14343,50306,1,0
28,19227,89824,1,0
20,4502,10073,0,0
25,5073,70178,1,0
22,25011,7808,1,0
30,31821,15563,0,0
21,47564,22542,1,0
27,9509,21652,0,0
24,85536,42721,1,1
29,13660,72870,0,0
29,95180,90762,0,0
27,2507,54133,0,0
35,1927,37501,1,0
32,16735,86982,1,0
28,44357,91372,0,0
25,55286,62312,0,0
20,84896,48177,1,1
38,54884,76757,1,0
27,61900,30761,0,0
24,9928,95057,0,0
20,62578,58917,0,0
38,92773,22206,0,0
35,78769,55386,1,0
24,17864,56645,1,0
32,88900,42808,0,0
38,7410,72716,0,0
20,92007,9925,1,0
28,50055,17361,1,0
23,57022,70712,1,1
27,70151,56712,0,0
34,12575,23692,1,0
28,17770,66431,1,0
29,4868,68019,1,0
24,97654,30824,1,0
40,12016,46280,0,0
22,39526,75623,1,0
25,43948,11900,1,0
28,48773,44586,1,0
38,56437,85757,1,0
32,28373,86956,0,0
34,27074,59409,0,0
34,6952,37181,1,0
39,85271,14278,1,0
29,73142,5327,1,0
37,2921,59569,0,0
29,36275,25721,1,0
24,59591,81428,0,0
35,59656,15615,1,0
33,97972,40861,0,0
30,25132,58715,1,0
35,76589,23777,1,0
29,97832,99883,1,1
38,36413,1236,1,0
35,38561,83700,0,0
26,3543,56760,1,0
31,96170,62965,1,0
27,18806,18022,0,0
21,62337,20304,0,0
36,63421,47493,1,0
28,41091,86388,1,0
24,2765,96031,1,0
37,44072,61866,1,0
30,68217,41828,0,0
22,64188,81163,0,0
37,87676,91762,1,0
33,65402,61890,1,0
24,8730,20258,1,0
27,84918,25453,1,0
25,57534,37262,1,0
23,38286,44491,1,0
22,67282,85459,0,0
20,11241,29712,0,0
21,16327,14801,0,0
31,20592,60436,0,0
36,76433,65513,0,0
29,57677,93193,0,0
36,89039,12238,1,0
24,33879,65188,1,0
26,78628,6699,1,0
27,92010,65282,1,1
25,33148,91166,0,0
33,28775,72376,1,0
25,13054,79639,1,0
33,67150,65854,0,0
36,11963,41908,0,0
36,34116,20889,0,0
34,68039,17283,0,0
36,33740,5742,1,0
20,39218,27397,0,0
31,29751,87437,0,0
30,71896,46027,1,0
39,6947,64561,1,0
36,52794,47941,0,0
21,4688,46839,0,0
30,20402,55861,0,0
32,40755,32548,1,0
38,21421,1323,1,0
29,19952,75945,0,0
36,90869,77585,0,0
34,62914,82618,0,0
33,43260,63752,1,0
40,55900,82568,0,0
39,13533,58104,1,0
35,61413,94848,1,0
38,95110,64611,1,0
31,59967,96978,1,0
20,7264,57978,0,0
31,58212,81860,0,0
20,28383,75118,0,0
39,5191,67646,0,0
26,9654,8303,0,0
29,20008,33589,1,0
24,91826,49413,1,1
30,88683,86526,0,0
37,19877,94838,1,0
39,59513,48620,0,0
31,41912,63068,1,0
22,55668,20610,1,0
29,92169,76763,1,1
20,41845,85862,0,0
31,38900,32712,0,0
23,55887,24303,1,0
25,18200,62792,0,0
29,3471,62941,1,0
36,62511,15706,1,0
38,79508,83123,0,0
31,74323,69102,1,0
38,49858,65238,0,0
30,5166,76855,0,0
28,38975,58653,1,0
28,90652,15924,1,0
24,87926,91485,0,0
37,56342,1661,1,0
34,20454,53691,0,0
37,48396,69346,0,0
26,22556,56946,0,0
21,41838,56777,0,0
29,97216,40439,0,0
22,69627,32764,0,0
20,51096,54358,0,0
33,24257,82487,1,0
20,93512,40891,0,0
39,22228,63560,1,0
36,15415,79086,0,0
26,6789,3300,0,0
39,53072,15838,1,0
31,28854,7684,0,0
26,63564,96083,1,1
20,10621,77579,1,0
26,40900,14255,0,0
21,88414,32848,0,0
31,53079,19180,0,0
20,9614,20939,0,0
23,96870,83648,1,1
36,61135,57868,0,0
37,12363,77566,1,0
40,52372,58601,1,0
36,38724,34727,1,0
24,78405,39894,0,0
36,7470,97147,1,0
33,60224,28845,0,0
23,49460,42578,0,0
26,21415,72254,1,0
22,34502,83088,0,0
25,32993,70316,0,0
40,56497,99559,0,0
26,19816,66396,1,0
22,25864,43413,0,0
21,67783,1891,1,0
35,60390,96184,1,0
34,91833,12148,1,0
28,60928,44505,1,1
28,66518,55560,1,1
30,60848,63200,0,0
22,95038,17725,1,0
30,61057,74980,0,0
35,68691,10710,0,0
22,28684,82090,0,0
38,32941,9403,1,0
26,29337,60574,0,0
39,38229,72246,0,0
22,59046,84771,1,1
21,24772,83804,0,0
39,73620,54386,0,0
30,54058,91049,1,0
22,24001,30034,1,0
35,72960,32628,0,0
22,58772,79679,0,0
21,97322,72666,1,1
37,4938,24015,0,0
32,58902,85222,1,0
24,58051,89695,1,1
26,26768,80563,1,0
26,15728,91765,1,0
31,43176,83477,1,0
27,93688,23339,0,0
39,77496,44000,0,0
25,66980,97778,0,0
23,2049,36357,1,0
24,9157,12999,1,0
33,25320,85817,1,0
23,48718,76299,1,0
23,35941,72088,1,0
28,21906,2773,1,0
33,97486,71789,1,0
38,24249,72479,0,0
26,43369,10898,1,0
39,47997,19707,1,0
22,82319,62523,0,0
32,68724,27560,1,0
27,38286,84815,0,0
40,19904,58728,0,0
20,33293,87573,0,0
22,28933,3169,0,0
20,11907,26641,0,0
30,58306,5897,0,0
24,23728,74513,0,0
24,50509,45341,0,0
21,99182,36913,0,0
34,27174,89646,1,0
20,86028,61448,0,0
29,14734,25940,0,0
38,22229,44748,0,0
25,2769,67732,0,0
37,33796,13923,0,0
24,44567,59500,1,0
32,74055,1455,1,0
29,33389,45995,0,0
40,72395,58872,1,0
37,65939,80810,1,0
22,34611,45210,1,0
40,92098,65120,0,0
31,95143,47374,1,0
27,13950,98269,1,0
25,58705,57395,1,1
39,71455,64429,1,0
21,32909,32605,1,0
37,55900,62833,1,0
24,95723,46823,1,1
26,24966,30982,1,0
23,19561,30946,0,0
22,54694,78680,0,0
40,46547,23950,1,0
26,59355,57695,0,0
20,30534,53608,1,0
40,61363,6327,1,0
23,31606,13959,0,0
36,38871,85581,1,0
32,46730,40884,1,0
32,6954,30429,1,0
33,40299,60753,0,0
28,80950,13329,0,0
28,76151,97051,1,1
34,91743,39317,0,0
37,59954,20874,1,0
22,84849,46884,0,0
37,76177,25753,1,0
25,92161,92466,0,0
29,96405,31046,0,0
39,30701,97272,1,0
21,91390,18536,0,0
20,73655,55007,1,1
39,5652,76193,1,0
36,29706,5883,0,0
20,71290,22224,0,0
31,95676,88514,1,0
30,41431,74251,1,0
27,35039,76712,1,0
28,98574,90564,0,0
30,78849,69318,1,0
31,15695,25198,1,0
21,9525,28543,0,0
30,73740,8389,0,0
21,52183,84423,0,0
32,99981,19920,0,0
25,45376,27723,0,0
40,24087,43479,0,0
22,85938,37990,1,0
37,60073,44332,0,0
27,55215,47656,0,0
40,66445,57202,0,0
23,12959,57496,1,0
23,50663,7392,0,0
32,30492,13835,0,0
38,5479,7796,1,0
33,44263,36091,1,0
21,28252,73553,0,0
29,38727,34585,0,0
26,24083,78751,1,0
33,5904,26118,1,0
27,14121,12818,0,0
35,55206,10727,1,0
31,47719,29758,1,0
38,83010,58271,0,0
32,67569,87071,1,0
33,91814,76479,1,0
31,38520,70559,1,0
40,63487,74099,0,0
40,81343,79325,1,0
36,72651,44795,1,0
29,58364,94764,1,1
25,75011,33779,1,0
20,66406,80896,0,0
20,54472,27867,0,0
38,40350,80203,0,0
29,77350,65987,1,1
26,13574,14120,1,0
31,51230,93438,1,0
27,49130,69716,1,0
31,38568,82462,0,0
30,30180,55312,1,0
21,31183,42358,0,0
20,97924,41302,1,1
37,40756,25993,1,0
35,83760,89225,1,0
24,2525,49741,1,0
27,50999,51944,0,0
34,87594,42285,0,0
39,69885,22355,1,0
37,42121,68523,1,0
33,14135,99154,0,0
31,87101,5636,0,0
25,26132,44141,0,0
20,75735,36007,0,0
23,17962,95060,1,0
36,12774,40387,0,0
35,10797,88575,0,0
28,85037,83929,1,1
32,76640,96477,0,0
29,36343,80273,0,0
22,27337,23011,0,0
22,45433,90567,1,0
20,45769,63085,1,0
37,72895,28186,1,0
40,45061,27035,1,0
20,67486,46215,0,0
26,12698,56314,1,0
29,80031,12605,0,0
20,78517,12302,1,0
25,99247,44661,1,1
36,58667,49933,0,0
24,40935,94085,1,0
37,4844,84482,0,0
24,24059,14400,1,0
21,3669,85624,0,0
30,18408,1109,0,0
33,88784,7327,1,0
24,23349,60870,0,0
38,37395,16021,0,0
40,48964,29200,1,0
38,59186,30353,0,0
24,72591,77972,1,1
36,47392,49663,1,0
24,19793,72239,1,0
24,59358,70893,1,1
39,26742,76501,1,0
36,49982,55913,0,0
20,6034,81645,0,0
31,7864,61121,0,0
31,20797,85244,1,0
39,4087,97981,0,0
26,70205,43331,1,1
37,28977,29638,0,0
40,39847,51181,1,0
22,91192,33709,1,0
32,12303,62720,0,0
32,59545,64148,0,0
38,86218,87388,1,0
30,17236,45825,0,0
33,64829,4502,0,0
21,83854,92139,1,1
29,40900,28617,1,0
27,48929,76969,0,0
38,58014,4441,0,0
24,41118,54377,0,0
20,29341,53217,1,0
34,47938,41328,0,0
40,8585,42028,0,0
24,47578,74424,0,0
26,37374,42416,1,0
29,34009,63026,0,0
28,97098,46642,0,0
27,77952,71078,1,1
21,57137,83106,1,1
39,85449,18270,1,0
20,2315,34914,0,0
33,84200,38195,0,0
20,49156,19700,1,0
35,79418,15784,0,0
23,68642,48806,0,0
24,49638,77881,1,0
36,46329,86378,0,0
35,57136,16489,0,0
25,57151,82593,0,0
30,66698,1191,1,0
35,42212,23620,1,0
40,32688,15989,0,0
28,64964,39088,0,0
32,92661,33709,0,0
24,7571,43042,1,0
33,62520,32558,0,0
40,16413,88902,0,0
37,47361,47320,1,0
29,13685,89466,1,0
22,2492,53552,0,0
37,20652,87220,0,0
34,1175,43122,0,0
23,29225,17288,0,0
30,87896,20884,1,0
34,5226,69699,0,0
39,27788,94497,0,0
35,89318,40237,0,0
28,34575,94173,0,0
36,77168,71598,0,0
27,28497,45432,0,0
34,65770,86497,1,0
22,76758,31808,0,0
32,61253,35448,1,0
39,44233,78556,1,0
26,92046,54307,1,1
33,43034,8683,1,0
31,43594,13054,0,0
29,37014,2616,0,0
39,6413,28421,0,0
29,49324,92489,0,0
23,49677,2772,0,0
33,40023,83292,0,0
28,35560,97708,0,0
25,63115,45305,0,0
20,47919,48240,0,0
21,36907,69943,0,0
37,39574,54682,1,0
26,27952,70591,1,0
32,81994,76684,0,0
35,5472,53095,1,0
33,58667,53237,0,0
23,3827,87448,0,0
38,8371,17537,1,0
30,89356,89316,0,0
27,81507,10361,0,0
24,76475,92750,1,1
21,57399,22098,1,0
20,18895,13328,0,0
28,84492,29850,0,0
39,77641,45918,0,0
26,55449,6723,1,0
22,75854,93104,0,0
26,63044,47825,0,0
38,40522,43748,0,0
35,85209,98941,0,0
24,87261,77943,1,1
40,43382,85173,1,0
32,51247,36449,1,0
30,67399,68317,0,0
36,32258,82500,0,0
21,36118,70152,1,0
22,3637,64218,0,0
38,25673,50705,1,0
27,25029,61527,1,0
21,6569,37508,1,0
20,92434,73650,1,1
33,29406,86932,1,0
33,80923,72410,1,0
36,96961,39768,1,0
37,37382,20778,0,0
33,31049,68313,1,0
28,59040,40879,0,0
37,9325,61445,0,0
22,55803,12389,1,0
24,59440,70265,1,1
31,34797,34001,1,0
32,86723,31212,0,0
31,94220,5016,0,0
25,84300,92991,0,0
29,59415,19785,1,0
23,3211,75688,0,0
36,83785,97818,1,0
30,67378,32733,0,0
25,68722,33377,0,0
24,21553,96393,0,0
22,99682,11509,0,0
23,75184,17737,1,0
32,77060,51043,1,0
30,47974,31525,1,0
20,48983,12662,1,0
27,58531,9710,1,0
28,17499,55629,0,0
33,72014,70868,1,0
40,63944,31549,1,0
36,13012,6513,0,0
22,7625,63401,0,0
31,39363,96410,1,0
30,38261,92842,0,0
39,22992,85555,1,0
38,21700,43585,0,0
35,87235,96123,0,0
27,85365,57648,0,0
30,25482,50917,0,0
24,60893,31977,1,0
33,69228,78709,1,0
29,37437,67830,1,0
38,50660,82470,0,0
22,18380,30846,1,0
33,15107,18225,0,0
37,49647,8181,1,0
23,62142,64215,0,0
31,63892,67962,1,0
31,50905,6185,1,0
39,90957,8381,1,0
22,78910,3726,1,0
26,71813,52818,0,0
38,49227,1119,1,0
24,9841,76280,0,0
34,21930,87744,0,0
22,41477,27579,1,0
31,10493,84856,1,0
33,48207,51436,0,0
27,51787,19574,1,0
34,44636,38365,1,0
30,43993,70354,1,0
23,98335,89549,0,0
39,54360,56270,0,0
30,88706,72041,0,0
36,71075,19630,0,0
26,34265,7035,1,0
27,92314,41713,0,0
36,28014,18665,1,0
34,1485,38609,0,0
39,39502,41191,1,0
32,24408,66155,0,0
31,57717,25463,0,0
25,37018,14089,0,0
22,97271,10073,1,0
25,44509,66507,0,0
39,87745,55990,1,0
23,9566,11071,0,0
26,6751,19714,0,0
24,50310,14553,0,0
28,64365,22877,1,0
28,32826,46447,0,0
21,23984,33953,0,0
27,80834,85113,0,0
40,30573,89842,0,0
35,41576,86232,1,0
24,63933,84370,1,1
38,99236,14913,0,0
35,17199,25906,1,0
24,92182,19164,0,0
32,4930,24566,0,0
37,99030,69724,0,0
26,69653,57496,0,0
36,70002,69721,1,0
39,88724,13581,1,0
29,97719,84831,0,0
39,77786,19633,1,0
24,12546,88816,0,0
24,46531,91976,0,0
20,56931,91114,0,0
36,86937,77688,0,0
33,12530,69131,1,0
36,4587,16238,0,0
23,14656,49629,0,0
34,25343,34668,0,0
23,73727,6076,1,0
38,48400,54015,0,0
32,42856,14621,1,0
40,88078,89303,1,0
30,81602,3594,0,0
33,35670,63500,0,0
24,62863,32709,1,0
25,35898,51419,0,0
34,17021,43610,1,0
25,95935,75586,0,0
32,89319,80507,1,0
38,77013,43692,0,0
29,77155,35312,0,0
39,57082,99628,1,0
32,46132,51419,0,0
21,3505,49468,1,0
22,73247,65843,0,0
37,94276,98730,0,0
40,21061,62435,0,0
29,30239,77902,0,0
24,59556,11370,0,0
40,49514,52143,0,0
26,15410,41521,1,0
31,42886,48220,1,0
39,2137,16397,1,0
28,71241,8846,1,0
36,25843,34728,1,0
20,34873,20769,0,0
29,40183,60575,0,0
35,57808,67942,1,0
30,32827,59537,0,0
25,25597,80470,1,0
22,76021,16237,1,0
27,95345,48314,1,1
28,21804,66724,0,0
32,3636,97948,0,0
27,9411,85921,0,0
24,73421,25973,0,0
38,20386,42368,0,0
29,14047,61951,0,0
27,63953,89317,0,0
40,50878,55002,1,0
34,93855,62072,1,0
23,27818,54574,1,0
40,42864,80293,0,0
22,2431,93235,1,0
27,1227,2721,1,0
20,27214,90804,0,0
37,53179,14581,1,0
33,44255,47787,1,0
20,73679,36714,0,0
33,44932,84269,1,0
34,21386,25254,0,0
36,44712,84263,1,0
39,7297,63588,1,0
25,86231,85886,1,1
21,21067,91326,0,0
34,35318,73081,0,0
33,78989,1101,1,0
40,97461,51315,1,0
22,85164,55724,0,0
21,93984,87635,1,1
35,98353,91797,1,0
33,48739,17096,0,0
37,49475,34408,0,0
32,17493,80613,1,0
34,27909,97027,0,0
26,25116,72551,0,0
25,36468,42407,0,0
37,54727,89345,1,0
33,58085,17951,1,0
35,52071,36295,1,0
27,68380,68926,0,0
40,84238,98298,1,0
36,19740,78681,1,0
20,92665,79941,1,1
30,13430,37251,1,0
22,50182,3390,1,0
31,59459,60041,0,0
32,44525,60370,0,0
27,20512,90472,0,0
37,81767,99995,0,0
23,3567,32587,0,0
31,34052,53309,0,0
21,82560,70349,1,1
20,65659,51627,0,0
24,18850,77394,0,0
24,69019,45828,0,0
36,55299,89288,0,0
29,90741,72862,0,0
40,63709,58917,0,0
26,19297,90521,0,0
34,38969,54659,1,0
39,85061,68972,1,0
25,29041,61097,0,0
22,35955,48157,1,0
39,67852,75233,1,0
23,70341,21120,0,0
25,3586,89994,1,0
33,26429,20375,1,0
30,33136,25307,1,0
29,44351,97347,0,0
23,95365,89524,0,0
34,1293,41811,0,0
36,16838,47925,1,0
34,99986,43994,1,0
28,84739,59845,1,1
36,41439,13685,1,0
21,15564,76037,1,0
29,41642,67893,1,0
28,32011,68927,0,0
37,33227,93627,0,0
27,54666,94901,1,1
24,95654,25819,0,0
27,21215,32987,0,0
33,71284,41033,0,0
25,98165,29226,1,0
30,39144,30446,0,0
40,93776,35922,1,0
38,95707,99784,0,0
34,46535,55314,0,0
25,28920,17866,1,0
33,32049,5583,0,0
32,61982,37260,1,0
21,4035,43678,0,0
36,64121,64660,0,0
38,69488,69879,0,0
36,52485,77366,0,0
36,18952,41562,0,0
37,74072,59746,0,0
32,64805,17047,1,0
40,37799,77744,1,0
27,12117,70418,1,0
27,67913,34830,1,0
40,75117,93934,0,0
25,6700,77265,1,0
40,47428,32990,1,0
21,12152,58001,0,0
21,99721,87043,1,1
29,42612,2784,1,0
23,83375,80165,0,0
28,5785,90867,1,0
36,93911,20871,0,0
34,72154,12555,0,0
36,76707,22617,1,0
27,98362,94886,0,0
38,32091,47770,0,0
38,56992,56998,1,0
31,68392,40229,1,0
28,67550,31176,0,0
34,74008,91428,1,0
34,78182,46958,0,0
36,27952,32202,0,0
29,19590,95777,1,0
38,24829,47565,0,0
24,26129,41383,1,0
25,20166,29350,0,0
32,97746,30161,0,0
35,12274,59911,0,0
40,47675,42438,0,0
25,2491,40161,0,0
23,25644,7221,1,0
27,83170,91977,0,0
23,85746,24932,0,0
21,54638,69582,1,1
30,19451,67767,1,0
40,72693,70416,0,0
37,23387,9678,1,0
28,71104,30289,1,0
39,29517,61583,1,0
20,24723,66223,1,0
38,43271,66654,1,0
20,70721,3399,0,0
40,2205,33848,0,0
28,82846,54913,1,1
21,62752,32129,1,0
26,40955,35711,0,0
37,21637,58921,1,0
29,16093,87979,1,0
35,76530,49137,0,0
22,72790,15438,0,0
40,61043,64346,0,0
28,39208,77248,0,0
21,90347,50611,0,0
20,41772,18067,0,0
32,45296,34161,0,0
25,99441,16577,0,0
25,87219,93916,1,1
40,51363,77768,0,0
37,60107,72841,1,0
34,94587,75734,1,0
38,21855,78195,0,0
27,33235,26739,1,0
38,78424,31096,0,0
30,17922,54904,1,0
36,9023,8263,1,0
37,99440,97743,0,0
33,23127,61771,1,0
29,24812,63594,0,0
31,68279,78594,1,0
40,15375,26498,1,0
21,19056,33894,1,0
40,63041,86791,0,0
27,66829,88077,0,0
24,44515,76181,0,0
21,90437,85955,0,0
40,24509,83075,0,0
38,50694,21672,1,0
23,44084,76077,1,0
30,9323,11256,0,0
33,8660,51725,0,0
33,64006,32433,0,0
33,46842,1143,0,0
24,11909,64284,0,0
32,13335,14406,0,0
22,70714,4180,0,0
34,97807,10747,0,0
33,99931,45036,1,0
28,17339,27814,0,0
23,5869,67300,1,0
37,89913,89139,0,0
31,67411,64314,1,0
35,55661,23154,1,0
21,74345,1228,0,0
20,24131,74936,1,0
35,3663,67124,1,0
38,9593,90872,1,0
23,34858,1430,1,0
20,19963,79947,1,0
24,49718,95564,0,0
37,3589,3910,1,0
33,74125,15444,0,0
36,29240,3866,0,0
37,51241,16483,1,0
34,70427,32238,1,0
32,30846,82645,1,0
22,68539,40270,0,0
32,92545,54545,0,0
37,91287,7644,1,0
34,82565,83409,1,0
26,17798,60768,1,0
33,21710,51512,0,0
34,2709,35336,1,0
36,41419,14455,0,0
21,9070,41482,0,0
32,5384,20810,0,0
27,69858,94018,1,1
36,77478,13557,0,0
30,55171,10407,0,0
35,55427,69140,0,0
33,6488,42127,0,0
32,86613,26135,0,0
20,91363,94604,0,0
31,25699,48462,1,0
34,59029,22037,0,0
40,78680,88406,1,0
23,51797,77356,1,1
30,49068,26549,1,0
36,60620,36835,1,0
37,31046,61255,1,0
38,24690,37458,1,0
29,36931,43117,1,0
38,34082,79539,0,0
20,27961,75953,1,0
32,29102,33301,1,0
39,58837,84038,0,0
23,32577,31117,1,0
36,92234,11630,0,0
26,11212,69361,1,0
25,74633,30530,1,0
29,16678,81648,0,0
37,76284,16211,1,0
25,79548,32571,1,0
32,64017,38993,0,0
31,28710,13035,0,0
40,24871,55603,0,0
34,68763,11177,0,0
29,41556,32966,0,0
37,82193,4678,0,0
36,94965,20224,1,0
32,99849,25929,1,0
35,22364,94540,1,0
38,14597,84561,1,0
32,48002,25893,1,0
31,22857,34297,1,0
25,15004,13691,0,0
40,30985,93251,0,0
27,11175,40699,1,0
36,54568,95413,0,0
32,66701,69630,1,0
24,40854,31533,1,0
32,86230,26919,1,0
32,99125,64629,0,0
39,92708,63967,1,0
28,23543,1745,1,0
29,80533,59972,1,1
22,56870,10979,0,0
37,76749,46721,1,0
40,13365,2331,1,0
38,74774,92922,0,0
30,67050,85663,0,0
31,66037,9080,1,0
31,59048,55959,0,0
31,94097,63554,0,0
24,65113,72477,0,0
22,56588,75159,0,0
39,94534,30002,1,0
29,67331,52681,0,0
22,88592,25281,0,0
33,79327,50479,1,0
32,64447,58511,1,0
32,4123,41035,1,0
33,31592,77865,1,0
28,28096,82770,1,0
36,61534,52597,0,0
36,32853,19506,0,0
32,66129,99572,0,0
35,97212,86997,0,0
24,3654,30554,0,0
22,12942,36994,1,0
37,97686,40446,1,0
38,10763,94582,1,0
23,7607,80617,1,0
36,99310,86855,0,0
21,46014,85217,1,0
35,55009,73359,1,0
34,6303,49660,1,0
38,75142,48641,0,0
39,27910,79649,0,0
40,97559,24100,1,0
24,92936,76491,0,0
33,71856,47519,1,0
34,84554,3365,0,0
28,29453,82182,1,0
35,51589,55817,0,0
34,41020,36069,0,0
21,77578,64235,0,0
32,81357,20837,0,0
39,3731,23032,0,0
40,23607,22010,1,0
20,84520,48494,0,0
37,98039,42167,1,0
25,71158,31484,1,0
23,63739,54835,0,0
24,21578,38380,1,0
27,27341,18428,1,0
29,46204,59738,1,0
26,96456,49915,0,0
35,45786,19547,1,0
23,14420,22947,0,0
32,77321,85209,0,0
24,21531,11621,1,0
37,96880,48206,0,0
22,31089,10925,1,0
27,55093,69559,1,1
20,87835,89334,0,0
33,18159,22387,1,0
28,71760,23111,0,0
28,56186,96843,0,0
35,17282,32040,1,0
28,10212,89124,0,0
28,11253,50489,0,0
38,79112,93825,1,0
39,55225,56351,1,0
21,29072,39955,0,0
34,13421,47171,1,0
36,81494,44232,0,0
33,32497,24992,1,0
38,58124,69128,1,0
22,85438,85602,1,1
35,31156,20925,0,0
24,9790,82072,0,0
20,86507,8054,1,0
24,86252,50687,1,1
31,29476,76158,1,0
35,88227,39457,0,0
27,23891,52844,0,0
25,80543,67121,0,0
39,13224,60183,1,0
30,96963,5092,0,0
39,12246,40288,1,0
29,97604,82224,0,0
30,39328,72222,0,0
30,89662,21040,0,0
36,85075,28547,1,0
39,58468,54327,1,0
39,87676,34776,1,0
21,81216,88049,1,1
26,82804,19057,0,0
31,90847,6547,0,0
39,10834,3744,1,0
37,59763,28884,1,0
39,28281,88886,0,0
36,18243,13300,0,0
22,66224,51421,1,1
40,11320,71801,0,0
21,94537,56282,1,1
24,11257,60445,0,0
38,54968,72614,0,0
37,86971,54236,1,0
29,67278,79200,1,1
27,17570,10659,0,0
28,95297,59392,1,1
26,43613,22759,1,0
33,75679,69644,0,0
34,36112,37751,0,0
26,86853,22686,0,0
38,62863,9261,1,0
35,32778,97412,1,0
20,23028,28614,1,0
23,82700,24420,1,0
24,98348,97916,1,1
32,48816,40524,0,0
37,48706,56966,0,0
28,4140,52639,1,0
20,11595,51888,1,0
40,54291,47928,1,0
20,30057,40760,1,0
26,77453,22814,1,0
22,24593,99541,1,0
34,21939,68458,0,0
35,65040,19249,1,0
31,9260,9827,0,0
35,61432,94982,1,0
22,59402,58871,1,1
26,46496,97477,1,0
35,84728,26283,0,0
24,30157,95762,1,0
28,97105,31432,1,0
26,37808,45313,1,0
31,34144,38529,0,0
30,8346,65736,1,0
29,55348,45155,0,0
37,6832,74794,0,0
22,25547,99335,1,0
35,52959,93843,1,0
29,32557,17982,0,0
25,11214,69295,1,0
29,42790,14551,1,0
29,49494,61157,0,0
27,54908,34886,1,0
24,78028,6276,1,0
20,10712,73181,1,0
26,76936,22584,1,0
31,2304,31587,1,0
30,61637,80036,0,0
32,46513,89928,0,0
22,52336,42642,1,1
35,31568,55878,1,0
33,87483,36504,1,0
32,13289,10907,1,0
25,5053,40190,1,0
34,21554,61008,1,0
40,10143,90787,1,0
21,39243,34666,1,0
21,76244,96741,0,0
40,41732,48672,0,0
22,87088,95028,1,1
38,6669,17858,0,0
32,93003,96127,0,0
27,4940,1387,0,0
39,95985,50738,1,0
20,53890,70715,1,1
30,34647,26946,1,0
36,37274,86139,1,0
24,95773,85665,0,0
40,97992,63936,1,0
21,23938,69191,0,0
26,32083,29771,0,0
25,98493,29387,1,0
24,81052,31648,1,0
31,35377,58595,1,0
31,41037,9772,1,0
24,34039,96109,1,0
32,77423,89075,0,0
23,3854,99184,0,0
34,82566,6053,0,0
30,18538,13865,1,0
27,22563,16498,0,0
39,40038,37856,1,0
26,35089,25033,1,0
37,98645,86263,0,0
30,87562,72071,1,0
39,27041,32534,1,0
39,59614,28067,0,0
22,87736,84023,0,0
37,91949,55323,0,0
35,51919,71904,1,0
35,65044,6117,0,0
22,10172,87844,1,0
23,21970,59663,1,0
27,9258,75528,0,0
20,27474,92219,1,0
30,55870,86149,1,0
30,88336,37213,0,0
37,73933,87725,0,0
30,88312,95930,1,0
23,87381,20799,0,0
32,5426,78626,1,0
36,61195,96479,1,0
21,75800,92094,0,0
24,81282,1502,0,0
30,49247,71352,1,0
26,95495,32706,0,0
20,70886,65463,0,0
39,36619,15267,0,0
39,33946,87261,1,0
40,51837,5168,1,0
36,80846,9289,1,0
28,55178,68261,0,0
40,46587,3184,1,0
25,49070,49349,1,0
20,1634,4098,1,0
22,5880,67358,1,0
25,36623,14971,0,0
37,6223,94327,0,0
32,34427,49155,1,0
28,42253,13951,0,0
32,92908,22761,1,0
20,21414,47659,1,0
37,97468,37950,1,0
39,41413,64748,0,0
39,21939,6851,1,0
31,13603,33914,1,0
38,54421,76176,0,0
30,20161,77494,0,0
40,57200,43861,0,0
28,22097,87028,0,0
35,19708,14661,0,0
31,14224,84673,1,0
30,56832,43360,0,0
24,12527,99506,1,0
35,48442,41104,1,0
31,60004,85638,0,0
33,83692,94740,0,0
21,6501,80785,1,0
31,98721,96469,0,0
31,24135,86869,1,0
22,5122,62213,0,0
27,47796,39282,1,0
33,44677,64257,1,0
25,73780,41819,1,1
37,73331,77754,0,0
21,62889,89296,1,1
24,18715,17159,0,0
22,91520,6589,0,0
22,66531,95884,1,1
36,95279,29614,1,0
29,6772,20795,0,0
31,41921,44280,1,0
38,38132,92040,0,0
39,67176,24462,0,0
26,72550,52627,1,1
20,44713,51922,1,0
40,44165,29930,0,0
40,73826,8897,0,0
32,24420,91546,1,0
24,40744,13779,1,0
40,13033,5396,0,0
20,65205,55451,1,1
32,69583,64708,0,0
28,40251,13431,1,0
31,71116,75876,0,0
32,21332,86039,0,0
30,53631,40865,0,0
40,59091,57573,1,0
40,74179,48624,1,0
40,3904,6427,0,0
35,88891,82403,1,0
27,7417,33661,0,0
21,18754,3033,1,0
29,76023,49630,1,1
28,69797,74476,0,0
35,4281,93428,0,0
23,31346,13185,0,0
20,21698,13481,1,0
33,58820,33114,1,0
31,23864,61058,1,0
40,42532,90581,0,0
24,12059,39555,1,0
40,20877,86477,0,0
31,89631,57445,0,0
31,43390,36167,1,0
37,58757,53713,1,0
20,25403,39981,0,0
33,41339,31777,0,0
23,44500,66112,0,0
20,59165,81917,1,1
24,23271,53977,1,0
29,85781,35097,0,0
26,23987,61777,1,0
33,36349,45784,0,0
39,61674,69138,1,0
35,30614,57060,0,0
31,51644,94398,0,0
32,15576,17768,0,0
29,53373,28398,0,0
30,37166,16034,0,0
27,38601,80180,1,0
31,17831,53241,1,0
30,76451,14551,1,0
35,19106,60200,0,0
25,18283,14495,0,0
26,61945,81186,0,0
36,85947,82521,0,0
28,34711,33736,0,0
35,29355,14739,0,0
27,56267,39219,0,0
36,26108,56749,0,0
37,37285,42202,1,0
28,6861,20534,1,0
38,94808,62255,1,0
38,44346,8022,0,0
21,56761,10427,1,0
40,28092,52931,0,0
25,41490,29075,1,0
25,94377,26997,0,0
32,49439,16397,0,0
25,50477,27656,1,0
28,71222,61994,1,1
26,59025,83361,0,0
36,47521,70357,0,0
30,73437,44382,0,0
27,46141,58749,1,0
38,52544,69829,0,0
30,44602,70242,1,0
27,65943,66913,0,0
31,27890,72715,0,0
40,87556,47401,1,0
31,9397,26670,0,0
35,52879,38862,1,0
24,68841,39443,0,0
26,51667,34847,0,0
23,71799,18359,0,0
30,54627,88370,0,0
33,15520,37547,1,0
21,25430,55271,0,0
30,73211,51333,0,0
20,33538,20992,0,0
26,70647,68687,1,1
28,25479,67073,1,0
29,56386,42492,1,1
24,46926,9020,0,0
40,84314,80523,1,0
36,62078,9013,0,0
30,62716,31266,1,0
20,94213,51272,0,0
26,90512,6765,0,0
36,83231,38215,1,0
35,99226,43292,0,0
32,68614,37528,1,0
34,37995,93124,1,0
37,88698,22692,0,0
20,56953,63336,1,1
32,55217,99315,1,0
24,16087,21917,0,0
40,98816,41580,1,0
40,42141,46251,1,0
35,93372,77062,1,0
30,35648,79262,1,0
29,86372,18561,0,0
33,48761,71387,0,0
30,28447,43675,0,0
25,86110,81706,1,1
40,89283,79687,0,0
35,46483,98085,0,0
20,72730,3621,0,0
24,25099,61993,0,0
24,8448,75913,1,0
26,71164,40291,0,0
33,89908,39398,1,0
34,83326,45968,0,0
39,70491,56735,0,0
37,4837,99571,1,0
33,79171,89654,0,0
35,29701,21136,0,0
20,48351,86739,0,0
31,81393,49722,0,0
34,85980,46996,0,0
40,25268,13510,0,0
21,57362,20591,0,0
30,49943,87063,1,0
36,93156,24128,0,0
24,7521,47718,0,0
39,77663,99567,1,0
30,55303,65772,0,0
24,67889,68194,0,0
34,21894,56422,0,0
22,44668,98277,0,0
25,83144,66376,1,1
32,80292,80463,1,0
33,59504,82073,0,0
38,62312,88845,0,0
20,27212,1505,0,0
24,2926,47132,0,0
34,77379,7693,1,0
21,19247,84310,1,0
35,74791,95350,1,0
28,90266,77019,1,1
33,65356,58277,1,0
37,37244,75379,1,0
29,33852,58784,0,0
31,70644,33496,1,0
21,64077,40786,0,0
28,94954,77809,0,0
38,15800,24118,1,0
40,75332,80972,0,0
27,95670,5962,1,0
40,84716,24136,1,0
29,84852,50823,1,1
26,48950,89125,1,0
34,1163,42777,1,0
37,77437,40376,1,0
39,83452,94926,0,0
26,90537,61205,0,0
34,8237,57215,0,0
33,8647,89704,1,0
38,63503,85548,1,0
25,82325,93460,1,1
30,99277,13849,1,0
29,71224,59474,1,1
31,43926,19679,0,0
24,66558,21982,0,0
25,94035,65205,0,0
26,48574,69895,0,0
30,23451,22912,0,0
22,90074,64407,0,0
38,97321,49007,1,0
38,47430,32302,0,0
20,75199,73347,1,1
28,10541,34817,1,0
36,75040,51538,0,0
28,53723,42669,1,1
22,44550,57806,1,0
28,69379,28707,1,0
20,13760,35951,1,0
30,70800,5279,0,0
30,22179,71007,1,0
29,61315,25839,0,0
32,55178,9962,0,0
30,50859,53137,1,0
22,4484,90859,1,0
22,57727,26654,0,0
28,18040,15701,0,0
20,80938,86115,0,0
32,97006,17069,0,0
38,51739,5370,0,0
24,11311,33503,0,0
26,22319,25866,0,0
26,94698,8164,1,0
39,45566,19336,1,0
28,93158,51171,1,1
36,75997,56572,1,0
39,15933,66409,1,0
27,92034,33992,0,0
36,16577,19736,0,0
40,99912,85116,0,0
38,98501,37926,1,0
29,88684,43328,1,1
35,34908,55805,1,0
21,14934,4297,1,0
30,60456,1627,0,0
39,39013,31403,0,0
31,86824,15122,1,0
32,50607,98521,1,0
21,75044,98147,1,1
37,88287,16755,1,0
35,16331,4004,1,0
27,25440,90800,1,0
38,69293,16274,1,0
25,69231,73409,0,0
31,87903,48345,1,0
27,36173,61466,0,0
30,67306,7371,0,0
23,50926,32385,1,0
22,37670,7861,0,0
31,42925,87541,1,0
40,82997,35302,0,0
32,40073,44090,1,0
31,32029,44045,1,0
32,76188,83481,1,0
32,19235,10471,0,0
36,10132,59259,0,0
27,44442,37136,1,0
34,39683,62062,0,0
31,44241,27169,0,0
21,64971,36313,1,0
34,48016,29644,0,0
22,82222,43538,1,1
22,64604,51475,1,1
23,91296,44184,1,1
26,89570,29386,1,0
28,87312,90748,0,0
21,42690,67049,0,0
28,40498,23878,0,0
38,36476,46190,1,0
36,74230,65191,0,0
35,24396,72385,1,0
26,54927,62418,0,0
32,8108,83101,1,0
24,53670,11002,1,0
40,96749,48931,0,0
29,16884,86117,1,0
24,45931,17553,0,0
20,99713,32305,0,0
31,11127,16393,0,0
25,98881,24784,0,0
30,18339,99115,0,0
21,17286,58547,1,0
30,73126,60795,1,0
33,34103,93927,1,0
20,44934,24147,0,0
29,54164,75684,0,0
35,32877,48885,0,0
23,35747,53621,1,0
30,80432,86056,1,0
30,18342,96472,0,0
23,3857,53306,0,0
27,49801,47310,0,0
37,6100,45491,0,0
36,69427,86684,0,0
37,24292,70001,0,0
31,81959,71658,0,0
27,14552,55291,0,0
26,18910,44465,0,0
39,44502,96492,1,0
32,33015,93857,1,0
30,39501,37876,1,0
22,59665,20286,1,0
24,51404,31893,1,0
22,78409,16161,1,0
24,69242,71156,0,0
37,1039,24542,0,0
28,96526,49182,0,0
21,43021,74075,0,0
24,67306,36043,1,0
29,47915,47028,1,0
22,13467,65530,1,0
29,40674,26722,1,0
26,49060,77420,0,0
25,43958,21206,0,0
20,35437,23587,1,0
30,91383,94014,1,0
28,78968,35950,0,0
36,89460,97511,1,0
31,63899,33867,1,0
25,8812,14602,1,0
30,94541,87984,0,0
36,67774,88228,1,0
28,53528,84100,1,1
21,29261,40805,1,0
23,26661,95654,1,0
22,63865,39738,1,0
32,64371,75782,1,0
26,46630,3472,1,0
24,3550,18828,1,0
40,77590,94831,1,0
27,99721,71585,0,0
28,74564,86185,1,1
32,90899,3958,1,0
36,32138,92896,0,0
29,2952,60458,1,0
21,51668,45939,0,0
38,41190,40339,0,0
32,70461,6001,0,0
36,45148,92145,1,0
28,19996,37911,1,0
25,29245,75732,1,0
34,61176,30150,1,0
32,17524,68003,0,0
40,68352,44333,0,0
35,49215,3110,0,0
30,29264,88244,0,0
33,65619,87781,0,0
32,33657,65874,0,0
20,30074,31005,1,0
40,36218,81942,1,0
29,73073,45640,1,1
33,41744,83158,0,0
23,79685,40258,0,0
26,22553,91875,0,0
33,23357,30637,0,0
40,40176,46262,0,0
23,70797,27330,0,0
38,77576,80213,0,0
21,93303,41393,1,1
35,15574,52507,1,0
31,80343,33661,1,0
21,10101,81728,0,0
22,96880,1662,1,0
39,21653,88155,1,0
30,41501,39586,0,0
40,77675,8330,0,0
22,60061,61516,0,0
20,54330,8023,1,0
39,94967,4270,0,0
33,46058,10356,1,0
38,27227,96896,1,0
20,58255,89400,0,0
32,71327,1077,0,0
34,99474,23322,0,0
29,12301,40062,1,0
32,38482,97598,1,0
35,76453,52371,1,0
40,99531,46547,0,0
30,71109,25256,0,0
30,12732,26316,0,0
26,85632,70723,0,0
34,39133,42454,1,0
40,22542,49354,1,0
20,51536,26275,1,0
30,94974,80084,1,0
32,44462,49874,1,0
23,3586,46196,1,0
25,33257,31219,0,0
20,43628,20210,1,0
24,7063,85037,1,0
40,21603,81773,1,0
37,73867,92227,1,0
22,68068,1853,1,0
32,92004,85489,1,0
20,12779,56099,0,0
24,3861,26484,0,0
30,46543,52881,1,0
32,48252,94679,0,0
30,45402,91974,1,0
34,74696,37077,0,0
39,37449,98680,1,0
22,51687,71995,1,1
22,12732,9555,1,0
39,46547,69482,1,0
22,40199,85288,0,0
38,41844,46261,0,0
31,8296,20468,0,0
22,2836,89457,0,0
29,68806,75721,0,0
36,25523,36854,0,0
35,50561,54485,1,0
31,36497,87873,0,0
30,6662,45333,1,0
23,24392,20333,1,0
25,67093,39374,1,0
31,95289,10654,1,0
28,67228,14794,1,0
25,90392,97534,0,0
39,62563,20451,0,0
34,23659,26829,1,0
34,89470,54518,1,0
21,68833,64127,0,0
35,84273,2209,1,0
39,96959,10937,0,0
20,25330,17917,1,0
36,41118,96868,1,0
25,90219,26056,0,0
39,26669,31702,0,0
36,45231,77920,1,0
37,88913,89134,0,0
24,28611,85567,0,0
29,6182,70673,0,0
20,42389,29509,0,0
31,63974,27460,0,0
37,78430,94171,0,0
27,83302,48950,1,1
23,23268,76101,0,0
36,95419,12615,0,0
29,95483,97104,0,0
30,18524,62099,1,0
36,18143,48289,1,0
22,30635,71093,1,0
30,22337,4125,1,0
38,53627,62622,1,0
35,60953,23859,1,0
38,48992,91194,0,0
36,34232,48184,1,0
38,66080,96248,0,0
34,25893,21706,0,0
34,51091,89702,1,0
23,16967,44387,0,0
32,86583,82150,0,0
36,8163,75754,0,0
30,84167,46908,0,0
31,35492,50847,0,0
35,57370,65325,1,0
37,35526,51608,0,0
37,57361,57480,0,0
25,68167,41696,0,0
40,76588,24918,0,0
31,55098,81110,0,0
33,41138,64586,1,0
37,11824,97305,0,0
21,44198,9497,1,0
39,22766,59151,1,0
36,14716,15205,1,0
37,91095,14921,1,0
28,92192,46143,1,1
25,89675,9952,0,0
28,34527,68066,0,0
39,15808,73215,0,0
32,93119,18655,1,0
31,44131,77534,0,0
31,96852,56054,0,0
22,25160,29054,1,0
30,68898,10259,0,0
21,39018,53469,1,0
35,63429,48400,1,0
39,75988,77106,0,0
22,32443,64071,1,0
27,8077,49741,0,0
27,98943,98094,1,1
28,46972,86763,0,0
26,53969,37195,1,0
30,57460,39552,1,0
39,63753,48183,0,0
37,83696,17204,1,0
22,11481,74458,1,0
40,98697,73904,1,0
37,51931,62396,0,0
20,67377,90523,1,1
38,30070,19002,0,0
30,6286,15008,0,0
27,14638,96869,1,0
26,58575,49208,0,0
34,28437,27185,0,0
26,60854,53829,0,0
27,46597,41927,1,0
26,25299,56363,0,0
38,79412,28669,0,0
32,26990,87114,1,0
37,62059,65511,1,0
37,42922,62577,1,0
23,72690,73408,0,0
39,85826,61760,1,0
27,60766,71447,0,0
33,75918,98876,1,0
24,63695,7946,0,0
22,76030,32088,0,0
27,95861,1089,1,0
23,16982,92163,0,0
24,84239,69299,0,0
25,27023,36746,0,0
21,87155,84503,1,1
27,61656,89260,1,1
23,59003,67454,1,1
33,28708,37234,0,0
38,40674,88329,1,0
38,94304,62635,0,0
32,54039,94889,1,0
27,35032,79304,0,0
30,64950,38221,1,0
21,28029,77463,1,0
32,33029,12075,1,0
26,68764,99589,1,1
36,74642,52098,0,0
31,4301,75886,0,0
21,89091,2796,1,0
26,81548,88206,0,0
30,32363,42315,1,0
24,81138,89988,1,1
40,62690,47187,0,0
22,53164,39025,0,0
37,60368,35980,1,0
23,30007,95099,1,0
35,66581,48770,1,0
37,20582,38877,0,0
27,42713,21743,0,0
22,9398,88238,1,0
38,57609,47034,0,0
35,58305,69027,0,0
21,31588,49400,1,0
20,64640,80117,0,0
30,17006,86463,1,0
40,9655,86863,1,0
24,26202,80450,1,0
28,15318,12380,1,0
22,87765,98134,1,1
40,86988,66807,1,0
38,96020,85943,0,0
28,88314,48334,1,1
28,24725,59063,0,0
21,88695,94655,0,0
40,22804,57400,0,0
37,9479,35930,0,0
24,29472,10232,0,0
31,81983,72775,0,0
37,5013,27107,0,0
33,57654,2846,0,0
40,6197,85626,0,0
32,70312,23414,1,0
33,62264,44212,1,0
30,94550,55257,0,0
36,62433,80382,1,0
24,94957,1508,0,0
35,69010,12236,0,0
36,91008,67656,0,0
28,30895,14958,0,0
21,42980,35147,1,0
40,65472,25560,1,0
26,13994,83525,0,0
30,93819,52077,1,0
27,90342,47507,0,0
38,37437,7227,0,0
31,65422,85704,0,0
28,75340,90438,0,0
27,60040,39649,1,0
29,77265,29666,1,0
34,59880,29593,0,0
40,70752,61430,0,0
39,30983,59996,0,0
33,87959,43431,1,0
38,80677,37615,1,0
33,83418,75960,0,0
22,93223,27742,0,0
23,31819,46037,0,0
33,41107,97879,0,0
30,9139,1712,1,0
35,47833,82968,0,0
31,60387,83815,0,0
23,13156,39641,0,0
24,5663,82621,1,0
26,96822,16819,0,0
24,78086,51970,1,1
30,81320,46551,0,0
26,50972,88531,0,0
23,21079,46862,1,0
24,75401,93096,1,1
33,26479,77617,1,0
39,93776,84035,0,0
35,13281,89434,1,0
29,69939,56709,0,0
39,59792,96283,1,0
32,24552,20095,0,0
34,15096,83438,1,0
30,78925,1574,1,0
29,45570,1686,1,0
37,51337,49179,1,0
21,17221,6625,1,0
37,51557,15457,1,0
38,81273,34895,0,0
33,81359,69191,1,0
40,6760,92534,1,0
23,92735,94734,1,1
33,60462,30271,0,0
21,78906,93548,1,1
32,86821,52529,1,0
35,5976,79684,0,0
27,37520,3886,1,0
30,76352,24330,1,0
35,95720,41317,0,0
29,27316,15540,0,0
22,94165,51607,0,0
30,79264,72715,1,0
22,89624,36442,0,0
32,21447,4520,0,0
28,70861,52511,1,1
36,24687,26058,1,0
22,2512,47093,0,0
38,80859,11008,0,0
34,88510,19981,1,0
23,59728,2729,1,0
20,5316,68589,1,0
34,87020,84493,0,0
26,48036,45341,1,0
31,5222,10757,0,0
22,53575,76492,0,0
29,8651,45606,0,0
20,58687,80917,1,1
21,11792,51325,0,0
32,61802,93049,1,0
31,60523,73970,0,0
26,72914,44891,1,1
34,64641,44851,0,0
35,89083,64538,1,0
33,79078,90969,1,0
38,2714,43498,0,0
28,10576,87751,0,0
36,43867,78380,1,0
28,79297,98471,1,1
33,65759,5873,1,0
24,54865,21171,0,0
37,29554,99266,0,0
26,16480,1886,1,0
23,93211,2864,1,0
33,64772,96366,1,0
30,45921,34575,1,0
29,84551,88924,0,0
36,13696,61420,0,0
33,2324,53324,0,0
29,63151,43390,1,1
29,20940,54809,0,0
38,10700,31897,1,0
36,23012,79458,0,0
35,1211,33741,0,0
31,74526,45906,0,0
27,19693,27142,0,0
39,8724,90829,1,0
24,48284,83971,1,0
32,66105,79235,1,0
27,70020,46393,1,1
22,85417,21447,0,0
26,60907,39645,0,0
27,49646,57805,1,0
25,62432,60428,0,0
40,2002,49976,1,0
31,61859,91802,1,0
29,86729,90872,0,0
35,44647,51007,1,0
39,16963,90309,1,0
36,28868,22988,1,0
30,11780,68020,1,0
37,40960,53470,0,0
34,67357,59036,1,0
31,94106,1772,1,0
39,42490,5416,0,0
40,39796,3913,1,0
29,86312,62531,0,0
40,85331,66817,0,0
29,52267,59748,0,0
34,54678,97392,0,0
36,33363,77961,0,0
32,81672,95454,1,0
28,42589,2802,1,0
21,86569,88286,0,0
27,6271,8035,1,0
38,54279,39175,0,0
21,8913,64808,0,0
35,90115,30245,0,0
28,81977,98989,1,1
33,26925,31065,1,0
39,70597,99877,0,0
23,13412,90035,1,0
32,13158,11865,1,0
34,12584,78764,1,0
26,41403,34127,0,0
40,17814,83440,0,0
30,87584,62938,1,0
34,90526,46443,1,0
31,71482,88920,1,0
34,43614,85326,0,0
31,24643,7435,1,0
25,55332,23743,1,0
33,67725,58241,0,0
22,56944,61477,0,0
39,98340,9708,0,0
30,70474,71972,1,0
24,71378,66564,1,1
32,41859,40194,0,0
40,27741,72600,1,0
24,23608,31171,0,0
24,28875,96984,0,0
29,42928,54244,0,0
36,47424,59606,1,0
34,74289,20555,1,0
24,58497,11663,0,0
29,78314,71905,0,0
31,91234,22499,1,0
32,48341,62454,0,0
23,8427,87907,0,0
36,96255,6871,1,0
21,27474,13622,1,0
35,41329,6015,1,0
40,36482,31817,0,0
37,7255,45693,0,0
27,92970,25123,1,0
31,86966,28557,1,0
22,12788,39428,0,0
24,26569,96259,1,0
34,28246,47084,0,0
20,50235,79074,1,1
26,66580,30031,0,0
26,65181,4455,0,0
21,37435,28507,1,0
30,51905,28462,0,0
22,55384,31646,0,0
31,66766,94097,0,0
25,95546,47165,0,0
33,12864,93343,1,0
25,11910,49422,1,0
29,72731,30759,0,0
29,4208,41680,0,0
33,40167,14194,1,0
26,11975,94593,0,0
32,62106,66400,1,0
32,51434,15136,0,0
28,72307,39137,1,0
27,39326,12262,1,0
26,73551,77401,0,0
30,84154,68310,1,0
20,37990,18529,1,0
35,69484,33800,1,0
27,48527,55757,0,0
29,88021,79603,0,0
35,47986,81793,0,0
25,1678,55800,1,0
40,56117,55235,0,0
39,42092,19343,0,0
29,65426,79800,1,1
40,39727,4188,0,0
28,42897,32447,0,0
39,47642,33465,1,0
33,79220,96134,1,0
29,54984,7042,1,0
36,48199,38412,0,0
24,56565,60288,1,1
20,87493,99212,1,1
33,58168,1809,1,0
40,68902,62796,0,0
22,8641,69981,1,0
35,88852,83825,1,0
34,89954,82343,0,0
39,41437,33220,0,0
39,12441,20975,1,0
35,98364,25412,1,0
30,83134,9277,1,0
24,89375,66141,0,0
38,55658,85206,1,0
26,32656,90021,1,0
40,19254,72272,0,0
31,73824,58067,1,0
34,27109,26465,0,0
27,87058,64441,0,0
23,41624,96050,1,0
38,20831,90826,1,0
24,30149,71237,1,0
30,63278,40017,1,0
33,41729,36729,1,0
20,64158,4978,1,0
27,43756,49933,0,0
32,88558,23167,1,0
25,2501,74322,0,0
21,46641,1562,1,0
34,63131,14820,0,0
38,52078,46175,0,0
40,38160,62833,0,0
24,83511,49220,1,1
38,9845,33583,1,0
40,31097,69318,1,0
29,59958,37419,0,0
31,27681,34563,1,0
22,1274,61086,0,0
29,55639,3763,0,0
21,98491,2066,1,0
30,86746,81158,1,0
34,83448,50745,0,0
40,65376,28334,0,0
28,1205,30103,1,0
25,80459,43564,1,1
39,25800,93242,1,0
36,69325,33632,1,0
39,58940,55008,0,0
29,5839,77797,1,0
25,51717,34122,0,0
35,76837,99998,1,0
35,75421,94443,1,0
33,81182,92904,0,0
35,4028,1281,1,0
39,66455,27763,1,0
32,83358,4398,0,0
30,64199,40560,0,0
35,76521,31595,1,0
27,92053,57655,1,1
26,5707,71641,0,0
30,23355,36287,1,0
27,54207,13346,0,0
34,67476,67399,0,0
21,64174,4985,0,0
33,65867,10161,0,0
35,25166,34128,0,0
20,60975,72850,0,0
34,66050,25820,0,0
36,18448,37768,0,0
30,7915,41140,0,0
33,3048,22913,0,0
22,56581,3820,0,0
32,84274,80866,1,0
35,44134,88938,0,0
36,29163,71747,0,0
34,55534,96569,0,0
25,35910,1238,0,0
38,29242,73999,1,0
32,31491,71975,1,0
26,60447,53225,1,1
24,30767,6785,1,0
22,92982,84957,1,1
23,88498,29288,1,0
34,19144,25293,1,0
29,31629,1245,0,0
36,54676,1488,0,0
23,87422,83657,0,0
20,69437,20657,1,0
20,19453,86554,1,0
27,54968,97167,1,1
23,40463,34680,0,0
22,83395,9868,1,0
30,50404,91038,0,0
39,23152,62443,1,0
39,24567,74345,0,0
26,49045,41212,0,0
30,95043,81312,0,0
33,25286,88137,0,0
24,31031,66669,0,0
28,96445,36051,1,0
30,70615,55781,1,0
33,35752,60342,0,0
39,14875,65052,0,0
27,10153,48662,1,0
33,28154,1116,1,0
22,60834,19482,1,0
29,15703,86804,0,0
39,63590,47442,1,0
28,24265,94113,0,0
39,6474,96829,1,0
38,24464,38068,1,0
35,41681,26338,0,0
35,7538,19110,0,0
27,7958,81357,0,0
29,98877,55275,0,0
25,93787,84008,1,1
22,27008,40608,1,0
30,64409,1943,0,0
29,95679,96342,0,0
38,5922,30141,0,0
20,30861,11992,1,0
34,13515,61611,1,0
24,98085,25333,1,0
30,99402,25299,1,0
25,84119,86104,0,0
20,67280,59296,1,1
26,23873,51157,0,0
32,49397,59801,0,0
32,59602,33048,0,0
24,60699,4513,1,0
39,46392,14879,1,0
35,72930,33265,1,0
37,8877,64128,0,0
35,54788,7275,0,0
25,62161,72906,0,0
25,78647,32199,1,0
27,86062,42627,0,0
23,86950,10996,1,0
21,30195,58493,1,0
40,77746,10581,1,0
32,97270,9849,0,0
22,70737,51170,1,1
30,16398,24304,0,0
26,70548,14729,0,0
31,36551,97113,1,0
36,5945,43683,1,0
28,3514,90738,1,0
36,17335,15116,0,0
23,66710,76822,0,0
39,43613,92264,1,0
31,80386,56283,0,0
38,85331,46497,0,0
20,91272,51127,1,1
38,2215,48454,1,0
24,37494,77575,1,0
25,75044,58434,1,1
32,89113,4444,1,0
32,75840,58917,1,0
40,99663,80747,0,0
33,13687,32573,1,0
33,17245,61107,0,0
35,84953,29418,1,0
21,46101,74040,1,0
37,44973,49370,1,0
35,29348,93068,0,0
27,17151,7790,0,0
40,39214,31828,0,0
31,13763,28810,0,0
20,95427,80598,1,1
38,71467,43932,1,0
27,36482,25754,0,0
20,24539,27312,1,0
20,64244,99704,0,0
29,50365,96622,0,0
28,54772,53043,1,1
22,81141,11510,0,0
23,75395,57364,0,0
39,96415,27082,1,0
38,95868,96571,1,0
28,64212,57138,1,1
23,71599,56531,1,1
29,95260,45249,1,1
35,34565,28899,0,0
36,27175,70897,0,0
36,63313,73751,1,0
24,46476,72477,1,0
33,75182,76831,0,0
23,40063,26569,1,0
28,49029,56689,1,0
26,77136,79515,1,1
32,3192,29605,1,0
29,35515,22417,1,0
26,32338,8354,1,0
29,52423,43263,1,1
32,24152,19226,1,0
40,73393,67785,0,0
23,38089,74886,1,0
26,61161,78333,0,0
30,79867,24671,0,0
20,54485,70770,1,1
22,68576,52298,1,1
26,64606,27469,1,0
38,23778,70456,1,0
35,31213,58986,0,0
20,38748,5831,1,0
29,60241,94100,0,0
34,73819,40524,0,0
36,96572,58784,0,0
27,45456,37705,0,0
37,8769,32767,1,0
36,97789,52088,1,0
21,82686,38400,1,0
27,45624,81106,0,0
30,11324,64359,0,0
39,36982,49052,1,0
22,67537,96817,1,1
38,86620,2310,1,0
23,44508,57005,1,0
29,61281,51305,1,1
37,51284,20299,1,0
29,43634,55207,1,0
29,93606,58863,1,1
39,23165,51929,0,0
22,32144,4470,0,0
22,64226,51390,0,0
34,32464,25702,1,0
26,22182,40161,0,0
33,15679,36029,0,0
38,46746,23517,0,0
38,70608,15603,1,0
32,78844,69266,0,0
26,65841,49227,1,1
24,99271,83897,1,1
32,70575,30298,1,0
28,32442,14085,0,0
29,72680,77975,1,1
35,84599,12562,1,0
23,42012,17470,1,0
36,36387,24247,0,0
21,32851,62844,0,0
21,53142,54618,0,0
32,85791,21556,0,0
26,18980,46248,0,0
34,33118,70830,0,0
31,81375,19321,0,0
26,60500,21890,1,0
35,13449,30092,0,0
25,75702,96343,1,1
34,36083,63281,0,0
25,67876,64947,0,0
32,15304,85488,1,0
32,93887,34694,1,0
38,99552,5990,1,0
29,64210,57528,1,1
33,44607,24825,0,0
24,90129,48676,0,0
32,75294,67543,1,0
39,11905,98790,1,0
27,10764,53877,0,0
38,60494,40408,0,0
32,6344,92351,1,0
25,99707,19148,1,0
25,99619,31187,1,0
33,34415,15146,1,0
22,70827,84101,0,0
35,47170,14415,1,0
36,64668,33622,1,0
30,83387,39087,0,0
30,4826,27685,1,0
21,62182,55921,0,0
35,12978,33995,1,0
36,41812,88744,0,0
24,30368,81233,0,0
34,9017,57633,0,0
34,83360,59086,1,0
32,53366,8381,0,0
23,34327,33788,0,0
22,86525,36544,1,0
21,46002,22813,1,0
28,93639,95326,0,0
31,47889,9304,1,0
38,72682,19511,1,0
27,45821,4383,1,0
31,12269,22729,0,0
20,57394,71127,0,0
33,40311,76708,1,0
22,78022,37578,0,0
21,58298,79205,1,1
29,56819,70177,1,1
37,95852,2239,1,0
38,18302,27690,1,0
36,37916,44282,0,0
34,79000,69748,1,0
35,98374,46838,1,0
27,22075,7707,1,0
28,5453,67738,0,0
34,50414,18278,0,0
20,55946,58022,0,0
38,75219,25542,0,0
29,39116,76865,0,0
28,6937,46784,1,0
35,3178,9338,1,0
34,26866,49645,0,0
26,85713,59213,0,0
29,96586,24724,1,0
40,11440,89844,1,0
40,70777,72557,1,0
38,50352,16703,0,0
30,61384,72751,1,0
21,87718,78814,1,1
23,55061,19259,0,0
32,87800,45825,1,0
26,99825,96354,0,0
30,65899,41756,1,0
36,80848,26056,0,0
22,64710,23781,0,0
38,44774,7953,0,0
23,40446,57498,1,0
28,71663,11818,1,0
24,68518,91505,1,1
30,6020,17875,1,0
23,45642,3532,0,0
38,11039,60006,1,0
23,16414,60958,1,0
25,2622,79335,0,0
29,93564,89491,1,1
23,73109,20989,0,0
34,12367,73449,0,0
26,77552,31373,0,0
22,89176,3464,1,0
31,50733,34599,0,0
27,12712,19879,0,0
25,99372,69629,0,0
36,54381,62660,0,0
40,79245,30152,0,0
26,77924,88536,0,0
37,12828,36372,1,0
25,71242,28976,0,0
30,32363,50873,1,0
27,94035,72924,0,0
40,77373,63985,1,0
34,54389,49725,0,0
35,10546,29684,1,0
39,58137,37978,0,0
23,27369,33123,1,0
25,84349,75413,1,1
40,34658,74207,0,0
28,91620,74715,1,1
39,32577,3241,0,0
38,20326,22738,1,0
27,26510,32499,0,0
32,83008,1324,1,0
33,13663,16747,1,0
25,34302,69779,1,0
36,4471,70504,0,0
24,93528,46240,1,1
38,40862,91291,1,0
24,18691,38722,1,0
26,91538,90982,0,0
34,89759,87410,0,0
26,66966,71542,1,1
35,53524,58558,1,0
35,91324,79726,0,0
37,82258,69158,0,0
25,86341,16353,0,0
38,17216,88696,1,0
23,15333,87890,0,0
31,2783,83939,0,0
32,60412,51705,1,0
28,63766,8711,0,0
22,19208,91700,1,0
29,98946,94887,0,0
33,70460,63823,0,0
23,36239,94103,0,0
32,24972,80738,1,0
38,94611,90645,1,0
23,91578,59281,0,0
32,77827,30052,0,0
37,47763,41974,0,0
25,3327,98945,1,0
27,86557,66663,1,1
24,44926,85052,0,0
32,31916,42780,1,0
22,83255,65931,0,0
26,45913,40673,1,0
20,40150,49018,1,0
21,2087,35691,1,0
28,1390,69331,0,0
25,66274,62246,0,0
31,12217,28108,1,0
22,16930,38426,1,0
27,44078,41187,1,0
29,22704,23421,1,0
30,35605,57979,0,0
31,26524,58044,1,0
31,42311,50732,1,0
23,3358,63732,0,0
26,61190,94221,1,1
24,65662,57921,1,1
22,8488,84784,0,0
36,99850,91586,0,0
39,69477,75670,1,0
30,60281,31535,1,0
20,86749,6233,0,0
31,72237,62452,1,0
31,23475,88653,0,0
30,44685,30519,0,0
30,42747,98136,1,0
37,57070,15761,0,0
39,15752,61539,0,0
24,5465,74066,1,0
29,26732,33311,1,0
33,86985,19989,1,0
22,88369,43967,1,1
25,88956,67366,0,0
30,9826,45283,1,0
33,51470,27521,1,0
38,14145,41290,1,0
23,15549,37900,0,0
29,85756,99162,1,1
33,1314,29334,0,0
36,52550,86045,1,0
24,47709,69521,0,0
21,63119,10591,1,0
21,33502,52690,0,0
36,28052,72057,0,0
30,18122,32668,1,0
33,96146,56527,0,0
25,53028,32131,1,0
22,23018,86714,0,0
20,26327,90900,1,0
22,82184,2373,0,0
38,30516,67204,1,0
26,14139,9038,0,0
23,44639,82546,0,0
24,89875,85433,0,0
40,83796,51408,0,0
27,57304,31508,1,0
26,51526,95547,1,1
31,38383,62558,1,0
26,63010,12873,1,0
28,76823,20345,0,0
20,21680,38918,0,0
20,15185,65543,0,0
28,23513,26476,0,0
29,88133,15374,0,0
22,43070,82352,0,0
26,60299,16231,1,0
30,15638,46424,0,0
39,86750,80617,0,0
32,72236,17662,0,0
32,35056,56563,1,0
35,68129,80928,1,0
37,35443,53894,0,0
37,71691,8382,0,0
29,15056,14111,0,0
33,57621,52452,1,0
37,66593,94166,0,0
37,53537,84429,0,0
23,74153,37460,1,0
38,60456,91843,0,0
35,91123,35611,1,0
35,9388,61764,1,0
25,91966,87993,0,0
37,59956,72242,0,0
30,55908,79484,1,0
40,28439,24698,0,0
23,42521,20237,1,0
31,68022,46555,0,0
38,71660,3483,0,0
39,73009,98742,0,0
34,37662,4732,1,0
28,62800,50988,0,0
38,97522,21698,0,0
21,87387,43048,1,1
40,69876,44647,0,0
30,64929,89726,1,0
21,51695,7111,0,0
37,68989,91892,0,0
26,77816,59719,1,1
36,38060,16746,1,0
24,40213,52426,0,0
30,2743,10973,1,0
39,24257,69854,0,0
31,58541,9854,0,0
24,93748,43872,1,1
37,68730,94486,0,0
22,8318,71403,0,0
25,2810,76463,1,0
31,36598,47321,1,0
29,29595,26754,0,0
35,75086,52953,0,0
39,83206,89857,0,0
34,2442,51401,1,0
20,90603,70709,1,1
26,50270,13321,1,0
25,85215,57815,1,1
22,9119,1739,1,0
20,77647,46020,0,0
25,66202,76422,0,0
40,95303,61516,1,0
23,8685,27530,0,0
35,12872,9953,0,0
37,72279,2331,1,0
31,63503,58799,1,0
27,7053,96658,0,0
23,21812,24662,0,0
28,73589,67588,1,1
40,41401,13463,1,0
21,26113,53473,1,0
36,90187,29524,1,0
30,22393,87887,1,0
27,52690,58929,0,0
21,7554,43964,1,0
25,79214,74070,0,0
23,51147,31206,1,0
25,27604,92446,0,0
32,30193,85065,0,0
38,68793,76352,0,0
27,34322,16280,0,0
21,69302,36986,0,0
28,48301,71735,0,0
32,75049,55592,1,0
22,74004,97315,0,0
31,10910,82411,0,0
38,61309,96008,1,0
40,6169,53837,1,0
24,67897,33148,0,0
38,50739,52921,1,0
37,90770,38061,0,0
27,70317,26839,1,0
34,28208,23017,1,0
33,34273,27366,0,0
39,54994,76105,1,0
35,98620,58738,1,0
29,29683,78191,1,0
39,56616,95273,0,0
33,98893,48951,1,0
22,22868,35970,0,0
39,40641,89594,0,0
26,30093,15142,1,0
24,3150,19887,0,0
28,74288,50849,1,1
20,81252,77853,0,0
24,88278,93183,0,0
35,92632,4885,1,0
39,33760,25303,1,0
37,93239,92286,1,0
34,62077,96728,0,0
40,71284,65452,1,0
25,89861,34614,0,0
35,38922,57309,0,0
21,55716,52800,0,0
31,19676,23362,0,0
26,96706,16135,0,0
35,51559,70678,1,0
35,21028,63787,1,0
28,49796,98299,0,0
39,2345,41012,1,0
38,51729,82041,0,0
21,75021,24469,1,0
31,12914,33326,1,0
21,83756,56843,0,0
26,8710,90017,0,0
37,84585,54779,1,0
20,59842,96266,0,0
32,12337,64625,1,0
26,91813,23405,0,0
33,58951,20011,1,0
20,54785,43460,1,1
31,49791,58062,0,0
21,70535,23083,1,0
37,47771,80735,0,0
22,43664,52933,1,0
40,73953,18350,1,0
40,80578,72025,1,0
36,44338,80519,1,0
28,63600,52831,1,1
34,97762,80945,1,0
22,97819,36597,0,0
22,12835,29365,0,0
30,9926,26265,0,0
36,42417,43411,1,0
31,15439,82729,1,0
25,74677,86192,1,1
37,95955,73710,1,0
22,67985,40338,1,1
26,2645,53382,1,0
30,36455,87539,0,0
20,3894,73427,0,0
29,10389,21582,0,0
34,51312,19077,0,0
30,2200,65202,1,0
39,90454,56666,1,0
27,85495,50444,1,1
27,32654,68033,0,0
38,51138,98430,1,0
22,10370,14230,0,0
30,37070,4014,0,0
40,7040,65514,1,0
38,23691,25716,1,0
40,67948,1983,0,0
24,11990,1075,0,0
39,27151,34504,0,0
37,93371,93729,0,0
23,2076,60214,1,0
36,4640,7640,0,0
33,56799,73408,1,0
32,95640,69181,1,0
38,89902,1280,1,0
39,95487,42310,1,0
38,79464,59439,0,0
39,51106,59601,0,0
28,91072,40240,1,1
28,17209,81440,0,0
25,78925,58759,0,0
24,38752,21572,0,0
32,42453,65830,1,0
29,12346,66737,0,0
30,17732,45517,1,0
20,97656,74302,0,0
33,41854,11141,0,0
32,14071,28264,0,0
39,52208,46125,1,0
36,33014,67498,0,0
24,95074,62786,0,0
36,97062,87280,0,0
32,31278,80201,1,0
36,78910,80982,0,0
26,89445,64773,0,0
34,26079,78553,0,0
27,47610,58823,1,0
20,76717,4598,1,0
36,13063,45060,1,0
34,76927,45452,0,0
20,42853,31496,0,0
38,11175,89133,0,0
31,87035,5115,1,0
32,78340,29382,1,0
37,80208,18185,0,0
29,69348,75521,0,0
20,80748,48599,0,0
29,98730,14123,1,0
31,58902,61830,1,0
35,25132,88476,1,0
31,45948,39363,0,0
35,12856,78452,0,0
25,36448,40875,0,0
35,56090,37608,1,0
21,74593,50513,1,1
31,90119,13346,1,0
37,92953,40793,1,0
34,53360,98982,0,0
28,78447,63785,1,1
35,45537,22436,1,0
24,67201,4417,1,0
37,53384,82020,0,0
38,83735,17605,0,0
30,72251,66378,0,0
37,20461,37243,0,0
40,18507,97469,1,0
23,3424,43950,1,0
30,76793,39189,0,0
35,21477,50814,0,0
32,89726,85844,1,0
32,47172,83621,0,0
23,97415,71630,0,0
30,40954,59917,0,0
21,64954,34160,1,0
33,3352,32389,0,0
26,53830,93345,1,1
30,36848,1096,1,0
29,72037,71457,1,1
33,83798,5180,0,0
35,63855,4002,0,0
34,54186,37026,0,0
23,3166,35379,0,0
37,11548,53739,0,0
21,5841,37786,1,0
37,42512,49717,1,0
33,50578,80308,1,0
37,43381,82154,0,0
22,38142,78534,0,0
38,11766,44820,1,0
30,42244,92306,1,0
39,26670,69431,0,0
31,42334,67520,1,0
30,91192,70964,1,0
23,86879,98671,0,0
24,83840,17442,0,0
34,52813,35934,0,0
32,1277,52095,1,0
28,2928,40674,1,0
36,91203,47446,0,0
28,23735,24816,1,0
38,98682,63698,1,0
22,79757,40428,1,1
32,33963,11197,1,0
22,66949,46742,0,0
35,1896,47391,1,0
32,45982,42658,0,0
37,79549,27197,1,0
36,89319,57673,1,0
34,77062,40189,0,0
35,54515,51917,1,0
35,19952,15664,1,0
32,25625,70620,1,0
29,28859,80960,0,0
39,35986,83099,0,0
34,76742,94143,1,0
32,42966,21259,0,0
29,20912,49274,1,0
25,14936,45587,0,0
29,22097,33623,1,0
28,83471,28723,0,0
26,80830,98324,0,0
20,23951,70300,1,0
20,51497,11333,1,0
37,10101,62493,1,0
23,48419,6116,1,0
36,85141,46971,0,0
21,67274,30943,0,0
38,22429,7411,1,0
35,59809,28323,1,0
25,55872,77585,0,0
25,3752,87021,1,0
22,91016,16689,1,0
34,42123,47007,0,0
37,65666,7476,1,0
21,4512,37744,1,0
32,40742,39613,0,0
21,13253,69514,1,0
24,5923,77697,1,0
27,16884,37948,0,0
25,64408,30488,1,0
32,13971,22264,1,0
24,58829,3016,0,0
25,91623,94030,1,1
32,66822,93061,1,0
31,34368,46322,0,0
32,91859,94942,1,0
29,6931,16443,0,0
37,56161,3847,1,0
21,22919,39986,1,0
39,33939,12128,1,0
36,18541,15986,0,0
35,46607,19092,0,0
28,76896,29593,1,0
33,76361,11702,0,0
39,21534,80913,1,0
36,28542,12056,1,0
37,9016,86080,1,0
38,27856,79098,0,0
31,52250,36152,0,0
24,86167,40818,1,1
25,33039,50055,0,0
31,22454,19577,0,0
34,27465,74901,0,0
27,21251,38879,1,0
34,88791,85671,0,0
31,93106,90347,1,0
34,27188,42718,1,0
29,59307,17382,0,0
37,52651,74878,1,0
35,39497,83918,0,0
38,24581,89631,0,0
33,54628,25435,1,0
20,95459,19496,1,0
36,38467,63644,1,0
30,53931,24237,1,0
33,95481,73966,1,0
22,86568,22666,1,0
37,39000,20776,1,0
28,10703,46640,0,0
26,17573,36889,1,0
21,24619,47314,0,0
22,99583,67576,1,1
36,9685,76462,1,0
23,63461,23896,0,0
29,25342,90357,1,0
28,54723,12203,0,0
22,53266,18285,1,0
35,47458,57440,0,0
32,62770,97288,1,0
23,87310,47605,1,1
34,86126,32732,0,0
28,12550,68903,1,0
34,95836,19469,0,0
26,55036,81572,0,0
27,6395,18599,1,0
36,38773,13918,0,0
34,88115,76498,1,0
24,84393,30308,1,0
39,91762,25268,0,0
32,64849,11361,0,0
26,63133,37733,0,0
22,96468,57499,0,0
37,30631,27338,0,0
22,13329,61309,1,0
21,56198,39924,0,0
30,52756,83983,1,0
34,33705,87521,1,0
23,14260,79006,0,0
34,81407,28106,1,0
39,86563,89135,1,0
26,88395,74873,0,0
22,7914,39002,0,0
33,22487,86113,0,0
22,77704,56533,1,1
24,25604,69630,1,0
33,31021,67669,0,0
35,23844,40643,1,0
29,26166,96308,0,0
27,73597,44342,0,0
33,58276,49647,1,0
29,96215,7275,1,0
38,76724,16743,1,0
21,17978,92333,0,0
22,96481,64506,0,0
25,97974,80476,0,0
32,72432,9172,0,0
37,13999,68490,0,0
22,73407,93387,0,0
21,63499,24730,1,0
28,40016,45792,1,0
24,94907,19802,1,0
39,59455,20134,0,0
38,28531,59725,1,0
37,44982,47945,1,0
31,46596,89438,1,0
28,72201,52189,0,0
24,56638,40892,0,0
27,96913,5310,1,0
39,20295,73621,0,0
32,39742,17064,0,0
39,20079,89654,1,0
23,67766,46196,0,0
25,3615,14093,1,0
26,65507,53126,0,0
21,86669,74035,0,0
30,6336,90132,1,0
37,30338,27953,0,0
27,73335,11564,0,0
29,88817,51569,1,1
21,42886,4516,0,0
20,61366,49507,1,1
38,67514,83854,1,0
22,31434,92705,0,0
34,80274,63415,0,0
20,73404,51340,1,1
32,36566,96138,1,0
26,15583,96958,0,0
21,7397,95143,0,0
40,3643,54352,0,0
28,80589,45969,1,1
32,16515,98607,1,0
24,29593,79537,1,0
20,66867,80403,0,0
23,56275,58229,0,0
25,12142,78672,0,0
38,28881,44997,0,0
32,71822,95031,0,0
29,32669,20426,0,0
31,5778,7376,1,0
36,13482,36895,0,0
34,28539,52919,1,0
40,49540,29104,0,0
22,83287,14409,0,0
23,35772,50976,1,0
23,33485,13465,0,0
25,70643,7020,0,0
36,32400,56740,0,0
40,73695,21156,1,0
35,24895,75357,1,0
21,17177,95507,0,0
25,51177,35539,0,0
30,25783,39816,1,0
38,19203,83201,1,0
37,54369,38959,1,0
36,50110,34251,1,0
25,96153,68407,1,1
34,66057,39306,0,0
21,98228,1014,1,0
33,54738,69424,0,0
21,51230,92113,0,0
22,37884,67269,1,0
29,84464,79804,1,1
25,26115,32620,1,0
40,33937,7912,1,0
38,46169,44653,0,0
27,40867,1719,0,0
40,83925,25366,0,0
23,2038,33595,1,0
24,12329,52237,0,0
38,96278,35930,0,0
34,23850,24362,0,0
30,78388,45024,0,0
36,75946,61661,0,0
28,52583,81748,0,0
33,43507,12125,1,0
29,27497,13282,1,0
28,30510,21371,0,0
38,9022,95952,1,0
21,72549,81286,1,1
27,45873,37478,0,0
34,92679,61342,1,0
20,81149,71797,1,1
35,90520,40318,1,0
34,53749,22603,0,0
26,85193,94912,1,1
20,69241,96454,0,0
39,53500,78128,1,0
22,58850,97698,1,1
35,35331,97628,1,0
26,68274,10856,0,0
34,80338,63821,0,0
22,70275,45761,0,0
27,61743,19048,1,0
40,34901,87562,1,0
39,71850,81618,1,0
39,31579,36396,1,0
26,82490,86407,0,0
33,87314,79389,1,0
32,26082,85965,1,0
24,70364,50568,0,0
20,31247,75720,1,0
39,69307,65743,0,0
37,22920,51443,0,0
26,9930,85464,0,0
32,33618,22211,0,0
32,88491,66416,1,0
31,90168,74136,0,0
40,93062,65472,0,0
33,52927,22675,1,0
37,63757,59273,1,0
34,74701,41604,1,0
36,39897,56402,0,0
24,11866,98053,0,0
35,24904,85813,0,0
25,13158,73373,0,0
31,3417,17384,1,0
33,10074,93895,1,0
39,12469,13217,1,0
40,30902,35147,1,0
30,16618,53319,1,0
25,18415,35135,0,0
30,60738,76385,0,0
39,44324,69153,0,0
26,4022,1723,0,0
27,42727,60491,0,0
21,35055,98172,1,0
20,95231,54460,1,1
30,6186,26134,0,0
40,65734,4478,1,0
35,26329,28806,1,0
24,43928,10831,0,0
20,25397,57266,0,0
20,42591,50766,1,0
32,14360,13146,1,0
20,31694,52807,0,0
21,3131,12677,0,0
26,45252,84195,0,0
21,52585,44860,1,1
27,85017,28618,1,0
34,69209,18239,1,0
35,18386,88603,1,0
28,92969,34710,0,0
33,86780,59372,0,0
21,14818,25879,0,0
22,29946,45498,1,0
20,42827,61301,0,0
29,21516,60018,0,0
33,33461,2650,0,0
30,76025,14095,0,0
34,65414,33878,1,0
23,47146,76459,1,0
28,37859,54230,1,0
35,3811,1361,1,0
34,71969,9510,0,0
21,85665,81995,1,1
34,53394,73652,1,0
25,2893,72385,1,0
38,79080,19900,1,0
37,45335,53003,1,0
28,39785,93730,0,0
22,98307,48263,0,0
37,5283,89056,1,0
34,20003,84211,0,0
21,52553,99602,0,0
27,23388,20177,0,0
30,73394,22671,0,0
35,23623,95714,1,0
29,33568,18943,0,0
38,47426,42210,0,0
29,22409,12259,1,0
26,36108,6308,1,0
21,22822,34336,1,0
27,80562,62605,0,0
38,34859,91890,0,0
32,71014,67423,0,0
36,50815,9637,1,0
21,17423,48874,0,0
27,71603,87788,1,1
24,1671,68820,0,0
25,67139,17086,0,0
27,25162,49828,1,0
29,32548,30279,1,0
29,3912,9405,1,0
26,72723,7890,1,0
24,8996,23610,0,0
34,63055,60858,0,0
39,73264,74775,0,0
28,69162,35369,0,0
29,24712,67120,0,0
28,51436,84652,0,0
32,78488,9533,1,0
36,47272,90753,0,0
34,69485,91356,0,0
35,1133,57997,1,0
21,35841,94536,1,0
27,14664,52252,0,0
30,88246,12600,0,0
22,36076,32049,0,0
21,19550,86831,1,0
25,30943,1515,1,0
23,96256,3083,1,0
24,55787,78670,1,1
39,66662,80859,1,0
35,74989,6742,0,0
29,53417,20207,1,0
34,65416,68857,1,0
23,81891,64751,0,0
35,28322,26408,0,0
27,10756,71518,1,0
28,72305,10167,0,0
36,82350,34617,0,0
25,91803,28520,1,0
27,94576,41446,0,0
38,76771,97989,1,0
40,72613,57618,0,0
20,64682,5278,1,0
40,53725,8949,1,0
37,61967,21219,0,0
35,39336,80252,0,0
30,68277,91189,0,0
29,11893,26360,1,0
37,54415,96366,1,0
36,43097,69868,1,0
31,1356,63406,1,0
31,10612,5613,0,0
30,37059,47229,0,0
27,58235,61671,1,1
37,40478,82052,0,0
28,66966,30063,0,0
31,94704,97999,0,0
25,3899,81084,0,0
28,85887,13725,0,0
20,22976,30129,1,0
37,77378,69982,0,0
32,66650,1378,1,0
34,38699,44290,0,0
27,59630,33395,0,0
37,2986,20104,0,0
23,38998,97280,1,0
29,60950,81700,1,1
28,6383,82936,0,0
40,42942,88803,1,0
38,83393,83813,1,0
25,23253,59452,1,0
22,52609,91770,1,1
21,23953,80154,0,0
34,38778,68697,0,0
27,77557,27256,1,0
24,51197,27736,0,0
40,46367,15185,1,0
34,31946,33660,0,0
32,21310,40388,1,0
32,27513,4403,1,0
27,99408,42897,0,0
27,33873,59229,0,0
24,87617,58747,1,1
34,26552,89544,0,0
23,25734,51518,0,0
37,49687,12935,0,0
24,75668,52051,1,1
21,98096,12497,1,0
33,50954,66771,0,0
24,89467,31130,1,0
33,28419,90998,0,0
40,84740,51375,0,0
25,51758,8283,0,0
25,11435,75231,1,0
20,24352,31902,1,0
25,54544,47388,1,1
25,72086,70161,0,0
20,83212,84409,0,0
25,88813,60067,0,0
30,34464,97270,1,0
38,43462,91354,0,0
23,20941,56006,1,0
34,84222,90603,0,0
21,40164,14861,0,0
32,6183,62997,1,0
25,2345,74741,1,0
28,18539,1824,1,0
29,32971,42214,1,0
32,34660,28893,1,0
24,46501,17594,1,0
35,75973,41152,1,0
21,35351,20465,0,0
20,70605,35074,1,0
22,12637,75410,0,0
31,22840,44342,1,0
22,26215,31184,0,0
30,34246,16891,0,0
28,14929,65162,1,0
38,87235,60014,1,0
31,44248,1771,1,0
36,96212,39975,1,0
32,72042,92015,1,0
25,45470,65864,0,0
25,4240,33599,1,0
40,62750,93391,1,0
36,10584,29581,0,0
29,12246,77016,1,0
31,22660,70668,1,0
38,79768,81650,0,0
33,41485,25980,1,0
36,92131,19386,0,0
33,94744,41872,1,0
35,44005,80370,0,0
22,25634,89135,1,0
23,21766,85877,1,0
27,7086,80024,0,0
30,1925,19699,1,0
34,4996,49195,0,0
37,23253,18134,0,0
25,1365,40460,0,0
32,26423,1140,0,0
37,85839,99743,1,0
36,50279,9866,1,0
35,51187,23848,1,0
22,66988,14520,1,0
37,46296,64506,1,0
20,98884,74030,0,0
31,72723,30931,0,0
23,50460,89895,1,1
39,86772,56060,1,0
21,72511,10775,0,0
32,7995,96902,1,0
29,67700,59261,0,0
20,18066,76574,0,0
29,68035,37295,0,0
29,84569,90383,0,0
35,80672,95358,1,0
38,83851,42068,1,0
29,24561,73207,0,0
29,24942,11892,0,0
22,19209,32336,1,0
40,99014,24927,0,0
32,58355,87743,1,0
26,10901,39060,1,0
38,85383,14752,0,0
29,65429,97605,0,0
40,39165,9214,1,0
35,88956,69672,1,0
33,24519,19867,1,0
34,10465,20187,1,0
21,21913,81888,1,0
30,58347,14298,0,0
36,42167,30911,0,0
30,17301,44866,0,0
30,23366,57491,0,0
30,87415,46909,1,0
37,73407,90094,1,0
29,25825,9747,1,0
29,26083,49813,1,0
31,46801,39394,1,0
33,65260,31076,0,0
29,5377,32374,1,0
23,69028,8566,0,0
24,29360,4874,1,0
27,70254,50688,0,0
35,65723,26146,1,0
25,47684,62395,0,0
20,23213,35672,0,0
40,35201,95294,0,0
26,93891,58916,1,1
38,85046,18242,0,0
36,70370,48136,0,0
30,62453,44106,1,0
32,91648,47222,0,0
22,51081,35308,0,0
25,89403,59545,0,0
29,77934,73376,1,1
37,68630,25276,0,0
39,21189,91218,0,0
24,69404,32011,1,0
26,80329,58670,0,0
24,16647,50819,0,0
39,62517,79874,0,0
31,10221,54166,1,0
34,84834,6582,1,0
26,12956,85789,0,0
38,4712,24199,1,0
20,38506,74398,1,0
24,52633,54855,1,1
33,73774,90865,0,0
29,96932,84842,0,0
28,32724,19746,0,0
20,65502,44116,1,1
24,62331,8682,1,0
24,87062,74925,0,0
23,30340,86358,0,0
34,6042,63532,1,0
37,6678,89694,0,0
37,76595,88008,0,0
34,66661,60194,0,0
33,41112,29290,1,0
31,59757,15386,0,0
22,97287,97602,1,1
20,82632,77313,1,1
35,10196,93074,1,0
36,6606,62305,1,0
27,17151,61107,0,0
26,44802,3642,1,0
25,56529,90693,0,0
21,54764,74104,1,1
26,44156,69401,0,0
33,41311,90934,1,0
27,57032,20045,0,0
40,21305,83752,0,0
35,40596,46008,0,0
39,23495,36604,0,0
21,76038,75293,1,1
33,81525,2194,1,0
36,31926,60581,0,0
29,41735,93817,1,0
40,52823,5513,0,0
31,18116,14434,0,0
25,12811,71908,1,0
40,86341,28958,0,0
30,62936,22272,0,0
25,69918,56963,0,0
32,87803,69306,0,0
33,80091,73168,1,0
24,33259,53832,1,0
30,42585,5960,0,0
39,57515,47646,0,0
30,12976,10346,0,0
33,51953,65279,1,0
39,43555,54410,1,0
33,91025,68335,1,0
23,65436,16994,1,0
30,7424,36909,0,0
38,4190,13225,1,0
38,29126,35009,1,0
39,15710,5724,0,0
36,25136,11400,0,0
23,71309,65659,0,0
37,49615,68368,1,0
35,64528,89481,1,0
29,4666,96403,1,0
33,57785,12513,0,0
24,57766,13103,1,0
32,51848,42033,0,0
39,8015,3168,1,0
29,21880,72882,0,0
21,94926,26755,0,0
34,56579,46874,0,0
21,3656,95025,0,0
33,83103,15704,0,0
31,26977,29202,1,0
32,61497,3484,1,0
24,29631,86935,0,0
33,83102,86294,0,0
26,79493,11410,1,0
28,98936,17084,1,0
37,55923,16237,0,0
36,43502,11328,0,0
34,92118,18444,0,0
25,88657,39467,0,0
37,93846,90905,0,0
26,6284,88034,0,0
27,41702,49866,0,0
38,87517,45143,1,0
33,18929,5139,1,0
28,38996,63638,1,0
40,90588,38991,0,0
27,66107,67526,0,0
35,50351,70975,1,0
31,87625,65130,0,0
38,73117,99675,0,0
20,64179,89704,0,0
27,59456,5783,0,0
37,16845,42510,1,0
30,8598,98508,1,0
27,73400,68470,1,1
36,72934,40246,1,0
23,53191,91430,1,1
22,49037,71187,1,0
37,9321,18330,0,0
28,48871,53902,1,0
35,24257,9797,1,0
31,12192,87178,0,0
28,50624,40853,0,0
30,31330,22278,1,0
37,5485,29198,0,0
34,64377,93394,1,0
34,39736,68619,0,0
26,83135,75602,1,1
25,25054,74205,0,0
34,10388,97715,0,0
21,20954,68384,1,0
32,76715,37418,0,0
29,7086,90607,0,0
32,40987,58550,0,0
29,14458,53316,1,0
25,97372,66278,1,1
38,42924,96405,1,0
40,56716,59159,1,0
20,50303,17865,1,0
24,60364,57527,1,1
27,1773,39082,1,0
30,4859,56671,0,0
34,84175,22206,0,0
40,34819,70681,1,0
20,43311,8730,0,0
31,83355,99611,0,0
23,77267,59170,0,0
32,61268,13314,0,0
30,64334,24110,1,0
31,63589,73201,1,0
33,96125,52715,0,0
32,1926,40218,1,0
34,11297,74638,1,0
29,77521,68439,0,0
25,46707,33020,0,0
25,73815,12770,1,0
27,96392,36139,0,0
22,22017,68665,0,0
25,90449,16337,0,0
27,75793,35308,1,0
37,79412,2177,1,0
28,51810,89642,0,0
30,39338,48638,1,0
29,33714,9889,0,0
28,80788,46655,1,1
40,5380,69142,1,0
37,62051,32113,0,0
30,38605,1633,1,0
37,9017,8375,0,0
22,76607,80665,1,1
27,90616,30282,1,0
39,83631,91970,0,0
27,49696,37696,1,0
34,84783,91922,1,0
28,22660,39351,1,0
39,98309,48027,0,0
33,99192,38119,0,0
28,93400,38403,1,0
22,44832,87978,0,0
24,67917,19797,0,0
39,60838,1482,0,0
30,9736,82119,0,0
32,40022,80932,0,0
32,11625,81013,0,0
40,25293,53477,0,0
21,49368,39085,0,0
25,23855,27508,1,0
23,26704,14502,0,0
26,86079,98907,1,1
22,57797,89620,1,1
23,4144,8422,0,0
22,85137,33676,1,0
35,14025,44913,0,0
38,68346,86568,0,0
30,38474,89686,0,0
30,64913,80175,0,0
21,92306,31017,0,0
27,8268,24788,1,0
30,51134,93128,1,0
21,52144,83663,1,1
38,17091,75980,1,0
28,3817,48031,0,0
27,45333,57016,1,0
39,95752,19518,0,0
30,23054,50277,0,0
31,14853,10682,1,0
36,91238,25755,0,0
25,75771,45610,0,0
36,99783,46491,1,0
34,21260,36830,1,0
36,98129,5915,1,0
27,46116,50212,0,0
38,37692,27779,0,0
39,75371,96442,0,0
29,87274,3337,0,0
38,77224,33223,0,0
31,92358,79264,0,0
31,95993,14611,0,0
40,99714,29198,1,0
40,45864,45193,0,0
26,84415,35507,1,0
30,6131,49741,0,0
26,20578,57520,1,0
23,84419,95746,0,0
26,30486,40173,1,0
23,46005,77488,1,0
32,73488,43726,0,0
31,61341,62406,1,0
22,44154,53379,0,0
22,53642,88285,1,1
32,29617,50943,1,0
26,16867,32023,0,0
26,84733,38285,0,0
25,24269,5631,0,0
25,72879,56317,0,0
27,93864,35002,0,0
30,32562,69650,1,0
22,17330,91179,0,0
27,24550,72246,0,0
36,19764,23920,1,0
29,28981,24988,0,0
20,75028,29031,0,0
20,35581,15857,1,0
29,91371,71343,1,1
31,78327,69294,0,0
28,41442,43106,0,0
20,42053,6133,0,0
29,18676,81849,1,0
38,62341,64248,0,0
31,8501,92625,0,0
33,39700,45280,0,0
38,3242,49414,0,0
23,65922,46772,0,0
26,11418,57687,1,0
27,27029,36008,1,0
39,96972,89046,0,0
20,70603,76406,1,1
32,60042,52561,0,0
35,75400,84743,0,0
39,11977,19395,0,0
23,16502,88224,0,0
29,91400,22824,0,0
34,3852,49258,0,0
34,10016,34896,0,0
27,28216,50941,0,0
31,8150,90311,0,0
37,14788,40301,0,0
20,67669,2818,1,0
24,87425,70484,1,1
30,19461,28847,0,0
27,30749,78059,1,0
29,21062,90322,0,0
25,5903,16161,0,0
39,94870,22793,1,0
31,79556,92252,1,0
30,27881,87916,1,0
32,77915,17274,0,0
22,79958,93086,1,1
30,11542,87092,1,0
22,24260,27668,1,0
39,77087,1852,1,0
40,58744,84257,0,0
30,18441,90577,1,0
22,8252,44249,0,0
26,35468,84801,1,0
25,69787,22101,0,0
28,37926,73351,1,0
37,13510,85240,0,0
36,24864,33491,1,0
21,9150,37420,0,0
30,32215,7769,1,0
28,21524,45795,1,0
27,65404,4596,1,0
25,7907,88286,1,0
25,77451,85790,1,1
23,60439,3397,0,0
35,63488,62533,1,0
39,24071,34376,1,0
30,29325,56211,1,0
24,33507,10134,1,0
28,49564,77066,0,0
30,90375,12689,0,0
28,20598,20056,0,0
38,3955,1987,0,0
34,70769,3731,0,0
37,4661,53758,0,0
31,71132,97848,1,0
27,8433,95518,0,0
21,99709,55297,1,1
35,93735,26156,1,0
25,6216,6383,0,0
30,36680,82169,1,0
24,69294,53954,0,0
28,64518,51424,0,0
40,3041,80739,1,0
33,23954,3469,1,0
20,19999,88988,1,0
37,78770,2304,0,0
34,82033,95034,0,0
24,77029,13836,0,0
40,59547,87141,0,0
36,22284,19271,0,0
24,41069,11437,1,0
30,55510,97724,0,0
30,37662,63542,0,0
23,9866,55431,0,0
40,82751,30448,0,0
36,81566,33340,0,0
31,47782,96058,1,0
30,37346,9871,1,0
24,48344,83288,1,0
33,60504,76518,0,0
33,27706,66253,0,0
30,81364,8853,1,0
24,98962,17005,1,0
28,41575,83454,0,0
30,79579,61135,0,0
26,29799,44568,0,0
30,91645,34275,1,0
26,75149,93811,0,0
21,41603,2221,1,0
21,99606,76379,1,1
27,30929,33619,1,0
35,51952,96039,0,0
31,53309,61561,0,0
32,78363,45582,0,0
26,48658,32116,0,0
35,38534,6619,0,0
26,26126,72207,1,0
20,45888,93270,0,0
35,96570,46401,1,0
29,15602,5157,1,0
26,27269,20783,1,0
21,31662,35227,0,0
39,75793,44513,0,0
25,24582,42557,0,0
30,80750,29203,1,0
31,57683,23149,1,0
40,62997,33582,1,0
35,80925,50494,0,0
20,46042,4171,1,0
35,28743,11536,0,0
22,91736,82682,1,1
22,60717,57937,1,1
30,58078,85964,0,0
36,4433,49697,0,0
23,39240,63650,1,0
39,19139,40974,0,0
26,81834,70874,0,0
26,77307,76965,1,1
31,24377,94796,1,0
32,44865,83876,1,0
20,93683,22015,0,0
28,44672,96029,0,0
34,82155,93457,1,0
34,69553,28235,0,0
40,62198,88007,0,0
35,74524,7279,1,0
36,29467,83073,1,0
28,7032,73765,0,0
25,55336,53563,0,0
27,36913,8463,1,0
20,38919,2585,1,0
36,58562,48962,1,0
35,62302,47036,1,0
36,88652,28966,0,0
24,93145,9179,0,0
40,36212,38873,0,0
25,92144,93152,0,0
38,90914,85562,1,0
34,30378,96470,1,0
31,10841,90692,1,0
24,73652,27033,0,0
40,87748,33204,0,0
22,43776,22665,1,0
27,96126,45330,1,1
22,27472,54751,0,0
20,68433,45753,0,0
27,36263,67660,1,0
24,15854,74838,0,0
39,10692,24844,1,0
39,88089,66870,0,0
38,70385,92040,1,0
25,57619,72478,0,0
28,91929,69953,0,0
27,37068,27778,0,0
37,16950,63289,0,0
23,38929,58214,1,0
21,39556,93188,0,0
37,36941,57142,0,0
36,1323,88909,1,0
40,31950,1253,0,0
27,74946,43611,0,0
28,65619,61338,1,1
29,16506,23690,0,0
30,55942,1287,0,0
37,5576,37947,1,0
32,66592,6930,1,0
36,29994,99028,1,0
40,68813,41619,0,0
25,62280,36914,0,0
32,37633,25360,0,0
22,34522,76702,0,0
21,95277,24414,0,0
33,81556,92002,0,0
37,87657,41648,0,0
35,13286,69357,0,0
27,27917,67816,0,0
34,41562,13789,0,0
29,85924,68394,1,1
21,57017,63126,0,0
32,53974,87993,0,0
29,12499,97312,1,0
25,85823,63812,1,1
21,15323,84100,1,0
32,69460,69310,1,0
29,66199,89804,1,1
34,35189,7720,0,0
29,2607,80650,0,0
31,53296,31633,1,0
35,84547,93885,0,0
27,67402,83178,1,1
29,40144,38309,0,0
28,45866,97006,0,0
29,48491,63072,0,0
32,80864,20856,0,0
35,43657,42877,1,0
28,55100,47849,1,1
39,11700,79769,0,0
34,16542,77828,0,0
37,88323,20490,1,0
38,76879,48198,0,0
27,10327,42415,1,0
21,88883,65393,1,1
32,52829,70429,0,0
38,52377,43739,0,0
28,41226,4341,1,0
29,26626,32599,1,0
20,42805,8358,1,0
20,1312,3421,0,0
20,16509,93858,0,0
21,78541,61310,1,1
31,23199,12156,1,0
21,1949,39779,1,0
37,64756,65922,1,0
20,47315,17555,1,0
21,9492,13281,1,0
31,16971,46260,1,0
36,2960,27830,1,0
20,25568,91033,0,0
26,97844,72329,0,0
22,5032,46595,1,0
31,82775,17127,0,0
27,22196,11882,1,0
22,72116,51569,0,0
36,1796,79221,0,0
25,5720,5809,1,0
26,17390,19562,1,0
22,14268,3211,0,0
28,36733,2208,0,0
31,6167,12277,1,0
21,49311,11569,0,0
30,37181,40678,0,0
32,75193,60311,0,0
28,5238,65666,0,0
21,67444,27464,1,0
37,69171,32726,0,0
33,88439,47776,1,0
30,67097,20555,0,0
40,72382,32988,1,0
38,25512,40598,0,0
30,16174,95552,0,0
37,4970,89426,1,0
21,73541,58637,0,0
20,41969,93130,0,0
33,4400,83641,1,0
27,17822,12313,1,0
37,49291,35725,1,0
20,83543,5683,1,0
27,82928,49001,0,0
29,41311,38180,0,0
29,19744,32445,0,0
20,54747,19740,0,0
34,1029,78137,1,0
39,73221,92156,1,0
25,43015,66169,1,0
29,43582,63385,0,0
29,58473,78473,1,1
23,83752,61320,0,0
32,30854,3849,1,0
20,73324,54199,1,1
39,15117,52057,0,0
30,52390,97946,1,0
20,51748,12775,0,0
22,19768,16994,0,0
37,6436,45587,1,0
27,93734,46404,0,0
35,95748,80543,1,0
40,91189,93576,0,0
31,36379,43280,0,0
29,31712,45156,1,0
26,10944,66381,1,0
37,68740,91895,1,0
39,53734,85399,0,0
33,91123,92618,0,0
22,18522,68028,0,0
24,82013,57490,1,1
35,77643,87441,1,0
36,19165,41091,1,0
28,70056,86127,1,1
26,44616,80730,0,0
38,19065,97254,1,0
29,40155,59104,1,0
32,80686,66538,1,0
37,35412,55720,1,0
29,17923,24504,1,0
35,56471,64636,1,0
27,45326,29750,1,0
21,58131,50313,0,0
28,6290,72892,1,0
25,9518,88653,0,0
36,67641,35021,0,0
36,40836,48808,0,0
30,77380,61993,1,0
31,70949,94896,1,0
40,81003,56887,1,0
24,8890,92021,1,0
32,35051,81247,1,0
20,60471,69163,0,0
35,80657,13302,0,0
38,97050,84263,1,0
24,41181,80245,0,0
32,51600,17759,0,0
23,86726,62345,0,0
28,44651,75309,1,0
40,50301,81068,0,0
37,75699,46897,0,0
39,74665,94525,1,0
33,9232,59646,1,0
20,42425,66286,1,0
21,80531,25878,0,0
27,33117,51698,1,0
35,65320,95155,1,0
26,38183,80538,1,0
40,73293,30410,0,0
24,73930,44718,0,0
22,91011,10420,0,0
20,53223,31101,1,0
36,84441,55676,1,0
20,82806,37928,0,0
39,17625,4654,0,0
38,6689,49917,1,0
40,91465,15697,1,0
34,57190,62046,1,0
20,97035,87768,1,1
28,46080,82673,0,0
23,14021,77103,0,0
26,69471,31569,1,0
39,13517,22557,0,0
30,84902,6605,0,0
31,41345,45726,1,0
25,72090,25562,1,0
29,92702,72399,1,1
38,99339,16477,0,0
24,64198,60339,1,1
40,94352,29418,0,0
22,57943,77333,0,0
22,15641,30565,0,0
30,70956,72275,1,0
31,7597,34390,0,0
20,58799,34774,1,0
40,95664,92262,0,0
22,64016,68517,1,1
28,82107,99608,0,0
31,71627,53841,1,0
28,94265,80391,0,0
38,2875,37744,0,0
24,84231,47233,0,0
22,96401,80705,1,1
26,8920,77366,1,0
36,24203,39793,0,0
34,40267,27539,1,0
39,83482,2545,1,0
27,29678,26992,1,0
26,32555,75322,1,0
37,91956,74999,1,0
39,69388,70031,1,0
36,73299,58894,1,0
22,40471,44958,1,0
26,77243,47637,1,1
21,25170,3843,0,0
26,80736,67287,1,1
21,26630,72829,1,0
40,41631,36501,0,0
24,14796,91674,1,0
26,79967,81463,0,0
22,61380,60119,0,0
35,69926,54048,1,0
23,55405,80035,1,1
28,72882,37260,1,0
36,84184,62475,1,0
37,28722,46997,1,0
39,32513,57705,1,0
30,65364,36983,1,0
28,95793,85745,0,0
27,69294,68989,0,0
38,69861,72720,1,0
21,39659,85434,1,0
31,88277,48863,0,0
37,17281,83809,0,0
32,97228,92415,1,0
40,95531,4101,0,0
39,26554,98393,1,0
31,10616,85485,1,0
31,88511,92563,1,0
40,35639,56055,0,0
33,26896,97231,1,0
30,13187,16205,1,0
26,51781,22910,1,0
38,50298,70634,0,0
36,53207,89445,0,0
31,49801,49973,1,0
36,77604,8903,0,0
23,29900,92273,0,0
25,69783,17893,1,0
31,91511,63491,0,0
24,71146,84126,1,1
36,70773,43147,1,0
40,99564,19808,1,0
36,37913,12447,0,0
26,76312,86330,0,0
23,21784,84673,1,0
20,23452,56941,0,0
33,89897,88173,1,0
28,5217,4015,1,0
35,2141,49842,1,0
32,92097,2499,1,0
22,58118,63169,0,0
38,97015,7101,1,0
20,30458,75352,1,0
36,90995,22063,0,0
27,31877,19987,1,0
39,81210,41937,1,0
28,39094,88380,0,0
33,50028,90263,0,0
38,38420,86479,0,0
33,87043,85548,1,0
21,10140,17997,0,0
38,74690,80043,0,0
32,86519,45517,1,0
40,79383,33502,0,0
26,70083,72138,0,0
28,36226,69299,0,0
36,46709,81898,1,0
23,29017,32131,1,0
21,5278,34424,1,0
34,65192,85186,0,0
39,75065,30808,0,0
21,60548,68009,0,0
40,6094,71703,1,0
36,38745,99797,1,0
21,74563,80251,0,0
37,73422,45562,0,0
29,67157,78139,1,1
21,5127,26260,0,0
33,64670,25449,1,0
39,25621,61685,0,0
36,88942,33769,0,0
38,22599,98085,1,0
30,29636,49467,0,0
21,72073,41920,0,0
27,85612,41345,1,1
36,86233,10883,0,0
29,16978,71522,0,0
35,52565,63163,1,0
27,75551,8612,0,0
37,89574,65637,0,0
27,11385,2678,1,0
33,30489,35266,0,0
29,53443,15347,0,0
37,50636,90847,1,0
29,96270,73593,0,0
30,50992,55004,0,0
36,18102,16977,0,0
20,46253,89603,0,0
38,48958,48339,0,0
28,52349,52061,1,1
33,35756,18078,0,0
28,77945,74744,0,0
30,45724,80969,1,0
36,7391,17439,0,0
31,7051,64378,1,0
20,62278,80425,1,1
30,56529,37441,1,0
32,28954,5912,0,0
35,61670,32587,1,0
39,14529,57456,0,0
30,54043,62679,1,0
27,2386,34356,1,0
33,11596,71896,0,0
35,26740,97034,0,0
37,24728,9179,1,0
20,47575,4896,0,0
21,65887,46067,1,1
33,27493,60069,1,0
29,17660,40602,1,0
30,36003,67007,1,0
22,63751,24563,0,0
24,74458,55476,1,1
29,67378,55344,0,0
24,41555,7885,1,0
40,35299,31553,1,0
25,23947,45868,1,0
31,9619,50244,1,0
21,46730,8089,1,0
31,1630,43750,0,0
28,44768,4354,1,0
33,53648,31246,1,0
20,29828,37908,1,0
36,64865,46198,0,0
37,96168,63075,1,0
37,65039,22704,0,0
32,66476,24651,0,0
31,64013,49054,1,0
26,42119,90514,0,0
25,87980,70362,0,0
34,10732,1161,1,0
34,81253,59122,0,0
31,65024,22019,0,0
20,28513,20558,0,0
34,47997,85795,0,0
37,39016,67637,1,0
39,91958,38532,0,0
28,91706,69502,0,0
40,75594,83424,0,0
36,31041,9991,0,0
29,23254,82694,1,0
36,5859,42969,0,0
29,58088,10274,1,0
27,25575,97274,1,0
39,47322,73654,1,0
29,63475,78211,0,0
40,90067,78327,1,0
25,6885,89025,1,0
21,29081,21665,1,0
20,48695,89103,0,0
39,67637,52765,0,0
29,48356,40594,1,0
24,8762,27670,0,0
26,2325,3939,1,0
32,65442,67869,1,0
36,51300,16886,0,0
30,85619,35292,1,0
28,67448,44379,1,1
37,10224,64223,0,0
33,10166,87300,0,0
31,80688,72871,1,0
21,44989,71628,0,0
29,20113,39203,1,0
29,69054,46255,0,0
28,14893,23733,1,0
29,24038,40641,0,0
22,54677,82375,0,0
36,5133,18764,1,0
24,9923,28406,0,0
35,8728,48827,0,0
39,98345,90773,0,0
26,89654,85167,1,1
39,38888,47088,0,0
35,70177,60432,0,0
34,93951,84245,1,0
29,98500,70784,1,1
40,65238,15033,0,0
27,31375,79283,0,0
23,20592,66375,1,0
40,55127,24306,0,0
28,33466,44750,0,0
31,27760,26309,0,0
20,76852,36923,1,0
33,49220,73584,1,0
35,8409,4824,1,0
21,39952,49391,0,0
27,53990,97419,0,0
39,11309,11208,0,0
39,75305,93738,1,0
22,30566,19887,1,0
27,86020,64433,1,1
27,43804,5036,0,0
28,52830,2652,0,0
34,8648,97354,1,0
26,89651,13762,1,0
32,72780,7065,1,0
38,62566,59150,1,0
38,57133,15617,0,0
35,75000,91951,1,0
22,38062,17284,1,0
39,53987,16670,1,0
37,35213,70865,0,0
38,27066,87681,1,0
25,76479,36375,0,0
27,71716,68847,1,1
30,50017,51461,1,0
30,86253,45076,0,0
33,1144,81294,1,0
29,93158,98748,1,1
24,87436,33637,1,0
34,91108,1309,0,0
37,75762,87787,0,0
23,17262,44327,0,0
20,88966,9149,1,0
29,73136,52616,0,0
32,56848,75427,1,0
28,82394,7290,0,0
31,39194,72763,1,0
29,38713,31554,1,0
31,96715,45395,1,0
30,67557,70699,1,0
30,97739,4772,0,0
37,37518,54928,1,0
34,59204,31817,1,0
38,85781,49792,1,0
26,56994,34241,1,0
31,49631,84745,1,0
34,12104,74417,1,0
39,81873,33663,1,0
35,54304,39777,0,0
31,86960,27622,1,0
22,84083,40447,0,0
20,27977,67125,1,0
28,86936,82010,0,0
23,61513,75026,1,1
20,76532,25311,1,0
28,32558,14523,1,0
31,49919,29321,1,0
20,17758,79910,0,0
32,11695,96971,1,0
27,19100,47357,0,0
30,84599,85737,0,0
29,98546,42241,1,1
32,26444,6994,0,0
38,90358,63129,1,0
22,35817,23643,1,0
29,94157,68962,1,1
33,80538,20856,1,0
26,62234,41565,1,1
21,76178,41824,0,0
34,73580,23740,0,0
21,41171,45740,1,0
27,44038,66963,0,0
28,37870,72226,0,0
35,16455,89814,0,0
32,94653,68299,1,0
25,73464,38169,0,0
20,2308,25445,0,0
29,38857,38968,1,0
30,75654,5895,1,0
31,80295,96104,1,0
21,8949,33683,1,0
31,4024,23264,1,0
26,93872,32356,1,0
35,2924,50973,0,0
20,95610,75196,0,0
28,88718,20337,1,0
38,49970,38812,0,0
20,49323,86771,1,0
28,62218,95203,0,0
35,55762,36854,0,0
38,71146,60803,0,0
35,16124,69430,0,0
21,61678,59791,0,0
32,27971,93164,0,0
23,61906,35423,1,0
27,75721,97788,1,1
31,36211,74686,0,0
27,56353,7721,0,0
28,61612,51776,0,0
29,43466,37493,0,0
28,63635,13063,1,0
40,87745,33958,0,0
29,34631,96045,0,0
21,7805,25032,0,0
26,95230,30776,1,0
23,38239,81486,1,0
36,56093,26856,0,0
20,55785,14347,1,0
30,10609,56145,0,0
24,71628,88979,1,1
20,56177,71905,0,0
34,59253,60326,0,0
25,26810,39741,0,0
21,77364,64878,1,1
36,74150,33421,1,0
33,76707,57202,0,0
29,22811,66789,1,0
37,58409,12045,0,0
39,32089,72359,1,0
37,62129,58163,0,0
24,15905,75490,1,0
25,67357,89338,0,0
27,7137,96181,1,0
40,28087,95888,0,0
31,92868,36081,1,0
31,81347,7798,1,0
35,57910,26996,1,0
23,24735,37343,1,0
29,59959,8874,1,0
31,99622,70724,1,0
34,87453,62418,1,0
29,48586,81367,0,0
39,58651,37812,0,0
32,90673,60226,0,0
21,44531,63071,0,0
34,77828,38842,0,0
34,21495,99635,0,0
21,4277,31858,0,0
38,40997,22163,1,0
31,78133,15376,0,0
23,17703,84079,0,0
34,70945,34064,0,0
27,74930,81342,0,0
26,11568,87041,0,0
31,66385,96668,0,0
20,89839,6223,1,0
30,25525,37039,1,0
31,76470,86541,1,0
30,51698,91954,1,0
37,86791,88854,1,0
27,62029,83750,1,1
26,40946,93775,1,0
29,69256,81311,0,0
26,51761,63431,0,0
26,82584,92694,0,0
34,53004,66727,0,0
39,30119,85708,0,0
25,54836,68883,1,1
21,74474,40264,1,1
27,89810,45052,1,1
33,94124,67786,0,0
38,28700,91059,1,0
39,50589,25706,1,0
37,99430,5450,0,0
36,37103,12649,1,0
24,90920,57327,0,0
30,23876,44035,1,0
35,38798,23647,1,0
34,91512,52375,1,0
25,90446,85548,0,0
21,23344,42953,0,0
22,34499,71584,0,0
30,85825,42542,0,0
39,96389,62258,0,0
30,38338,64206,1,0
30,1774,3741,0,0
40,67645,79898,0,0
39,94234,72038,1,0
21,3928,11460,1,0
23,31048,59782,0,0
30,24042,1711,0,0
22,39585,7485,1,0
27,33374,66455,1,0
28,70985,1686,1,0
39,36055,29289,0,0
30,12712,1801,1,0
28,82795,48428,0,0
36,38545,78284,0,0
35,76257,25900,0,0
26,87062,20059,0,0
31,92173,11560,0,0
28,78089,68918,0,0
29,28157,18793,1,0
32,55462,51948,0,0
32,54935,39308,0,0
32,99729,84653,0,0
30,95548,59094,0,0
38,25900,45268,1,0
23,48612,21881,0,0
33,84008,59962,0,0
32,50312,52639,0,0
30,23932,2176,0,0
30,48752,59420,1,0
24,57832,98480,0,0
28,91127,89870,1,1
32,70474,91599,1,0
30,70350,71497,1,0
26,20875,22152,1,0
30,62580,25006,0,0
28,44527,86041,0,0
40,33450,50509,0,0
25,25673,10700,1,0
37,3050,25699,1,0
40,20998,62235,0,0
29,89663,50390,1,1
22,39048,19996,1,0
37,54021,91034,0,0
27,35245,63206,1,0
39,42301,25417,1,0
31,45823,81937,1,0
30,75892,42181,1,0
20,86359,35329,1,0
20,37072,32990,0,0
35,69286,72465,1,0
31,27420,60712,0,0
30,3263,59495,1,0
38,73335,23397,0,0
40,98984,80262,1,0
38,10616,32414,1,0
22,80265,38014,1,0
35,11304,53350,0,0
29,87199,89996,1,1
37,73921,82664,1,0
22,47653,9884,1,0
37,7595,15306,1,0
37,28907,73701,1,0
30,20086,51637,0,0
29,68375,53145,1,1
30,90025,83456,0,0
21,85469,73063,0,0
40,64116,1785,0,0
30,61328,22975,0,0
32,45023,87716,0,0
24,83691,38193,1,0
40,94131,26979,0,0
40,98315,65778,1,0
39,44073,56993,1,0
38,72411,49959,1,0
34,70559,7158,0,0
27,75398,43458,1,1
22,79582,63764,0,0
25,78048,64949,1,1
22,77349,30059,0,0
29,84841,29079,1,0
37,78621,79519,0,0
40,89685,34399,0,0
36,3151,24883,0,0
27,63233,91806,1,1
37,63195,94534,1,0
22,98639,16231,0,0
30,26708,98531,0,0
33,73965,96507,0,0
21,42174,73913,1,0
20,41187,69061,1,0
28,74471,88662,0,0
30,10302,66614,0,0
38,50643,42719,1,0
40,92160,85190,0,0
33,89648,35740,0,0
35,47047,61316,0,0
26,46338,49119,1,0
24,91690,35634,1,0
39,82905,43311,0,0
39,20852,77531,1,0
37,48197,37125,0,0
28,64868,41519,0,0
36,65255,49500,1,0
30,26435,83114,0,0
37,68600,36002,0,0
26,26361,4184,1,0
36,45894,73668,1,0
32,71809,10370,0,0
25,51337,32522,0,0
32,95325,23411,0,0
36,86801,64594,0,0
39,7129,51674,0,0
21,77083,45303,0,0
27,89250,45323,1,1
27,91373,45022,0,0
24,81154,13039,0,0
30,50445,30186,1,0
29,52944,42705,1,1
29,4021,99915,0,0
27,10303,16386,1,0
39,54225,14574,1,0
24,99970,11279,0,0
30,84213,22118,0,0
28,36919,37419,1,0
39,86567,31399,1,0
38,12353,74116,1,0
40,7062,8188,1,0
31,53069,25445,1,0
24,33774,14856,0,0
29,69858,73144,1,1
23,12117,39492,1,0
35,78504,10166,1,0
32,38305,76227,1,0
40,10733,64072,0,0
32,14967,6367,0,0
21,98219,19042,1,0
24,2387,1486,0,0
28,59109,21285,1,0
34,42862,56978,0,0
39,96230,85226,0,0
20,59307,30760,0,0
27,4659,93224,0,0
20,61767,92895,1,1
36,21735,58053,1,0
23,64435,44969,1,1
40,1198,13790,0,0
39,81446,76832,0,0
27,17825,87846,1,0
24,58275,41426,0,0
27,11068,24083,0,0
36,73686,70158,1,0
38,29764,90573,1,0
20,44817,98174,1,0
26,21766,26438,1,0
34,78724,79451,1,0
29,59934,14156,1,0
24,54485,9982,0,0
20,52146,44511,0,0
29,1822,11018,0,0
20,80727,40587,0,0
22,43266,87617,0,0
25,57358,44628,1,1
20,25824,66236,0,0
22,52771,35222,1,0
24,95335,78961,1,1
30,86762,64554,0,0
20,86594,29666,1,0
21,7225,4025,1,0
37,12186,50732,0,0
23,61411,29325,1,0
35,74894,26537,1,0
28,14711,75068,1,0
22,65341,61346,0,0
37,59978,60017,1,0
27,20534,67689,1,0
25,37244,44534,1,0
34,72362,75680,1,0
34,1172,78123,1,0
28,62399,13501,1,0
31,52952,13738,0,0
35,47541,96605,1,0
25,18259,78657,1,0
20,72085,86553,0,0
20,99456,3987,1,0
29,85002,41482,1,1
33,5648,2987,0,0
20,24160,19656,0,0
20,71445,1745,1,0
34,65989,92650,1,0
37,92979,61933,1,0
39,79688,69209,1,0
26,85339,75839,0,0
32,22518,90242,1,0
35,5941,12201,1,0
21,98972,82728,0,0
20,31134,8969,1,0
37,75063,83570,1,0
24,87876,3359,1,0
37,65591,97463,1,0
40,65252,57655,0,0
27,73932,22127,1,0
20,75647,78323,1,1
25,85697,99660,1,1
37,50912,95588,1,0
21,30332,2232,0,0
20,64004,8947,1,0
25,82514,85900,0,0
34,36849,88458,1,0
25,46486,39045,0,0
37,65229,21871,0,0
29,96709,68674,0,0
26,14416,1889,1,0
30,21705,78378,1,0
24,89919,20954,1,0
21,7443,60982,1,0
38,23411,13497,0,0
26,76413,6011,0,0
38,41745,30595,0,0
27,7345,15566,1,0
28,71700,22503,1,0
40,44851,29553,0,0
39,41238,61709,1,0
37,21723,79973,1,0
27,56472,19268,1,0
39,16067,10700,1,0
35,91621,59155,1,0
21,65186,53329,0,0
21,99701,10555,1,0
29,84773,35940,1,0
20,27207,22757,0,0
35,17742,23373,0,0
37,20238,35933,0,0
40,33008,58638,1,0
29,77308,14023,1,0
35,93825,1106,1,0
20,96619,40019,0,0
20,6242,40438,0,0
20,84422,86443,1,1
34,22307,10824,0,0
22,56042,5395,0,0
39,72385,2340,1,0
29,52470,6712,0,0
39,28046,2947,0,0
38,59846,63241,0,0
40,85390,9745,0,0
36,69724,43051,1,0
23,3598,38116,0,0
34,79969,8634,1,0
21,90064,67235,1,1
36,18001,63594,0,0
23,71077,7518,1,0
39,69135,59782,1,0
24,3331,17658,1,0
27,57746,21883,1,0
34,68911,55479,0,0
31,55867,32332,0,0
26,82593,68113,1,1
22,68334,85665,1,1
38,34729,68465,0,0
37,30443,43113,1,0
30,70562,41352,1,0
28,21366,43352,0,0
36,61605,23206,1,0
32,58298,22255,1,0
21,57417,27383,0,0
31,69737,1371,0,0
21,99841,23097,0,0
26,3638,44605,0,0
39,34081,99706,0,0
23,12151,70444,0,0
31,63377,93709,0,0
22,49998,52239,1,0
33,81590,67537,1,0
39,4461,68738,0,0
24,21471,68023,0,0
40,83202,56776,1,0
22,8859,79668,1,0
31,9731,51220,0,0
23,12681,18911,1,0
28,42969,78346,1,0
38,63451,94962,0,0
23,43493,73790,0,0
27,80730,35079,1,0
23,80036,1153,1,0
36,73518,68845,1,0
35,82519,51679,0,0
26,80382,8739,0,0
37,90885,6665,0,0
21,24626,87197,0,0
26,94340,95840,0,0
29,38204,99826,0,0
32,37443,80478,1,0
39,42152,69999,0,0
30,86443,12284,1,0
20,84997,77638,0,0
23,3933,89506,0,0
40,43717,33145,1,0
35,18392,25794,0,0
32,7568,95097,0,0
40,41320,94601,1,0
25,75713,92798,0,0
38,43804,5171,1,0
34,60932,8234,0,0
37,35747,23162,1,0
23,3901,6641,1,0
26,95825,87233,1,1
39,66242,62595,1,0
26,61526,56499,0,0
24,52736,60322,1,1
35,4905,54346,0,0
39,43397,78835,1,0
23,45963,54615,0,0
23,23173,74046,0,0
31,35322,55210,1,0
39,82505,63033,1,0
31,97483,4700,1,0
31,27256,51843,1,0
28,27935,60361,0,0
31,52998,65899,1,0
30,41313,68183,0,0
36,46150,4640,0,0
34,12175,28376,1,0
30,96426,42481,0,0
21,8838,15184,1,0
32,13056,48738,0,0
29,14396,15417,1,0
27,18347,42442,0,0
36,75725,51008,0,0
26,93352,60696,1,1
40,58043,52501,0,0
26,8859,62943,0,0
34,43130,31129,0,0
22,96364,64261,0,0
23,26464,42438,0,0
35,77754,20166,1,0
28,94937,68855,1,1
29,84201,36187,1,0
20,46617,30079,1,0
36,70704,55330,0,0
22,41628,84392,0,0
25,50345,57389,0,0
34,8452,1236,0,0
37,16812,84785,1,0
23,54937,28493,0,0
31,89540,32597,0,0
30,74623,22914,1,0
32,46449,29607,0,0
35,95074,72313,0,0
32,55394,8124,1,0
36,31551,97836,1,0
22,57370,35996,0,0
24,20536,48268,0,0
25,10437,45356,1,0
39,36730,74222,1,0
34,67946,66322,0,0
24,45773,91176,1,0
38,69202,92569,1,0
21,42064,62945,1,0
28,61306,78647,1,1
32,28997,56169,0,0
38,73978,97830,0,0
22,51879,89416,1,1
40,88389,23094,1,0
21,15816,5078,1,0
23,2246,99275,1,0
21,5389,38699,1,0
26,73989,27875,0,0
33,64391,54497,0,0
29,84060,22703,1,0
40,42886,80523,1,0
29,33775,9775,0,0
37,18485,2559,0,0
26,6329,89232,0,0
28,40037,25918,1,0
34,60384,78546,0,0
21,51307,86470,1,1
23,65627,28064,0,0
33,41571,41539,0,0
21,45554,79085,1,0
28,38901,13470,1,0
31,86975,15104,1,0
25,82816,45011,0,0
34,35533,51084,1,0
30,61119,44248,1,0
27,69081,85596,0,0
33,92769,51439,1,0
29,45123,70859,0,0
35,83627,80863,1,0
29,80100,70254,1,1
25,46302,81084,0,0
38,20109,82596,1,0
39,78936,24704,1,0
39,81842,67169,0,0
36,35326,5059,1,0
40,54073,30196,1,0
25,42106,32691,0,0
40,21359,21847,0,0
36,6267,4210,1,0
32,34924,90598,0,0
32,20836,60017,1,0
29,64480,20099,0,0
20,39566,36984,1,0
20,61101,50403,1,1
28,36827,81938,0,0
30,97646,41447,0,0
30,38390,40733,1,0
30,7863,13677,1,0
36,12873,46643,0,0
22,17636,14468,1,0
27,44047,50206,0,0
36,45454,42255,0,0
28,47783,77800,1,0
28,87429,51104,1,1
35,58673,82807,0,0
23,71656,22808,0,0
21,79074,35092,1,0
35,35805,1004,1,0
22,57716,33151,1,0
32,74060,54947,0,0
29,35929,42205,0,0
28,40041,87261,1,0
23,47021,71250,1,0
26,65990,17654,0,0
32,67666,28854,0,0
21,73458,8736,0,0
25,79758,25398,0,0
34,65721,9328,1,0
38,18400,73049,0,0
25,34279,7341,0,0
38,7715,66540,0,0
34,5391,88322,0,0
39,30841,15662,0,0
38,94086,38175,1,0
38,37119,87522,1,0
33,3672,23909,0,0
31,20355,31980,1,0
21,44022,62269,1,0
25,59048,66806,1,1
30,56772,39423,1,0
36,43646,89309,1,0
31,79194,47502,1,0
36,30023,29202,0,0
28,66642,19704,1,0
37,68024,68161,1,0
35,83833,63962,1,0
27,71832,37152,0,0
28,15281,14598,0,0
20,63323,53988,0,0
24,70871,19673,0,0
20,26257,73436,0,0
24,14793,86142,1,0
21,23914,13950,1,0
29,48993,16419,0,0
30,72199,97555,0,0
37,38558,12648,0,0
29,13084,18421,1,0
39,72563,57461,1,0
38,36785,15643,1,0
40,98287,34986,1,0
20,28994,50769,0,0
25,91312,64033,0,0
33,5088,88358,1,0
25,36574,84646,1,0
29,96681,76602,0,0
34,2197,18275,1,0
30,20360,13366,0,0
34,4773,16240,0,0
20,73959,39764,1,0
20,55811,89300,0,0
28,97228,40060,1,1
25,20379,35681,0,0
24,83998,67771,0,0
34,12271,1422,0,0
40,75882,79755,0,0
21,97098,20256,1,0
36,25109,4753,1,0
31,97135,33458,1,0
34,43863,78310,1,0
33,95631,80172,1,0
27,50578,97770,0,0
21,96366,26423,1,0
36,32686,87300,0,0
24,75781,8937,1,0
26,89156,21732,1,0
28,30727,40035,1,0
25,93956,21548,1,0
29,12900,26161,0,0
29,14172,8491,0,0
40,94151,95890,1,0
39,46384,79545,1,0
35,21324,74915,1,0
24,60847,35469,0,0
35,70442,11600,1,0
37,36418,58781,0,0
21,33417,43867,0,0
27,74946,59297,0,0
26,9933,42800,1,0
36,30435,20268,1,0
31,81865,32169,0,0
35,4892,22461,1,0
23,7754,36091,1,0
31,44151,64958,0,0
24,50812,65271,0,0
21,28079,54421,1,0
31,41691,48985,1,0
28,71472,1744,0,0
36,42818,57839,0,0
39,73737,9649,0,0
37,72381,19647,0,0
38,73336,28683,1,0
40,56920,95645,1,0
28,16075,85296,0,0
40,94887,24666,0,0
39,53575,23973,1,0
32,98811,49119,1,0
37,30865,11676,1,0
29,24300,40767,1,0
20,69057,52080,0,0
35,37961,95450,1,0
24,6276,58877,0,0
22,45456,77333,0,0
36,30235,79924,1,0
37,97129,9676,0,0
29,41883,1400,0,0
36,19707,3652,0,0
26,35890,36973,1,0
36,63122,3619,0,0
35,77476,82268,1,0
39,90316,29582,1,0
25,61909,56093,0,0
34,80968,66436,1,0
37,52012,40313,1,0
20,18583,75532,1,0
37,56551,28336,0,0
30,47197,75643,1,0
33,50248,17668,0,0
23,47492,11634,0,0
26,35272,75340,1,0
32,68586,50113,0,0
36,99931,45455,1,0
35,52351,49543,0,0
23,30253,98367,1,0
28,60536,64597,0,0
21,47259,28511,1,0
31,99334,1036,0,0
33,89487,91187,1,0
36,45012,35529,1,0
35,5310,71679,0,0
37,8493,2266,0,0
22,40590,54062,1,0
30,44396,91588,1,0
33,76357,75192,1,0
24,45066,53831,1,0
30,54544,56766,0,0
39,16737,69607,0,0
29,39461,31339,1,0
23,3633,31816,0,0
39,44139,11796,0,0
20,39036,97787,0,0
34,52175,76485,0,0
22,47083,34910,1,0
21,96031,24329,0,0
35,91012,65307,1,0
39,62123,8959,0,0
36,26499,36460,0,0
24,41319,20051,1,0
27,76201,74777,0,0
38,91994,56050,0,0
31,4824,48301,1,0
39,48344,7936,1,0
37,61732,85437,0,0
30,81034,51060,0,0
40,94776,32448,1,0
36,29511,42095,1,0
34,3221,87249,1,0
28,23285,58104,0,0
32,38281,48127,1,0
28,88973,92237,1,1
28,28800,51805,1,0
37,57517,20526,1,0
21,20874,27025,1,0
27,50811,84887,1,1
39,80149,70450,0,0
28,74246,49424,1,1
39,34561,53922,0,0
37,2766,59720,1,0
39,53060,34531,0,0
21,20569,24834,1,0
35,99187,12152,0,0
34,29516,90153,0,0
36,31599,86683,0,0
25,64414,23205,0,0
30,93162,37288,0,0
20,59947,45914,0,0
26,37786,63424,0,0
36,69270,43343,0,0
23,75400,39476,1,0
40,80759,30145,1,0
35,54460,30487,1,0
23,91713,61275,1,1
26,77454,27214,1,0
38,67319,5823,1,0
25,66217,76239,1,1
33,70978,81497,0,0
36,25122,88274,1,0
22,9293,17632,1,0
39,61896,91391,0,0
34,90271,5029,1,0
26,55593,24109,0,0
26,67855,6612,0,0
32,51921,71118,0,0
21,39432,6094,0,0
33,69236,4094,0,0
26,20709,83828,0,0
24,48177,90388,0,0
34,71915,10457,0,0
35,87151,16953,1,0
37,11296,49432,1,0
20,39856,3922,0,0
39,59105,97451,1,0
31,42537,59076,0,0
27,11830,19907,0,0
37,74230,50520,1,0
33,60009,36795,0,0
26,12692,41064,0,0
39,77578,96121,0,0
22,77564,11239,0,0
29,46347,8426,0,0
20,93549,70910,1,1
35,76548,68616,1,0
33,45257,79020,0,0
21,37735,23067,0,0
32,87864,78839,1,0
30,96170,36076,1,0
31,49378,92512,0,0
34,39334,99264,1,0
23,21603,66136,1,0
24,57638,83482,0,0
23,34720,94258,0,0
39,48504,82254,0,0
32,88421,78215,1,0
27,65235,25651,1,0
21,91875,47027,1,1
20,11540,25187,0,0
39,90663,13473,0,0
27,48626,86172,1,0
29,2125,43475,0,0
38,83751,66251,0,0
20,17363,71202,1,0
28,37600,60189,0,0
21,56155,68077,0,0
29,89901,65875,0,0
21,67964,88207,0,0
36,82865,22175,0,0
39,32496,14938,1,0
20,6509,32612,1,0
29,20579,48222,0,0
38,84427,93465,0,0
33,60934,45791,1,0
39,95678,93899,0,0
36,99490,71943,1,0
24,28767,9680,0,0
38,24312,62363,1,0
34,59304,19666,0,0
37,11203,11212,1,0
23,17035,80172,1,0
20,53128,13078,0,0
35,1318,27673,1,0
39,88397,24008,0,0
30,2477,52097,1,0
26,45715,29666,1,0
34,86119,39793,0,0
24,43821,93407,1,0
37,53041,30027,0,0
34,71444,43407,0,0
38,48470,40727,0,0
34,57181,43527,0,0
38,64191,53509,1,0
24,59654,79052,1,1
27,60224,4103,1,0
27,88882,92928,0,0
36,55327,76392,1,0
26,10512,7157,1,0
36,74188,8379,1,0
23,87200,24130,1,0
36,70754,45783,0,0
31,83462,83850,0,0
21,19732,84565,1,0
23,86722,5506,1,0
28,2457,44251,1,0
33,55691,22613,1,0
39,53447,38351,1,0
32,43068,24649,0,0
30,39352,81969,0,0
33,49247,34825,1,0
25,4565,55169,1,0
31,47669,82792,0,0
27,78078,32875,1,0
21,34654,88577,1,0
20,10085,66633,1,0
23,42829,95212,1,0
33,47300,25611,0,0
38,99006,52616,0,0
39,13249,45011,1,0
20,58889,61682,1,1
37,69398,2407,1,0
26,95500,84575,0,0
30,92689,92437,0,0
34,65631,73026,1,0
39,59840,74451,0,0
40,20588,12552,0,0
39,9885,40885,1,0
20,59090,6569,1,0
26,8270,63985,1,0
24,62649,80192,0,0
28,93298,88633,0,0
28,52007,90960,0,0
33,9380,65783,1,0
39,54334,6041,0,0
35,61173,21024,0,0
20,81396,80419,1,1
26,96247,69676,1,1
21,99102,65784,0,0
35,64400,72798,1,0
29,97469,49202,1,1
36,39059,87868,0,0
25,27941,93196,0,0
37,16295,26634,0,0
22,50431,30778,1,0
29,62105,81187,1,1
26,78747,35611,1,0
24,98097,57444,0,0
22,20858,24273,0,0
33,32948,90893,1,0
39,15345,29642,0,0
30,35229,34676,1,0
34,54196,2916,1,0
27,5416,69354,0,0
22,71163,3573,0,0
33,45958,34422,1,0
23,5847,92843,1,0
34,15495,96094,0,0
30,68582,1818,0,0
23,47978,56624,1,0
21,18114,55324,1,0
37,59180,91674,1,0
26,9850,25273,0,0
30,43344,35351,0,0
38,22299,23376,1,0
39,47915,9493,1,0
33,19397,75334,1,0
40,83697,14852,1,0
24,15984,37264,1,0
34,82476,33747,1,0
31,40843,86758,1,0
22,78503,42763,1,1
29,73079,68876,1,1
30,73031,71956,1,0
29,5640,67222,0,0
33,90553,30931,0,0
26,20681,12967,0,0
27,72892,94087,0,0
36,14088,58387,1,0
24,7631,83749,1,0
20,30575,44911,0,0
30,65877,19530,0,0
25,58826,73438,0,0
26,90893,61713,1,1
25,80731,75642,1,1
35,49411,27131,0,0
32,40545,48826,0,0
28,40978,69116,0,0
39,6597,29765,0,0
29,61944,51648,1,1
38,28020,41676,0,0
36,31206,22482,1,0
40,95366,19416,0,0
35,48541,79843,0,0
28,56597,32116,0,0
33,4817,99533,1,0
20,90395,32975,1,0
32,90662,31887,1,0
26,11893,93559,0,0
22,41775,36797,0,0
34,63646,8935,1,0
38,94698,63593,1,0
40,76648,72613,1,0
28,36164,33570,0,0
35,12895,87891,0,0
23,20316,2490,1,0
31,62950,69568,1,0
36,91592,97703,0,0
35,42397,34528,1,0
21,88902,61033,1,1
33,17809,92705,0,0
31,8849,33005,0,0
20,91107,36697,0,0
27,97335,41016,1,1
22,66818,38135,1,0
37,3749,74477,1,0
37,60794,63246,1,0
27,46008,18305,1,0
29,12795,42849,1,0
36,86214,52293,0,0
36,42189,79896,1,0
40,18120,29006,0,0
30,33677,74968,0,0
35,3860,51768,1,0
31,35260,52278,1,0
27,80823,36982,0,0
37,52342,79626,1,0
26,44877,18264,0,0
28,65314,51182,0,0
40,42437,5188,1,0
39,6254,25982,0,0
37,5182,66299,0,0
24,92386,30462,0,0
31,66909,87947,0,0
25,18528,13764,0,0
20,12880,90999,0,0
21,90539,71401,0,0
36,79680,67068,0,0
29,68293,92800,0,0
33,84776,2576,1,0
34,97411,45160,1,0
40,54006,4365,0,0
20,41317,19823,1,0
21,69172,79656,1,1
30,38875,10501,0,0
25,31245,27823,1,0
25,86289,18414,0,0
40,18074,52199,0,0
35,34281,67113,0,0
33,2330,13065,1,0
30,30440,58512,1,0
29,32346,48620,0,0
35,81626,40888,0,0
24,99137,52616,0,0
31,67188,74667,1,0
28,29640,12401,0,0
27,67157,52242,1,1
29,32693,90223,1,0
33,29815,89852,0,0
20,57145,65708,1,1
36,63601,55843,0,0
39,71470,89050,1,0
32,82612,58049,1,0
35,67772,7635,1,0
26,72891,62258,0,0
26,32096,9942,0,0
26,78338,74558,0,0
27,68231,33073,0,0
32,52310,34711,0,0
22,31304,13135,0,0
28,3152,82794,1,0
32,2982,20241,0,0
32,78954,49438,1,0
30,44422,59210,0,0
22,92718,14271,1,0
30,59179,70401,0,0
33,53769,17170,1,0
30,48508,67627,1,0
35,85360,67235,0,0
37,71008,76129,1,0
23,43670,76443,0,0
24,18006,96565,0,0
35,61964,95220,0,0
20,80741,13704,1,0
38,74264,68360,1,0
22,73934,82604,0,0
36,9377,45266,0,0
36,91131,90517,1,0
23,76084,39268,1,0
25,96402,94926,0,0
25,15303,66749,1,0
20,88186,53236,1,1
36,92714,24149,1,0
37,11421,52950,0,0
28,81570,86368,0,0
39,33768,60623,1,0
24,40709,31768,0,0
23,36035,20477,1,0
32,94265,19150,1,0
37,15525,64566,1,0
28,11503,34440,0,0
24,66663,31533,1,0
36,12914,89418,1,0
30,31930,45534,0,0
20,68001,29508,0,0
36,76347,40163,1,0
40,86003,53936,0,0
26,95686,11530,0,0
37,12207,36806,0,0
38,53323,1475,0,0
27,87556,28297,1,0
25,49804,75443,0,0
29,1236,4532,1,0
37,61753,21172,1,0
37,77907,81954,1,0
26,93614,3841,0,0
23,63378,77704,1,1
26,36763,1621,0,0
29,60070,30672,0,0
36,54158,30188,1,0
28,44750,94642,0,0
33,27283,53378,1,0
26,15745,88347,1,0
40,99812,64567,1,0
20,79504,27635,1,0
36,62674,9856,0,0
33,16976,10785,1,0
31,63916,98893,1,0
30,55817,93360,0,0
25,28873,97596,0,0
28,25506,35906,0,0
33,84878,88863,1,0
31,39818,58482,0,0
40,80148,13171,0,0
38,10749,2410,0,0
20,71730,47168,1,1
20,79640,14551,0,0
30,89634,34638,0,0
20,27138,61598,1,0
33,77253,21407,1,0
28,68054,96774,1,1
23,75219,89592,0,0
32,32634,23642,1,0
40,93909,6925,0,0
27,90744,40867,0,0
22,18155,6557,0,0
31,96717,24246,1,0
30,17435,4487,0,0
36,27260,92220,1,0
36,96535,44922,0,0
23,83043,62077,1,1
39,7107,74814,0,0
23,82525,77807,0,0
20,22615,61672,1,0
30,61405,70647,0,0
33,25935,25659,1,0
24,8413,88585,1,0
33,46074,15867,0,0
23,54535,55753,0,0
22,69642,11549,0,0
24,63833,41249,1,1
33,26645,74102,0,0
23,7503,78516,0,0
26,30734,29277,1,0
24,81881,21988,1,0
36,73223,17266,0,0
22,71227,4167,0,0
34,82989,56143,0,0
27,68371,91577,0,0
25,61691,24107,0,0
34,42977,18612,1,0
35,51761,77643,0,0
39,87791,46545,1,0
24,59712,93814,0,0
36,35188,64854,0,0
25,14552,18521,0,0
33,67485,11375,1,0
27,19824,79749,0,0
26,63536,64686,1,1
39,32620,27586,1,0
25,4961,82472,1,0
23,19772,47313,1,0
39,48314,51830,0,0
36,98054,21997,0,0
25,37097,3968,0,0
24,77725,97996,0,0
24,42286,22893,1,0
40,50823,91193,1,0
33,46761,21955,1,0
27,50415,52407,1,1
21,4809,39033,0,0
28,38593,33159,1,0
35,78536,40936,0,0
22,21390,99638,1,0
30,94562,61166,0,0
21,41637,41072,0,0
38,74395,30669,0,0
33,33501,51268,0,0
26,95741,59807,0,0
38,44118,72298,0,0
26,52233,86066,1,1
39,50694,90147,0,0
35,67875,20531,1,0
30,90386,22842,0,0
24,16058,33879,1,0
38,18398,90563,1,0
28,96086,96601,0,0
34,87251,28967,1,0
38,12851,73104,0,0
31,8931,61165,0,0
20,75470,65808,1,1
29,60991,43826,0,0
33,57116,38017,1,0
26,9736,64372,0,0
29,29607,54455,0,0
33,11936,53950,0,0
39,76487,96748,1,0
33,85878,28123,1,0
38,56849,94927,1,0
27,69121,16708,0,0
21,45158,31600,0,0
20,90094,84275,1,1
33,17404,38576,0,0
23,80254,74829,0,0
28,51285,23873,0,0
32,45707,91929,0,0
24,29322,36293,1,0
24,75838,24004,1,0
21,44449,13464,1,0
36,36169,26550,1,0
34,83136,72379,1,0
38,92721,74652,0,0
30,47380,32251,0,0
33,38534,62222,0,0
34,27407,65353,0,0
28,40900,61698,1,0
35,27027,66718,1,0
35,98209,19002,0,0
23,38437,70534,0,0
38,1143,27279,1,0
27,34189,18170,0,0
30,99674,92541,1,0
35,8774,77226,0,0
35,38497,21155,0,0
33,97219,51084,0,0
32,13312,41016,1,0
40,66911,83078,1,0
37,24094,79551,1,0
22,69088,70656,1,1
38,82382,27305,1,0
30,2750,34523,1,0
35,60446,58698,1,0
36,83593,54264,0,0
40,32335,20981,0,0
40,10838,45605,1,0
39,98886,92310,1,0
29,63366,4442,0,0
36,12788,23564,0,0
26,74121,14189,1,0
38,7803,99004,1,0
37,74369,8070,1,0
34,91096,46899,1,0
36,13733,51475,1,0
36,35494,68712,0,0
21,50371,52660,0,0
37,67951,9082,1,0
30,62649,12324,1,0
23,25625,23395,1,0
25,68243,44395,1,1
23,37938,74256,1,0
21,32453,99377,0,0
22,86737,31998,0,0
29,67397,19254,0,0
26,77939,60987,0,0
25,13554,88504,0,0
34,2982,36206,0,0
32,34475,10259,1,0
33,91073,78321,0,0
23,67967,46197,1,1
34,92035,59251,1,0
28,35390,17253,0,0
37,43531,87415,0,0
40,50519,7546,1,0
36,6699,23592,0,0
36,22109,63430,0,0
29,93030,98756,1,1
22,9895,5783,1,0
24,32738,86325,0,0
25,24856,84770,0,0
23,98682,97246,0,0
31,50029,60304,0,0
32,8949,35213,0,0
33,69042,83601,1,0
25,74952,71706,1,1
40,10455,27536,0,0
35,23914,8250,0,0
29,77698,5273,0,0
38,30690,95792,0,0
35,54351,81025,0,0
36,18070,43439,0,0
30,61136,6337,0,0
34,23030,90897,1,0
38,61580,49736,0,0
32,72630,39642,0,0
27,24774,90304,1,0
27,42534,26781,0,0
20,57539,40264,0,0
34,44184,31047,1,0
29,86129,39093,1,0
32,71888,37776,0,0
30,75866,82152,1,0
28,45004,6116,0,0
21,88205,89549,0,0
27,53959,93691,1,1
39,6828,50805,0,0
29,79888,70540,0,0
24,73834,77134,1,1
35,80327,48344,0,0
20,79291,31024,1,0
25,68587,15006,1,0
22,94468,88868,0,0
21,58709,28153,1,0
32,31962,52620,1,0
37,83531,55010,1,0
22,27330,20581,1,0
29,54981,71222,1,1
36,53887,21146,0,0
22,59841,49509,1,1
25,7020,27835,1,0
24,22754,71271,0,0
26,70966,15072,1,0
33,43761,67323,1,0
34,22511,40381,0,0
33,15776,18697,0,0
31,16765,18747,0,0
27,80218,12558,0,0
40,30025,90574,1,0
38,40512,53099,0,0
21,52248,63563,0,0
20,47635,98292,0,0
31,91760,54364,1,0
25,95736,93648,1,1
23,19783,33717,1,0
20,68059,61759,0,0
31,79641,76835,1,0
22,36440,30996,1,0
26,69164,74744,0,0
24,44842,24262,1,0
23,5082,69683,1,0
38,16779,25812,1,0
35,52671,71884,1,0
25,91389,86014,0,0
40,36537,24424,0,0
40,32750,22794,0,0
20,79510,52464,1,1
37,33371,60248,0,0
31,82981,64792,1,0
35,53426,10284,0,0
25,29270,60064,1,0
32,20078,12918,1,0
34,28904,59693,1,0
34,41084,80725,0,0
31,3592,97573,0,0
25,26764,18776,1,0
20,37798,56139,0,0
21,12841,38840,0,0
38,24942,47763,1,0
38,22290,82315,0,0
22,73066,54286,1,1
26,57880,14421,1,0
36,54377,46640,0,0
23,23849,38228,1,0
21,82732,13130,1,0
25,18463,86723,0,0
37,33106,19020,1,0
39,66992,15822,1,0
32,38690,76318,0,0
23,91293,60963,0,0
29,73033,71650,0,0
24,7392,89329,1,0
33,49679,88356,1,0
37,82019,39423,1,0
39,88476,46437,0,0
24,99512,14521,1,0
30,85991,63745,1,0
22,89653,8889,1,0
26,70035,87015,1,1
39,75945,5580,1,0
23,65176,26703,1,0
32,16791,6742,0,0
25,37164,43647,0,0
39,52918,72974,0,0
32,33216,73555,1,0
22,21721,23005,1,0
20,4818,14923,0,0
27,28082,53762,1,0
34,15998,97682,1,0
27,87397,51879,1,1
32,69099,53886,1,0
23,26608,25470,1,0
23,10196,26072,1,0
26,80480,65916,1,1
33,9333,82907,0,0
28,17492,81406,1,0
25,85588,42590,0,0
32,90130,50811,1,0
23,43242,97373,1,0
24,20924,84223,1,0
26,35007,18241,0,0
35,5394,68232,0,0
36,14033,9583,1,0
31,13010,38486,1,0
34,35888,92361,0,0
24,86559,24729,1,0
32,93457,49006,1,0
39,30664,51011,0,0
29,39587,74414,1,0
29,87452,96115,0,0
26,13427,28571,0,0
33,19139,60523,1,0
22,40859,77207,1,0
29,62063,61417,0,0
34,31447,19436,0,0
24,32034,82083,0,0
22,87925,40006,1,1
26,80145,44458,0,0
22,11687,16431,1,0
25,69921,67588,0,0
25,54602,38535,0,0
23,14515,44342,0,0
30,81746,88131,0,0
31,2042,69368,1,0
40,7068,79385,1,0
39,3991,99636,0,0
21,10863,48157,0,0
20,40308,99579,1,0
29,95189,96622,0,0
36,2379,75234,1,0
32,3694,19540,1,0
32,62484,62957,1,0
39,22324,20937,0,0
28,97453,31039,1,0
38,98683,55355,1,0
22,60985,96803,1,1
32,79314,1349,1,0
32,8667,17834,1,0
25,79315,92657,0,0
39,92199,60025,0,0
26,60899,73956,1,1
32,65125,94611,0,0
32,55402,26885,0,0
34,37569,16258,0,0
26,28568,34294,1,0
40,66686,29401,1,0
20,2417,24403,1,0
20,45328,52106,1,0
26,90183,73323,1,1
26,55607,56886,1,1
38,9744,90499,0,0
31,29727,88990,0,0
22,65299,63605,0,0
31,37713,88160,1,0
40,57332,31530,0,0
39,33220,72410,1,0
35,29245,4256,1,0
21,57122,89546,1,1
25,73547,22509,1,0
26,51102,85896,0,0
27,67284,42248,0,0
26,82726,88809,0,0
25,8799,96755,1,0
23,17704,95244,1,0
40,85979,85229,1,0
30,57269,44399,1,0
38,39733,74699,1,0
26,15976,22117,0,0
35,48425,13164,0,0
32,84024,92325,0,0
31,70527,4739,0,0
30,71379,82729,1,0
31,36875,91327,1,0
32,66728,68369,0,0
24,50208,39708,0,0
33,74020,16054,1,0
39,50092,50129,0,0
23,63866,37781,0,0
30,39865,15888,1,0
40,94331,1737,1,0
24,72069,60085,1,1
24,84460,41479,0,0
31,7392,73057,1,0
35,9270,65268,0,0
37,46329,26080,1,0
26,84014,10830,1,0
27,96751,85245,1,1
33,9783,5904,0,0
28,78796,58747,1,1
20,74170,57949,0,0
27,3843,72934,0,0
32,81854,59712,0,0
28,89818,36750,1,0
20,62826,14715,0,0
30,96176,66290,1,0
27,18765,8407,0,0
23,25986,94989,0,0
29,49290,23299,1,0
24,25169,13696,0,0
32,54025,39246,1,0
35,91098,34211,1,0
36,38054,32909,0,0
30,4831,97528,0,0
20,36414,91461,1,0
27,48302,1650,0,0
37,97838,2619,0,0
27,32715,97414,1,0
34,55892,72825,0,0
25,98396,16280,0,0
29,80302,71938,1,1
29,84314,91495,1,1
26,71395,4257,0,0
23,23778,92966,1,0
40,8689,44783,0,0
25,4707,28041,0,0
20,59281,2332,1,0
24,53358,43089,0,0
27,11033,43410,0,0
21,1872,34403,1,0
39,13826,32524,1,0
35,83427,18260,0,0
36,84816,13002,1,0
32,63751,25184,0,0
27,72907,62747,0,0
31,61537,31899,0,0
31,97914,7004,0,0
21,33180,60371,1,0
36,83711,29549,0,0
30,10299,61299,0,0
34,58506,11381,0,0
39,63360,40653,0,0
21,59300,86801,1,1
31,75753,21673,1,0
29,93140,97724,1,1
32,75446,67698,1,0
29,24538,43728,1,0
31,16897,6372,0,0
27,85109,96653,0,0
35,38671,67094,0,0
30,88411,88534,1,0
39,29694,21302,0,0
22,15529,79736,1,0
37,14901,54225,1,0
32,67859,73050,0,0
31,43960,45840,0,0
27,50005,93444,0,0
26,77316,94450,0,0
38,89980,11241,0,0
28,2356,74585,1,0
39,62324,53032,1,0
30,76483,52920,1,0
30,62093,93223,0,0
23,57899,86533,0,0
26,63361,41004,0,0
40,78707,10936,1,0
23,23197,8698,1,0
26,3280,67386,0,0
39,88561,35810,0,0
39,88987,72279,1,0
26,8238,71309,0,0
26,61081,4330,0,0
37,53438,3699,0,0
39,67457,16903,1,0
33,72332,91585,1,0
39,42112,52750,1,0
32,74799,80447,0,0
37,44054,33557,0,0
22,36807,86126,0,0
30,20584,69886,1,0
25,98964,24207,0,0
40,75497,32580,1,0
32,66915,50755,0,0
37,52812,37366,1,0
21,21780,16384,1,0
40,54049,28922,0,0
34,32591,60491,0,0
20,56197,49497,0,0
25,12526,32234,0,0
35,38297,21314,0,0
33,90034,7778,1,0
32,23256,24024,1,0
34,47742,8954,1,0
25,16121,60745,1,0
24,16788,94673,0,0
26,61597,21124,0,0
33,12424,11791,1,0
26,4717,72127,0,0
33,73874,35227,0,0
39,20812,27065,0,0
36,76023,86358,0,0
33,60327,91382,0,0
25,28371,62739,0,0
36,21802,32551,1,0
31,42735,66716,0,0
39,1289,29469,0,0
28,35675,95114,0,0
29,64091,24393,1,0
33,42515,62834,1,0
34,44852,79138,1,0
37,15934,68841,1,0
36,47925,12745,1,0
39,10268,8681,1,0
30,7176,82014,0,0
30,66348,4507,1,0
33,79856,91637,0,0
24,57517,31083,0,0
36,72328,53909,1,0
22,44571,68448,0,0
38,98468,35063,1,0
23,47594,25973,1,0
40,36271,33864,1,0
40,89563,7382,0,0
40,53595,85189,0,0
25,59923,47285,1,1
24,53697,72340,1,1
28,64958,64977,1,1
22,91027,37348,1,0
27,51714,29832,1,0
29,75634,83331,0,0
20,42398,83846,0,0
40,2472,9250,0,0
24,30216,76532,1,0
25,52097,73739,0,0
39,95839,75238,1,0
35,65648,52724,1,0
34,11989,54538,0,0
25,14311,34553,0,0
24,32412,86594,0,0
28,98170,30998,0,0
37,93010,94080,1,0
32,83582,29534,0,0
37,30569,12519,0,0
26,97775,63276,1,1
33,93096,16883,0,0
27,90584,79401,1,1
24,67934,11169,1,0
31,94320,20028,1,0
36,16719,51531,0,0
28,5363,29872,0,0
30,10215,53544,0,0
25,36915,89033,0,0
33,84308,30509,0,0
29,65741,17593,1,0
34,9376,98863,0,0
24,27668,74159,0,0
21,8688,51231,1,0
25,48386,59940,0,0
30,61090,34151,1,0
35,13074,4719,0,0
27,42650,54100,0,0
29,86578,57665,0,0
23,7990,90739,0,0
34,65319,17371,0,0
20,45065,67033,1,0
36,17205,52247,1,0
29,93372,32502,0,0
36,36120,39472,0,0
25,28198,87383,0,0
24,74857,31393,0,0
39,70633,58139,1,0
23,22700,28052,0,0
29,66991,64338,1,1
25,7794,74077,1,0
30,91211,35782,0,0
37,52325,75887,0,0
35,1519,90602,1,0
37,70926,12617,1,0
25,49567,89101,1,0
31,41035,25404,0,0
28,5266,69155,1,0
39,99654,27016,0,0
32,43048,96912,1,0
32,85531,82654,0,0
33,16908,53050,0,0
34,38473,47272,0,0
36,22099,70074,0,0
31,59738,53344,1,0
33,16785,90835,0,0
29,64532,79782,0,0
28,61264,35370,1,0
31,97379,69104,1,0
37,94740,91813,1,0
39,57572,47255,0,0
32,13358,96771,0,0
30,71200,40825,1,0
23,79862,76873,0,0
36,70656,53181,0,0
34,16319,51347,1,0
24,47570,94339,0,0
40,44442,61111,0,0
23,62861,85399,1,1
31,56809,47924,0,0
35,93467,15050,1,0
22,36113,67803,0,0
31,91404,88133,0,0
37,16568,6647,0,0
25,71335,78620,0,0
35,53376,4148,0,0
38,23738,67448,0,0
31,37809,53053,1,0
26,99021,50412,0,0
25,11101,78443,1,0
22,63195,12632,1,0
35,66614,61833,1,0
32,44003,50986,0,0
37,24182,15509,1,0
21,66882,83494,0,0
37,17132,45765,1,0
28,93691,8442,0,0
39,99779,57726,1,0
34,63491,11668,0,0
27,21265,11363,1,0
31,16778,20013,1,0
22,4409,71736,1,0
26,41044,73281,0,0
21,35980,88038,0,0
28,28877,82101,0,0
34,42516,9059,1,0
25,29512,12559,0,0
20,37236,47967,0,0
26,59527,19142,1,0
28,75548,92228,0,0
32,47670,71865,1,0
35,89948,48581,0,0
21,22192,99725,1,0
31,41381,16266,0,0
40,86869,50590,0,0
20,68057,24369,1,0
30,55470,48497,1,0
32,45184,4548,0,0
38,31476,39181,1,0
24,6790,91038,1,0
25,24219,30271,1,0
33,65452,65732,1,0
27,16660,78512,0,0
26,10417,95074,1,0
23,67126,61431,0,0
38,39292,89675,0,0
26,74189,80819,0,0
27,35680,40817,1,0
23,57898,32661,1,0
29,41285,67425,0,0
24,7293,23182,1,0
28,38342,80784,1,0
23,33231,75830,1,0
21,49706,20696,0,0
37,81547,39133,1,0
40,75976,83736,1,0
39,20448,47838,0,0
29,53173,42974,1,1
32,87538,76503,0,0
20,96966,69396,1,1
33,47889,30722,0,0
30,96494,10239,0,0
23,85588,51289,0,0
32,30331,62126,0,0
26,40363,49074,1,0
35,33934,51667,0,0
40,69159,77431,1,0
29,18840,26442,0,0
25,99357,66836,1,1
37,90243,52031,1,0
34,8805,42821,0,0
27,30769,79164,0,0
40,52083,35842,0,0
37,82122,9228,0,0
34,84054,29700,0,0
21,83004,87767,0,0
35,73822,46614,0,0
38,66740,83399,0,0
30,54032,21985,0,0
34,87634,60596,1,0
26,3806,91479,1,0
21,77697,94512,0,0
32,57199,13132,0,0
39,21790,10827,1,0
28,49106,39997,0,0
39,77782,80072,1,0
39,29649,82603,1,0
27,16685,90872,1,0
22,22308,63494,0,0
32,93362,47581,0,0
36,10520,13415,0,0
26,4431,28121,0,0
40,98185,61552,0,0
26,54218,76240,0,0
24,64039,9721,1,0
25,12697,30334,0,0
31,33665,63210,1,0
40,87742,67021,1,0
35,65715,35989,1,0
24,73350,73279,0,0
21,53599,21937,0,0
36,71560,27922,1,0
29,13265,97230,1,0
34,52921,69135,0,0
39,13020,13389,1,0
28,45247,87783,1,0
30,61096,57805,0,0
21,7309,36019,0,0
33,69216,44618,1,0
37,62674,40721,0,0
20,33813,57359,1,0
21,68722,49922,0,0
28,69344,99494,0,0
21,23916,36630,0,0
22,29576,10077,1,0
29,83694,21852,1,0
32,41475,3631,0,0
31,37151,91440,1,0
24,72650,19188,0,0
23,94113,8527,0,0
22,60353,73418,1,1
36,42572,31738,0,0
29,47101,13196,0,0
24,29849,33706,1,0
39,1070,40670,0,0
40,86524,60978,1,0
26,94730,89178,1,1
40,98235,48333,0,0
29,79246,40910,1,1
38,94390,16553,0,0
28,93445,22361,1,0
38,46230,39856,1,0
40,35350,22115,1,0
31,3958,39964,0,0
35,12282,69734,1,0
29,16075,4216,0,0
21,69583,8267,0,0
36,91891,90597,1,0
27,13804,12465,0,0
40,21882,41954,0,0
25,46010,61227,0,0
37,45062,21782,1,0
28,71557,16387,1,0
25,77752,18429,1,0
36,70449,63208,0,0
28,8641,24232,0,0
37,4478,66772,0,0
38,33147,60113,0,0
36,70425,88494,1,0
33,17617,52919,1,0
27,2153,70158,1,0
24,28969,25353,1,0
31,5791,69472,0,0
24,93774,29837,0,0
32,78643,75932,1,0
38,21719,56325,0,0
31,13690,38010,0,0
21,32782,35635,1,0
33,36721,90495,0,0
29,95016,67348,0,0
20,24611,54650,1,0
36,44359,25646,0,0
21,39601,15212,0,0
36,8868,10567,1,0
39,70538,46783,1,0
31,46592,18570,0,0
34,75488,76254,0,0
32,66855,87052,0,0
36,8425,15854,0,0
39,39955,40114,1,0
23,60288,28987,0,0
34,92061,21464,0,0
21,48443,89250,1,0
22,18309,62582,1,0
33,77319,59124,1,0
35,62894,74877,1,0
22,76155,62176,0,0
37,76791,14968,0,0
35,69082,24256,0,0
23,89781,7348,0,0
35,51553,40971,1,0
33,32238,10416,0,0
39,86903,73528,1,0
21,2757,97147,0,0
32,42804,36674,0,0
32,52971,34360,0,0
20,43229,28252,1,0
39,83221,38904,0,0
36,93424,29567,0,0
36,43149,69120,0,0
26,48764,43702,1,0
31,26407,75498,1,0
26,86013,46749,0,0
34,92029,92637,1,0
37,63454,93388,1,0
34,47902,70040,1,0
37,43309,43645,0,0
39,16185,95010,0,0
34,67080,5298,0,0
28,24801,78413,1,0
20,76706,46732,0,0
21,39486,40242,1,0
26,19581,70085,1,0
25,2816,12206,1,0
37,36019,45772,1,0
22,37072,4839,0,0
29,4671,16003,0,0
32,96448,80246,1,0
36,44944,54637,0,0
30,21306,46464,1,0
21,61967,27405,1,0
20,43015,42967,1,0
38,78130,40427,0,0
34,45597,36161,0,0
29,46649,42160,0,0
35,66785,93956,0,0
39,22524,27026,0,0
36,49485,61029,1,0
30,71601,39511,0,0
30,52974,57754,1,0
21,56634,37646,0,0
31,87397,84187,1,0
25,39353,32522,0,0
25,30990,50366,0,0
39,13097,17058,0,0
32,40110,34885,0,0
21,92980,5074,0,0
31,91207,54215,1,0
38,6570,71326,0,0
35,78427,1301,1,0
28,5750,99010,0,0
33,45247,31530,1,0
33,82573,34571,0,0
31,6485,29556,1,0
38,76288,66331,0,0
29,68831,72918,0,0
40,87895,96895,1,0
24,29732,25641,0,0
26,15156,83001,1,0
26,56285,96093,1,1
31,97419,39375,0,0
39,19095,48754,0,0
37,48471,2867,0,0
38,64152,35741,1,0
22,29642,52708,1,0
26,8674,98570,0,0
31,53804,59031,1,0
33,68317,65692,1,0
21,39618,93136,1,0
37,5608,35650,1,0
40,92386,12388,0,0
23,12628,68988,1,0
36,70717,53484,0,0
29,68453,16826,0,0
24,29414,90116,0,0
27,74336,9530,0,0
31,52888,29405,1,0
29,43251,39554,0,0
31,2392,84052,1,0
34,39619,27079,1,0
22,4166,52397,0,0
26,83689,67888,0,0
40,37193,63871,1,0
30,77348,51039,1,0
34,37105,26560,1,0
40,39324,80524,0,0
20,64266,64564,0,0
37,21735,72171,1,0
22,49170,65956,0,0
20,26512,47652,1,0
30,81693,58270,0,0
39,48596,69204,1,0
25,94726,92776,1,1
29,57287,28616,0,0
37,57232,90139,1,0
28,17755,90954,0,0
31,86832,7533,0,0
21,87070,25789,1,0
26,9035,84569,1,0
23,8197,60229,0,0
25,2896,78011,0,0
25,80008,99276,1,1
24,89879,85450,0,0
38,74296,51677,1,0
36,14838,63678,0,0
20,93023,88443,0,0
27,42353,89424,0,0
26,69594,49467,0,0
29,18057,48350,1,0
35,96045,97678,0,0
36,43235,5654,0,0
31,82493,83889,0,0
32,78679,65006,1,0
22,1897,37793,1,0
35,28278,83834,1,0
22,41960,29369,1,0
39,88517,15055,0,0
21,88684,91695,0,0
33,9820,70892,1,0
24,89667,1546,1,0
39,22910,57719,1,0
28,88790,69800,0,0
30,21641,56546,1,0
34,86069,29438,0,0
20,73440,94124,1,1
39,75410,19189,0,0
27,76012,65070,0,0
23,16088,42938,0,0
29,72070,90006,1,1
22,46080,64672,0,0
36,4082,77379,1,0
32,74675,51028,1,0
21,2280,66917,0,0
20,36065,86049,1,0
24,18100,95405,0,0
20,78560,38291,1,0
35,44160,8683,0,0
34,14452,96606,0,0
23,81019,28378,1,0
24,49160,18613,0,0
31,21451,5707,0,0
32,33837,60220,0,0
22,71678,92331,0,0
23,48007,89312,0,0
36,87362,27336,1,0
32,67370,66394,0,0
33,19069,49544,0,0
30,89579,85556,1,0
22,47369,61850,1,0
36,86280,28575,1,0
20,40619,47091,1,0
30,67345,18315,0,0
36,20019,11365,1,0
36,80347,44435,0,0
25,33903,23338,1,0
34,52612,48358,0,0
35,28241,36310,0,0
38,1614,91995,1,0
33,46370,30424,0,0
34,43612,68286,0,0
26,70995,94120,1,1
34,82381,43118,1,0
36,91023,9342,1,0
29,79895,20773,0,0
39,13381,14849,1,0
35,48316,86795,1,0
36,26833,1542,1,0
32,40934,18795,1,0
21,76876,50863,1,1
38,18624,71663,1,0
39,39141,99152,1,0
39,72992,18223,0,0
31,57885,3760,1,0
37,14615,34078,0,0
40,8781,40159,0,0
27,27244,47711,1,0
24,74673,97502,0,0
34,16981,53346,1,0
35,96146,2887,0,0
35,51885,43025,1,0
27,78214,25198,0,0
33,92517,40759,0,0
32,99181,60453,0,0
24,7159,39414,0,0
39,41317,92510,0,0
33,89309,7939,1,0
29,86853,89385,1,1
23,44008,13570,1,0
31,68457,19745,1,0
23,97961,91349,1,1
33,3883,47167,0,0
35,32635,65106,1,0
30,36967,76071,1,0
25,54607,35718,1,0
37,47815,15849,0,0
33,51776,13937,0,0
33,64893,57374,0,0
33,75194,49717,0,0
31,36768,6429,1,0
24,41430,60500,1,0
27,29864,65159,0,0
23,99123,56948,1,1
22,76440,51913,0,0
24,87091,18829,0,0
27,15413,72135,0,0
37,8663,6858,0,0
27,28004,19222,0,0
23,45451,47303,1,0
38,7974,45608,0,0
33,25695,11803,0,0
21,57279,9523,1,0
25,69855,93352,0,0
24,7335,70377,0,0
39,30821,47799,1,0
32,97861,97958,1,0
38,84050,58738,1,0
22,61527,68405,0,0
32,44271,53856,0,0
24,60175,65772,1,1
36,64573,25362,0,0
31,54918,90062,0,0
26,58714,6166,1,0
21,3053,44642,1,0
23,34639,3988,0,0
25,77332,14322,1,0
32,33442,98345,1,0
34,64753,43527,1,0
24,70787,61824,0,0
40,96356,30117,1,0
34,30035,91501,1,0
28,72996,7398,1,0
28,64368,22051,1,0
39,26935,50039,0,0
27,47855,96477,1,0
29,95498,40407,0,0
38,74638,18782,1,0
40,80286,45655,0,0
31,16803,54376,0,0
25,39391,88279,0,0
20,45615,73223,1,0
23,27712,22346,0,0
40,88066,67424,0,0
27,54188,3999,1,0
22,97134,6028,0,0
27,3035,15293,0,0
30,36989,3496,1,0
30,69004,43454,0,0
25,99893,41582,0,0
33,1075,49531,0,0
40,75003,26177,0,0
26,97025,60676,1,1
23,43570,25918,0,0
23,49978,52726,0,0
38,45858,61974,1,0
40,33929,51624,0,0
21,15712,91902,0,0
34,17428,81904,0,0
33,50331,71029,0,0
32,89297,85925,1,0
27,39458,88851,1,0
22,24235,98594,1,0
25,64802,98136,1,1
28,89332,5289,0,0
22,40679,79329,1,0
30,35151,22624,0,0
35,45698,48494,1,0
27,8261,98515,1,0
38,20058,44613,1,0
30,53386,68553,0,0
23,72566,75746,1,1
25,67846,29601,1,0
24,28835,63509,1,0
24,60660,79481,0,0
39,89799,54775,1,0
27,69719,21867,1,0
27,64256,26103,0,0
21,56289,64411,1,1
21,25643,20609,1,0
21,57182,48317,0,0
21,87368,38876,0,0
21,31359,48846,0,0
29,91122,79681,1,1
39,22220,74561,1,0
27,1283,62370,1,0
36,47945,18627,0,0
29,38861,43214,1,0
40,39655,9627,0,0
34,38328,87918,1,0
27,81941,26347,0,0
24,19034,84026,0,0
30,41916,70889,0,0
22,40162,69209,1,0
33,4410,27568,0,0
33,37333,35523,0,0
21,24990,12852,1,0
33,94109,75669,1,0
36,41144,42282,0,0
30,36778,85973,1,0
25,43527,3307,0,0
20,47652,51382,0,0
23,80849,67511,1,1
21,48475,79716,1,0
20,65720,33013,1,0
20,1134,93987,1,0
34,18393,41156,0,0
23,87217,86802,1,1
21,32163,89107,1,0
36,36334,92406,0,0
38,78581,8442,0,0
25,37653,16171,1,0
32,82995,55805,1,0
32,57629,19374,1,0
34,85276,18787,1,0
28,65442,91228,1,1
38,24232,11935,0,0
28,66224,53273,0,0
30,73847,19313,0,0
33,87522,11558,0,0
28,61555,71948,1,1
24,35209,79190,0,0
21,45750,65173,1,0
34,60281,18633,0,0
28,15059,4756,0,0
36,45628,45092,1,0
30,68052,69870,0,0
22,89244,46086,1,1
32,67751,28393,0,0
37,18927,21542,1,0
23,43923,66699,1,0
33,20664,66979,0,0
34,42109,99482,1,0
25,34708,56475,0,0
21,85217,64350,0,0
27,13642,94128,0,0
26,65760,88905,1,1
35,40134,84223,1,0
22,66683,46316,0,0
31,98413,83705,0,0
29,28600,79477,0,0
34,19089,89157,0,0
23,24200,28455,0,0
33,68144,33232,1,0
31,74225,4818,0,0
38,2861,89625,0,0
37,27748,15216,0,0
32,99958,22148,1,0
35,31358,28694,0,0
20,94517,60348,1,1
26,28907,51020,1,0
32,98674,2520,0,0
23,71150,32958,1,0
29,80002,72694,0,0
31,98519,60105,0,0
23,8200,28117,0,0
28,40588,40398,1,0
26,72115,44832,0,0
40,77779,8251,0,0
32,3620,54306,0,0
26,73365,31248,1,0
33,98812,48836,1,0
36,96689,15262,0,0
37,50112,70972,0,0
21,82071,53385,0,0
34,17014,67736,1,0
33,15912,89413,1,0
37,71732,58986,1,0
25,45916,33818,1,0
40,36167,23435,0,0
30,57710,17719,0,0
28,30792,54641,0,0
23,30505,86248,0,0
30,96180,20484,1,0
30,91323,19234,0,0
27,60981,79723,1,1
40,77108,86849,1,0
30,19666,29198,1,0
39,11602,99668,0,0
28,44999,98690,0,0
39,87887,25583,0,0
35,78233,10021,1,0
21,93038,24928,0,0
30,65946,63272,0,0
20,72894,88691,1,1
37,30047,65254,1,0
39,30474,16174,0,0
37,44537,10947,0,0
35,29196,41560,1,0
29,51848,72540,1,1
33,89893,42932,0,0
38,7753,29552,0,0
21,79154,51065,1,1
39,9553,68192,0,0
36,58532,97542,0,0
23,4227,39509,1,0
34,36937,68009,0,0
38,57780,94400,0,0
21,45410,12709,0,0
38,85588,71641,0,0
26,31101,25912,0,0
21,42980,77195,1,0
39,89483,98667,0,0
30,92024,31016,0,0
38,45314,24647,1,0
37,26177,96507,0,0
30,78525,34565,1,0
32,49348,33739,0,0
29,78310,63469,1,1
24,10276,68817,0,0
27,6221,86200,0,0
31,59450,78125,1,0
25,31410,59461,0,0
26,62762,98806,0,0
24,92132,55851,0,0
29,59030,70772,0,0
35,47298,4451,1,0
30,26325,29156,1,0
31,15656,61832,0,0
30,79053,16996,1,0
26,41461,48640,0,0
38,63947,5664,1,0
33,88454,74578,0,0
31,32803,37608,1,0
38,76893,63958,1,0
26,69345,88431,0,0
40,49535,5399,0,0
22,90009,63845,0,0
29,64173,2080,0,0
39,22320,91839,1,0
23,34727,68282,1,0
38,52324,63908,1,0
33,33527,95690,1,0
37,4480,46088,0,0
34,76245,97692,0,0
23,26427,9373,1,0
25,46587,78575,1,0
21,43403,59263,0,0
25,17550,60048,0,0
21,59165,95783,0,0
39,30657,28965,1,0
23,24298,78148,0,0
29,44013,27187,1,0
25,26168,82838,0,0
30,59872,75819,0,0
22,40800,22881,0,0
24,7931,55060,1,0
36,66874,53665,1,0
23,58594,95714,0,0
35,98763,49713,0,0
30,36770,86621,1,0
35,8077,48332,1,0
20,53284,13164,1,0
36,80260,81294,0,0
26,65891,4903,1,0
20,57817,15371,0,0
22,76295,44708,0,0
37,95875,21339,0,0
39,2375,8188,1,0
24,99372,47655,0,0
32,22767,31211,0,0
38,60924,42095,1,0
26,31491,9457,0,0
20,97688,87123,1,1
37,20640,37316,0,0
21,32653,98900,0,0
38,72313,30891,1,0
31,53704,67971,1,0
24,27179,22663,0,0
24,14208,30128,1,0
39,7991,71410,1,0
23,52173,43644,0,0
37,60292,37504,1,0
38,44969,18633,0,0
20,42967,95044,0,0
23,75980,43022,0,0
21,45270,72607,0,0
26,23877,76020,0,0
23,31527,48255,1,0
32,40420,44561,0,0
28,20519,14282,1,0
21,94612,77960,1,1
24,77308,25250,1,0
40,13195,81884,0,0
30,89411,87145,1,0
36,52165,52108,0,0
40,29730,81414,0,0
32,82684,22272,1,0
29,55243,73726,1,1
40,15160,18100,0,0
22,99112,12605,1,0
40,56133,13466,1,0
35,81156,51637,0,0
39,11087,5949,0,0
25,49786,86797,0,0
26,97227,69908,1,1
39,77156,19970,0,0
30,7633,58396,0,0
36,52551,14537,0,0
23,90611,69693,0,0
40,60665,37688,0,0
37,24968,80109,0,0
37,2759,55858,1,0
24,65785,55151,1,1
38,35610,90163,0,0
37,91097,18363,1,0
24,22148,20624,1,0
40,3775,5676,0,0
21,93765,33281,0,0
25,27420,28451,1,0
36,54881,97253,0,0
20,22380,32768,1,0
28,34508,81550,0,0
37,64583,62237,0,0
33,33999,37760,0,0
39,82998,30697,1,0
23,6612,62256,1,0
29,32220,6067,0,0
32,41096,67890,1,0
24,76803,18256,1,0
33,75809,99085,1,0
26,77748,59071,1,1
29,17817,90975,1,0
27,11702,32139,0,0
22,79209,12181,0,0
23,6634,1040,0,0
32,33517,59767,0,0
35,37606,14807,1,0
34,18420,99585,1,0
38,12404,69884,1,0
39,45936,82137,1,0
31,22159,54251,1,0
37,85108,71462,1,0
37,71054,85389,0,0
38,87654,42463,1,0
23,84263,32795,1,0
29,23031,62221,0,0
37,63279,18475,0,0
20,65487,87369,1,1
36,4335,13027,0,0
27,2620,15497,1,0
39,79372,29624,1,0
26,16253,77593,0,0
32,79261,54653,1,0
38,29924,28764,1,0
38,71302,95891,1,0
32,94824,44894,0,0
21,54074,97330,1,1
31,67306,22657,1,0
40,74603,57334,1,0
21,68857,11511,0,0
34,55197,71693,1,0
38,82585,45709,1,0
32,10967,61824,1,0
37,60446,53013,0,0
39,56435,86914,1,0
33,71287,79703,1,0
39,37494,38984,1,0
23,43699,80370,0,0
35,18641,26019,0,0
35,44074,13699,1,0
33,11227,46484,1,0
20,43754,29298,1,0
38,44351,15682,1,0
28,48823,46964,1,0
32,45319,49422,0,0
31,19323,67577,1,0
31,5922,10754,0,0
36,13347,16873,1,0
20,80350,68249,1,1
30,41316,43717,0,0
38,14524,60650,0,0
37,76645,16253,1,0
22,94532,25133,1,0
32,55676,32807,0,0
27,98432,2247,1,0
24,91792,82762,0,0
39,35036,74628,0,0
32,68209,21394,1,0
31,59392,81051,0,0
20,10440,20605,0,0
38,95385,64718,0,0
26,48140,85078,0,0
39,8965,30877,0,0
24,62508,89894,0,0
32,23718,19801,1,0
39,55434,2181,0,0
28,98798,98969,0,0
30,91156,58011,1,0
35,9148,27824,1,0
37,90489,77918,0,0
20,9333,47831,0,0
38,85415,53632,0,0
34,19595,67357,1,0
27,38140,74760,0,0
23,35005,20946,1,0
23,32638,22826,0,0
27,83365,58233,0,0
26,64210,41597,0,0
27,95422,94922,1,1
36,1179,86405,1,0
32,93919,81842,0,0
40,61702,95044,1,0
20,42827,70448,0,0
23,32511,60629,1,0
31,1076,32270,0,0
33,1517,4089,1,0
20,96452,88890,0,0
26,32974,27512,1,0
25,55970,60255,0,0
36,3882,10805,0,0
23,90932,19611,1,0
25,9962,39758,1,0
40,26455,14830,1,0
24,61827,95210,0,0
20,32034,36298,0,0
30,60736,60441,0,0
23,20843,23732,0,0
20,66690,53658,1,1
35,80026,72507,1,0
33,5944,74681,0,0
40,47795,66260,1,0
34,75936,91357,1,0
35,49004,86718,0,0
23,33843,39251,1,0
33,80373,49497,1,0
23,68109,19537,0,0
22,85871,6734,1,0
38,62705,84108,0,0
37,73761,8241,1,0
29,15795,61114,1,0
21,41513,68209,0,0
31,98596,81941,1,0
22,19798,80220,0,0
26,13932,96031,1,0
31,88692,58573,0,0
23,79561,48565,1,1
40,78487,73538,0,0
30,26928,26245,0,0
25,77825,64403,0,0
34,44156,81011,1,0
38,92945,9420,1,0
39,92887,22322,0,0
23,88955,6076,0,0
36,36375,73981,1,0
29,37969,37811,0,0
25,29908,27811,1,0
26,11556,89102,0,0
26,25129,69697,0,0
39,36223,88175,0,0
30,87898,45526,1,0
31,67783,84265,0,0
30,79939,96214,0,0
20,69516,85084,0,0
36,69380,62994,0,0
36,46911,92922,1,0
24,71931,58405,0,0
29,21874,95304,1,0
38,49888,62918,0,0
27,29310,18332,1,0
24,52338,13906,0,0
21,83327,89541,1,1
38,73495,38499,1,0
20,47881,92226,0,0
40,68976,51043,1,0
28,75683,20507,0,0
39,62323,22353,1,0
24,42562,22242,0,0
32,46122,42386,1,0
33,66543,2943,1,0
40,43042,89432,1,0
21,32812,58257,1,0
40,59197,40518,1,0
30,8242,19616,0,0
38,58250,8384,1,0
30,60839,28010,0,0
23,96712,81637,0,0
21,97847,52696,0,0
40,59884,40880,0,0
39,97999,3046,1,0
25,97399,14955,0,0
27,97435,48411,0,0
23,42400,26466,1,0
27,38074,87492,1,0
29,74308,72784,1,1
37,68542,72130,0,0
28,37852,62610,0,0
34,97877,68095,0,0
34,46655,9696,1,0
24,4238,41073,1,0
34,83072,94397,1,0
32,96202,36721,1,0
38,95771,15361,1,0
29,45169,69109,0,0
35,7870,8587,1,0
20,11676,78042,1,0
25,57307,40338,0,0
31,93917,13638,0,0
30,96061,54901,1,0
23,38120,94658,1,0
29,10336,4777,0,0
38,57123,72988,1,0
26,72778,26582,1,0
36,63012,48497,0,0
23,49176,10012,1,0
38,89819,49127,1,0
22,59363,7736,1,0
35,36665,96998,0,0
34,16543,2413,0,0
24,3380,61811,0,0
37,71481,7704,0,0
32,69411,46656,1,0
24,84039,59769,0,0
30,12767,77375,1,0
25,85385,45104,1,1
35,89679,16913,1,0
35,1507,60755,0,0
20,69595,41368,1,1
38,40370,72612,0,0
20,99942,24463,0,0
22,70168,42435,0,0
24,25231,82298,1,0
27,62541,57154,1,1
23,75579,5153,0,0
31,5978,85001,1,0
32,34776,18746,0,0
27,53610,63243,0,0
35,64354,67017,1,0
33,71663,78554,0,0
31,45519,34820,0,0
30,47843,91106,0,0
21,69217,51071,1,1
40,87576,55553,0,0
39,69997,5360,1,0
21,6221,93250,1,0
29,29607,98058,0,0
25,11672,46435,1,0
24,28117,96999,1,0
24,88510,19236,0,0
26,74993,72520,0,0
25,69979,70212,1,1
25,54840,26524,1,0
37,81145,84272,0,0
34,99452,20368,0,0
29,78014,75300,1,1
37,6614,19717,1,0
38,33615,40452,0,0
35,47467,48829,1,0
32,65627,13454,0,0
24,85146,13626,1,0
33,64265,21039,0,0
37,70004,72026,1,0
27,83783,22307,1,0
20,60736,7670,0,0
26,98229,66786,1,1
31,29661,81710,0,0
32,25058,88339,0,0
21,83683,13826,0,0
38,59086,94793,1,0
36,26747,80808,1,0
40,84579,47142,1,0
28,73960,95098,1,1
39,4044,37956,1,0
34,76857,73295,0,0
28,71660,94690,1,1
27,69519,89349,0,0
33,22315,97490,1,0
37,32440,52981,0,0
29,43962,76862,0,0
28,39775,12817,0,0
27,57685,33013,1,0
31,48251,26619,0,0
30,6568,73364,1,0
28,6129,6218,1,0
24,18375,48677,0,0
36,21614,30537,0,0
23,85402,81074,0,0
28,96600,93140,1,1
33,1702,27627,1,0
36,91076,89911,0,0
32,9208,4009,1,0
40,5379,77981,0,0
35,20189,53624,0,0
36,75713,87316,1,0
34,31250,28287,0,0
40,37494,22731,1,0
39,65857,7284,0,0
39,71762,96417,1,0
35,34513,77783,1,0
24,30079,44795,1,0
32,10089,48218,1,0
30,56168,72097,1,0
26,39528,86710,1,0
30,80550,22589,0,0
38,62200,4103,1,0
35,61280,36703,0,0
33,91217,66732,1,0
27,71357,89571,0,0
33,8527,86936,0,0
39,74008,87206,1,0
37,61367,44848,1,0
30,4188,35835,0,0
25,37717,36749,0,0
32,96339,13221,1,0
29,26848,65225,0,0
32,50455,78045,0,0
34,3965,66668,0,0
31,90920,18959,0,0
31,38021,38188,0,0
39,9969,53359,1,0
33,68508,61096,1,0
34,84141,90560,0,0
23,33520,74618,1,0
30,68950,93565,1,0
40,7461,54196,0,0
20,75223,53521,1,1
23,95991,11060,1,0
34,82326,97447,0,0
40,94415,84203,0,0
37,27323,15851,0,0
22,43501,77943,1,0
30,43840,90191,0,0
31,39636,20906,1,0
39,28368,87998,0,0
30,42787,36642,0,0
34,40786,33075,1,0
34,49436,73182,0,0
24,41671,89758,0,0
35,13943,55102,1,0
29,17141,12598,1,0
28,9800,87015,1,0
21,24798,25059,0,0
27,41615,10343,1,0
21,48978,47034,0,0
26,94889,43474,0,0
23,56727,96506,1,1
32,13636,45049,0,0
37,23252,11378,1,0
39,25596,80619,1,0
39,72574,31068,1,0
22,38594,10519,0,0
39,65276,36490,0,0
35,1212,80824,1,0
32,65246,54104,1,0
32,18625,7039,0,0
27,99449,84767,0,0
28,9732,51664,0,0
25,46539,48312,1,0
23,91082,29202,1,0
27,41485,48500,0,0
39,47399,82774,1,0
37,10274,41242,0,0
39,2222,24844,0,0
20,53067,13483,1,0
40,50235,65906,1,0
38,73034,49109,1,0
22,96427,1723,0,0
34,79285,39383,0,0
37,51527,69262,0,0
23,80852,42921,0,0
26,90057,62604,0,0
37,1567,28987,1,0
30,99419,67168,0,0
20,6287,88970,0,0
30,13983,76580,1,0
36,18090,47641,1,0
21,20702,84309,0,0
31,56628,92589,1,0
35,56833,18612,1,0
26,65859,76697,1,1
39,40612,6473,1,0
20,89584,13466,1,0
24,47423,12938,1,0
23,74603,32007,0,0
29,5617,85171,0,0
28,36058,37996,1,0
23,91188,99433,0,0
31,26226,30956,0,0
32,90429,29981,0,0
34,10420,12515,1,0
20,95960,47616,0,0
26,28702,55613,1,0
20,51507,60523,0,0
30,22707,66393,0,0
36,84373,29103,0,0
31,18951,73100,1,0
20,65745,98975,1,1
32,57143,22818,1,0
40,71483,78219,1,0
40,46547,45042,1,0
30,42990,53150,1,0
40,44374,70791,1,0
27,81337,26039,1,0
32,4634,93097,1,0
40,71930,8199,1,0
28,12634,9505,1,0
31,77906,94023,1,0
27,32647,29821,0,0
22,71678,76594,0,0
20,61413,8348,1,0
38,65358,43201,0,0
32,27723,44858,1,0
38,28944,20978,1,0
37,19971,79859,0,0
26,29834,14655,0,0
40,72293,96605,1,0
27,43032,17557,0,0
24,92744,49352,0,0
37,35579,39046,1,0
20,43197,86229,1,0
29,15550,25385,0,0
39,32565,94717,1,0
27,61116,59441,1,1
39,46378,37342,0,0
31,17911,45999,1,0
39,41929,8722,1,0
24,23560,84548,1,0
25,25719,82241,0,0
29,50608,68458,1,1
27,90801,41955,0,0
40,37220,54728,1,0
40,62719,98160,0,0
27,47576,65479,0,0
38,71599,36497,1,0
32,81346,23626,0,0
36,60093,84080,1,0
20,99527,95422,1,1
22,13828,66305,0,0
21,84935,46025,1,1
26,37132,28104,1,0
39,44605,92403,1,0
38,23406,5057,0,0
36,16131,60653,1,0
38,59288,30803,1,0
31,96569,25844,0,0
35,62423,3131,0,0
29,9976,65197,1,0
29,29630,59264,0,0
23,52155,3445,1,0
29,90581,37713,1,0
29,84213,39441,0,0
29,86982,74973,1,1
33,17978,55947,1,0
40,30946,40276,1,0
39,75197,95284,1,0
38,91434,48869,1,0
28,47838,41464,0,0
34,91406,56995,0,0
22,10759,39174,1,0
22,93672,47740,1,1
30,28839,8358,0,0
28,72389,74920,0,0
29,27846,32592,1,0
29,8402,43317,0,0
37,5555,64219,0,0
36,39308,20772,0,0
24,60107,19643,0,0
21,32474,68211,0,0
25,70340,81375,1,1
35,24665,97557,1,0
34,49642,98768,0,0
29,88315,93610,0,0
33,31051,15248,0,0
31,71589,97362,1,0
33,7303,15779,0,0
29,59540,66662,0,0
24,75060,77382,0,0
34,60703,34564,0,0
26,23931,22768,0,0
23,22970,35821,0,0
24,5466,61047,1,0
20,87852,10204,1,0
35,45890,83427,0,0
22,97917,55057,1,1
22,77974,2855,0,0
39,14774,24613,0,0
31,32414,19737,0,0
23,30847,17585,0,0
38,33079,20918,1,0
28,38293,69312,1,0
39,70723,65989,0,0
30,32690,91917,0,0
34,10981,71844,1,0
37,73614,70329,0,0
35,51605,73052,0,0
20,59327,39291,1,0
21,79385,65593,1,1
32,61363,43697,1,0
37,59950,46203,1,0
21,46977,47273,1,0
36,90086,31021,0,0
24,15436,2843,1,0
38,98451,66463,1,0
31,15488,42407,1,0
27,47606,12715,1,0
28,36339,38376,1,0
40,28399,3296,1,0
35,81631,33382,0,0
20,75160,24964,1,0
32,38833,87535,0,0
34,84733,64318,0,0
33,32014,52579,1,0
38,14187,16566,1,0
24,94042,24979,0,0
31,21747,42553,0,0
37,31709,24662,0,0
30,52137,31022,1,0
23,87785,38078,1,0
25,67197,6429,1,0
24,10622,84492,1,0
30,7705,32692,1,0
27,80118,35417,1,0
24,14240,3064,1,0
30,53934,36644,0,0
36,94914,1979,1,0
35,21390,24865,1,0
36,78488,35037,0,0
26,99659,35584,1,0
22,2863,2773,1,0
23,48149,30884,1,0
20,86733,53467,0,0
21,30551,13756,0,0
23,96330,18090,0,0
23,76896,93191,0,0
28,30050,67502,0,0
40,64986,19216,0,0
40,95586,17837,1,0
24,40485,29023,1,0
31,14258,36450,0,0
23,2820,24299,1,0
29,62104,99102,1,1
40,95814,9824,1,0
30,63992,51640,0,0
22,55694,29168,1,0
32,25733,57449,0,0
21,63497,57210,1,1
34,90596,14260,0,0
23,5931,97369,0,0
38,92063,10402,1,0
33,32556,36148,0,0
24,68410,72786,0,0
36,51664,74674,1,0
27,89470,36097,0,0
24,2602,32001,0,0
33,88138,96692,0,0
24,40684,36778,1,0
27,72648,23270,0,0
20,22323,34411,1,0
35,84018,22408,1,0
40,70733,52265,1,0
32,27302,35482,1,0
40,91043,85373,1,0
32,45524,67946,0,0
35,28061,61503,0,0
34,5025,90910,0,0
33,47427,94609,0,0
21,47521,27006,0,0
37,49152,52146,0,0
29,61836,27685,1,0
24,48987,41930,0,0
20,51427,29370,0,0
38,17137,64807,1,0
26,58827,2959,0,0
28,87508,57550,1,1
22,82462,33152,1,0
29,94001,15302,1,0
39,2964,2807,1,0
20,66032,36313,1,0
35,72072,72703,1,0
28,59562,38270,1,0
20,8709,70011,0,0
38,99841,57572,0,0
24,54568,59246,1,1
30,58018,76812,0,0
26,8054,70333,1,0
28,10032,85530,0,0
28,45349,89367,0,0
20,31588,7519,0,0
22,89293,42710,1,1
29,80269,9921,1,0
27,85575,82847,1,1
39,24703,18089,0,0
36,1184,53380,0,0
34,23076,22188,1,0
33,99745,91383,1,0
22,43136,44030,1,0
40,15841,8356,0,0
20,74735,32737,1,0
23,83898,65746,1,1
35,4896,72925,0,0
30,71802,57352,1,0
26,40855,76145,0,0
25,32533,24624,1,0
37,25483,68041,0,0
39,62137,38667,1,0
28,67322,80574,1,1
26,4821,13671,1,0
36,13032,6942,1,0
29,97895,74267,0,0
31,26175,41485,1,0
35,75095,27479,1,0
40,15498,48358,0,0
40,90018,31557,1,0
25,1841,8287,1,0
22,4242,94478,1,0
30,73603,96721,1,0
38,28658,8850,1,0
22,49091,76378,0,0
25,19914,3530,0,0
32,69727,43479,0,0
27,4111,51864,0,0
26,23853,86804,0,0
23,50384,68107,0,0
39,11630,48601,0,0
29,93386,54529,0,0
26,94409,40486,0,0
37,67699,66080,1,0
34,90506,7922,0,0
36,43004,38446,1,0
30,42078,2366,1,0
40,62615,42503,0,0
28,41868,67644,1,0
31,39759,3109,1,0
21,91945,97073,0,0
21,44274,46173,1,0
31,52606,68648,0,0
35,44878,69450,0,0
25,39944,90287,1,0
24,36537,35375,1,0
36,54753,2835,1,0
31,47181,38845,0,0
22,51659,55985,0,0
40,85485,5752,0,0
23,94735,58239,0,0
29,40789,84950,0,0
39,79959,32110,0,0
36,29478,97503,1,0
21,18626,70930,0,0
29,78368,38163,1,0
20,66700,15317,0,0
35,11553,83835,1,0
32,8645,96578,1,0
32,38056,5311,1,0
24,35347,46685,1,0
27,41617,84943,0,0
30,45605,99580,0,0
33,9003,48409,1,0
40,33223,37865,0,0
27,73282,93546,0,0
32,76001,25989,0,0
20,43797,20744,0,0
31,30054,71420,0,0
40,25881,26672,0,0
36,83508,92521,0,0
34,35913,96145,1,0
35,73461,89617,1,0
31,10219,72976,0,0
20,20816,59945,0,0
32,79172,61847,1,0
26,70042,70722,1,1
30,26687,63985,1,0
30,47477,69871,0,0
34,69841,86228,0,0
38,75159,24560,0,0
21,3461,24817,0,0
20,69418,35036,0,0
34,54694,56407,0,0
29,96351,9062,1,0
27,33668,70943,1,0
27,8327,38096,0,0
36,75049,80358,1,0
36,35127,31847,1,0
25,12942,62944,1,0
25,6990,11516,0,0
24,31819,43429,1,0
32,22211,74385,1,0
24,82479,88191,0,0
23,25269,31084,1,0
40,13611,65081,0,0
35,13704,53251,0,0
21,97492,26168,1,0
36,17917,58268,1,0
36,64536,58457,0,0
23,29860,77930,1,0
40,85465,13082,1,0
24,6957,30567,0,0
28,71482,79633,0,0
39,24040,69012,0,0
22,41445,87682,0,0
20,94180,85846,1,1
21,31371,95509,1,0
40,87627,71085,1,0
34,61097,2934,0,0
22,76240,93364,0,0
33,91542,17782,0,0
27,89064,72287,0,0
39,37689,49292,1,0
39,32738,28593,0,0
25,33452,2616,0,0
39,4736,92502,1,0
36,88415,36705,1,0
29,39297,76857,0,0
36,52925,87259,0,0
25,91544,81850,1,1
40,54129,49027,1,0
35,46232,19995,0,0
37,4422,36985,1,0
35,18098,37640,1,0
38,20926,13124,1,0
25,72288,1742,0,0
34,5228,20459,1,0
22,34406,19510,0,0
36,58982,5026,1,0
26,78894,5029,0,0
34,74163,70420,1,0
21,20354,9524,0,0
31,60328,61864,1,0
40,37378,86735,0,0
32,24892,70225,1,0
30,71729,76998,1,0
38,15315,94321,0,0
29,98810,52478,0,0
25,84288,17440,0,0
34,75765,19703,1,0
28,65830,59239,0,0
37,14625,76500,0,0
25,82582,95477,0,0
28,47743,47237,0,0
31,7129,86702,0,0
35,53556,9568,0,0
20,15539,42365,1,0
27,92632,54703,1,1
32,23177,12975,0,0
40,93596,81820,0,0
36,15524,21944,0,0
22,98468,68378,1,1
27,69235,75636,1,1
33,96269,33151,1,0
40,90939,51567,1,0
37,75873,53187,0,0
39,97901,87586,0,0
32,66824,81582,0,0
21,35321,75562,1,0
25,23821,83629,1,0
31,2551,29883,0,0
28,61198,97389,0,0
28,12147,84888,1,0
34,96836,18240,1,0
20,51773,76978,1,1
36,82450,80231,0,0
28,33449,97395,0,0
34,30461,39408,0,0
20,75297,48693,1,1
39,94378,9417,0,0
36,70385,75534,1,0
25,42766,64222,1,0
36,5852,1339,0,0
30,48576,74253,1,0
24,39331,23789,1,0
21,1661,18400,0,0
37,21506,86705,1,0
27,6871,1319,0,0
29,80809,52114,1,1
30,7271,44433,1,0
26,88109,64535,1,1
33,74342,53160,0,0
35,24865,15489,1,0
21,4849,60928,0,0
34,10527,86685,1,0
28,5686,47756,1,0
40,99081,47444,0,0
35,50137,93675,1,0
40,80424,95425,1,0
37,38669,5778,0,0
30,33344,87818,0,0
25,60614,40735,0,0
26,48157,63774,0,0
40,73379,67942,1,0
29,67741,46989,0,0
37,74016,46474,1,0
34,41296,29616,0,0
23,32403,4174,1,0
35,76223,17805,0,0
40,58112,90591,0,0
22,29134,84258,0,0
28,10409,54837,0,0
29,76068,8179,1,0
25,23749,3552,1,0
40,3907,51959,1,0
36,92573,98673,0,0
40,3314,47727,1,0
28,13734,49864,1,0
20,17269,1121,0,0
28,45578,48175,0,0
40,62001,51292,1,0
20,15225,59556,0,0
22,21865,85701,0,0
28,4074,13852,1,0
25,17112,97243,0,0
31,7907,15408,1,0
34,75171,94491,1,0
37,39211,96726,1,0
29,22013,21106,0,0
23,78326,77089,1,1
29,40890,61071,1,0
21,71273,75485,0,0
31,60310,86874,1,0
39,71708,79397,0,0
26,66538,10915,1,0
39,43371,65254,1,0
35,30289,12090,1,0
27,49445,38397,1,0
35,68131,47041,1,0
35,11882,2997,0,0
26,42463,21095,0,0
32,14952,26001,0,0
37,2601,86171,1,0
40,48566,83993,1,0
21,86885,88980,1,1
25,28306,52862,1,0
30,5014,63906,0,0
21,28699,12001,1,0
28,36498,59314,1,0
34,7442,86041,0,0
28,28056,66187,1,0
35,68075,92027,1,0
23,37754,5285,1,0
32,56330,39261,1,0
38,13673,9467,0,0
27,73094,42633,1,1
39,12550,26347,0,0
28,52647,7723,0,0
23,25035,80383,1,0
26,31058,86018,0,0
23,73681,66245,1,1
34,2442,50491,1,0
35,62684,86400,0,0
32,67491,94482,1,0
40,97202,17284,0,0
38,85315,23185,0,0
31,95049,98281,1,0
40,34267,89131,0,0
29,32942,75180,0,0
25,90857,83133,1,1
21,65050,11330,1,0
36,28770,47612,1,0
25,87969,97005,0,0
32,69381,37695,1,0
22,80216,80615,1,1
39,12260,9625,1,0
40,54056,89835,0,0
23,14972,1426,1,0
36,68152,70481,0,0
31,57817,65614,0,0
33,56615,92454,0,0
23,73608,32490,0,0
20,90658,35838,1,0
38,22486,94150,1,0
23,13304,91535,0,0
39,35883,81805,1,0
25,43840,30492,1,0
34,97837,39028,0,0
30,62189,52522,0,0
39,92638,66660,1,0
29,43183,79446,1,0
22,93832,32957,0,0
20,36981,79830,1,0
39,51483,73554,0,0
39,98013,70075,1,0
22,68388,43963,1,1
32,89895,37801,0,0
23,7693,65538,1,0
26,92869,92479,0,0
21,93845,86118,1,1
40,16776,52883,1,0
27,80062,8197,1,0
38,17570,26439,1,0
33,40452,62595,1,0
25,57060,81071,1,1
35,81849,79628,0,0
21,21689,42155,1,0
34,96331,2827,1,0
27,25385,97720,1,0
28,68601,53486,1,1
29,63437,86123,0,0
39,72257,74546,1,0
34,28664,91220,0,0
24,15610,21145,0,0
35,24014,72231,0,0
25,78506,26259,1,0
23,86339,64930,1,1
24,63829,64375,0,0
22,88027,80081,1,1
38,25978,47237,0,0
38,12659,57102,0,0
34,58009,99956,1,0
30,43597,32250,1,0
38,21261,94135,1,0
30,44485,67371,1,0
21,90115,37885,1,0
36,89991,94305,1,0
30,38699,56025,0,0
22,82953,59280,1,1
39,57214,83459,1,0
39,21861,98394,1,0
40,14319,76276,1,0
39,58426,79606,1,0
39,91002,5426,1,0
34,42639,3736,1,0
23,56676,23520,0,0
40,96095,99209,1,0
39,26156,62850,0,0
38,62357,5239,1,0
32,91889,92710,1,0
36,76854,96272,1,0
25,55953,58099,1,1
29,94931,32477,0,0
32,89079,47936,0,0
32,64608,9301,1,0
38,37081,52379,1,0
35,69726,70490,1,0
21,74252,71069,0,0
25,74268,42493,0,0
40,97391,97392,0,0
32,18818,67752,0,0
23,61273,53439,1,1
26,79621,13008,1,0
39,60236,95361,1,0
38,85582,77822,1,0
38,32764,72606,1,0
21,66431,24527,0,0
36,72517,78291,0,0
36,38967,19274,0,0
39,11687,36815,0,0
22,5233,8966,0,0
24,84942,10196,1,0
39,22971,95039,0,0
24,8736,37387,0,0
38,75653,74934,0,0
24,10122,12806,1,0
29,97351,64498,0,0
28,32482,90450,0,0
37,18904,23889,0,0
21,43201,75279,0,0
22,73426,81650,1,1
27,4094,20629,1,0
31,79575,37593,1,0
24,20078,90384,0,0
29,2137,40263,0,0
32,39446,4951,0,0
21,67647,3206,1,0
24,35446,75507,1,0
27,27910,97577,0,0
31,87530,16031,0,0
28,91871,22923,0,0
21,52902,47820,0,0
37,6988,29972,0,0
34,58908,60614,0,0
25,4677,66614,1,0
22,69121,62209,1,1
21,34608,57792,1,0
29,53459,8457,0,0
35,99054,61992,1,0
25,78300,34136,1,0
38,41403,24257,1,0
40,83288,81866,1,0
32,90158,26722,1,0
27,21599,85339,0,0
22,65897,26165,0,0
21,38580,1508,1,0
36,33882,73284,0,0
31,16850,84953,1,0
28,41206,64568,1,0
20,98922,42306,0,0
30,19743,89070,1,0
37,77214,36370,1,0
27,62316,12316,1,0
28,74591,27052,1,0
25,49923,86285,1,0
40,81248,20649,1,0
33,43000,57310,0,0
27,25239,93218,0,0
32,29057,99360,0,0
31,4223,63697,1,0
23,52459,2719,0,0
25,6761,38541,1,0
26,23198,64193,1,0
36,40242,57106,1,0
30,25599,7691,1,0
25,75558,23869,1,0
38,10304,60936,0,0
25,92965,64458,1,1
25,50326,83960,1,1
37,36020,80230,1,0
34,22437,77300,1,0
25,99390,61441,0,0
34,32829,42815,1,0
29,75044,89557,0,0
25,30919,11897,1,0
28,49567,18857,0,0
28,44281,76097,0,0
22,33784,76964,0,0
29,39555,91123,0,0
35,2976,40115,1,0
28,44195,56977,0,0
20,39046,45948,1,0
31,24384,9856,0,0
37,83457,72012,1,0
35,65499,19155,1,0
20,40438,89859,1,0
21,45069,65910,1,0
37,23862,62611,0,0
24,8086,62241,1,0
29,81287,41128,0,0
20,59117,11829,1,0
32,43919,50539,0,0
27,18579,1682,0,0
21,87138,34311,1,0
28,39618,70087,1,0
28,32144,2680,0,0
29,66152,47966,1,1
32,34933,42742,0,0
33,74138,68860,0,0
31,61324,53666,1,0
31,1689,9803,0,0
40,7628,70805,0,0
27,13451,87042,0,0
30,52282,25103,0,0
37,17215,70439,1,0
34,26718,10302,1,0
22,32935,48628,0,0
31,71698,60886,0,0
32,89255,14300,1,0
22,11711,28772,0,0
23,93593,40953,0,0
30,12909,59858,0,0
34,64908,79990,1,0
32,31349,22549,0,0
35,15471,19411,1,0
30,39074,77360,0,0
35,9298,79267,0,0
31,8767,33815,0,0
32,86441,35294,1,0
28,65705,50436,0,0
30,73750,70034,0,0
25,35602,44358,0,0
33,42098,99635,1,0
36,93539,62820,0,0
29,50175,15426,1,0
28,57754,10534,1,0
40,17994,45450,0,0
35,8219,93539,0,0
26,60964,21181,1,0
23,66975,52593,0,0
32,64199,54923,1,0
30,14143,57567,0,0
38,28071,44229,1,0
36,71234,36239,1,0
24,34206,37354,1,0
29,6578,41945,1,0
32,42509,5513,1,0
22,7522,29112,1,0
24,66625,17488,0,0
36,17232,65548,0,0
20,31738,70014,0,0
27,70117,12931,1,0
20,70729,32412,0,0
35,74576,46185,1,0
20,42519,12103,1,0
22,3487,95195,0,0
35,55327,26880,0,0
37,23588,99410,1,0
38,91078,72236,1,0
31,30304,60705,0,0
27,11226,11794,0,0
35,54167,90209,1,0
30,10666,84369,0,0
30,95958,87049,0,0
21,13298,97730,1,0
37,76306,31145,0,0
24,58710,80583,1,1
21,68134,46214,0,0
22,80085,86376,1,1
28,63939,60886,1,1
24,84958,26238,1,0
34,31655,49247,1,0
34,45463,24007,1,0
26,64299,77081,1,1
35,86356,35376,0,0
34,16182,89318,0,0
31,97315,27004,0,0
24,78655,46903,1,1
33,56113,42489,1,0
21,68603,98161,0,0
31,40348,72990,1,0
40,83984,10886,0,0
30,61517,26083,0,0
36,96776,1541,0,0
21,72190,52319,1,1
32,68236,82741,0,0
30,90968,95351,0,0
23,54383,2659,1,0
32,74811,10630,0,0
21,28372,52882,0,0
38,98994,71608,0,0
35,44690,19121,0,0
36,65753,13054,0,0
22,23319,62145,1,0
30,32631,77150,1,0
28,1531,19645,0,0
33,70989,67408,1,0
39,88737,42358,1,0
26,27039,31436,0,0
35,20478,90940,1,0
40,24220,83790,1,0
26,3538,82669,0,0
36,56995,32363,1,0
38,96371,53050,0,0
38,63489,68369,1,0
40,26120,39110,1,0
36,10735,28292,1,0
25,16006,1741,0,0
26,15524,65601,0,0
37,40056,5783,0,0
35,50532,32553,0,0
29,67558,92536,1,1
37,61649,27096,1,0
23,86103,73978,0,0
34,76311,47744,0,0
38,14274,66593,0,0
37,9245,22439,1,0
24,36033,86039,0,0
31,46521,16383,1,0
31,56368,45706,0,0
39,75901,82496,0,0
26,46002,69311,1,0
32,88874,63507,1,0
25,76949,96249,1,1
26,81429,70920,1,1
39,67950,25192,1,0
27,5765,67901,0,0
21,27948,88440,1,0
35,6735,57389,0,0
27,16905,90112,1,0
23,47193,31610,0,0
33,60763,68046,0,0
22,93769,17547,0,0
27,25485,4946,0,0
38,81747,57129,0,0
35,23882,40659,0,0
25,93023,22898,0,0
20,71688,50662,0,0
38,88371,37513,0,0
31,89174,21458,0,0
20,36562,82563,0,0
36,79142,32927,1,0
40,91329,10406,0,0
32,9524,43758,1,0
35,66782,43923,0,0
36,1940,12250,1,0
38,68574,99468,0,0
26,47639,47849,0,0
31,10107,12149,0,0
38,1230,82498,1,0
33,3193,80591,1,0
28,38589,95686,0,0
27,2315,74946,0,0
30,65537,55894,0,0
34,68507,32775,0,0
30,57308,17088,0,0
38,32196,15519,0,0
34,76132,30048,0,0
37,49526,10527,1,0
29,10016,1963,1,0
28,95911,30729,1,0
38,89878,90939,1,0
29,29291,19764,1,0
32,61345,95886,0,0
33,29346,61540,0,0
36,65316,31952,1,0
24,48587,28047,0,0
38,28857,42086,0,0
21,83452,24174,0,0
35,33412,5940,0,0
21,4416,52359,0,0
40,33924,99485,0,0
39,67964,99858,1,0
26,18805,6577,1,0
29,90927,70947,0,0
30,14332,84638,0,0
22,82050,35924,0,0
29,87625,62867,1,1
34,41743,70013,0,0
39,15243,68881,0,0
38,2147,70335,0,0
22,24704,60717,0,0
37,52912,81233,1,0
27,15534,46109,0,0
39,50539,28396,0,0
29,86828,68362,0,0
26,70372,36462,1,0
38,85128,85256,1,0
38,80859,64072,1,0
21,80805,30593,0,0
35,56236,69172,1,0
35,64967,71658,0,0
39,11568,67238,0,0
24,98651,54431,1,1
34,42480,20898,1,0
33,38184,59926,0,0
35,34247,70445,0,0
29,93955,85117,1,1
28,20579,28194,0,0
29,71884,70050,0,0
27,58713,23704,0,0
32,50944,36759,1,0
23,68113,33111,1,0
32,88382,27970,1,0
28,35385,1227,1,0
29,21233,79971,1,0
24,5543,85419,1,0
30,46321,72957,1,0
38,69315,16220,1,0
28,6117,23896,1,0
39,69289,65604,1,0
33,21318,62934,0,0
39,17922,99269,1,0
32,65567,91997,1,0
23,74839,14876,1,0
27,93793,42407,1,1
22,88668,67984,0,0
29,50103,64796,0,0
29,13423,32285,1,0
27,11708,29466,0,0
26,73639,17085,0,0
28,49997,70456,0,0
29,87990,38599,0,0
30,44100,99741,0,0
40,15330,33644,0,0
27,77428,61428,1,1
38,9790,30655,1,0
20,16804,43823,1,0
23,12901,82785,1,0
25,92328,86715,1,1
29,38317,57668,0,0
25,98750,73148,0,0
27,49346,83949,0,0
28,64851,54769,1,1
33,1214,37186,1,0
36,63173,38859,0,0
38,14205,68569,1,0
25,29959,39742,1,0
23,66165,34053,1,0
23,76615,88722,1,1
27,86236,79886,0,0
22,68019,59358,0,0
38,85571,43194,1,0
34,36045,98746,0,0
30,78083,29044,1,0
37,81522,90000,0,0
22,39316,98739,1,0
29,96839,52019,0,0
36,95542,78514,1,0
21,44157,76955,1,0
36,74947,26348,0,0
32,18957,44394,1,0
29,51096,74081,0,0
37,49559,24524,1,0
21,4339,6906,0,0
23,10957,97861,1,0
34,85520,36229,0,0
36,43391,99145,0,0
29,92340,38193,1,0
36,6853,18242,0,0
31,1803,18999,0,0
24,35224,12771,1,0
25,65566,87001,1,1
26,16351,13378,0,0
29,84942,3754,0,0
34,8006,1558,1,0
21,49463,51536,1,0
30,75750,4022,0,0
22,53906,55315,1,1
39,74273,96099,0,0
32,4572,95039,1,0
30,98249,54273,0,0
26,96769,28915,0,0
31,82383,45003,0,0
33,19228,85547,1,0
21,87601,77547,0,0
33,46337,40687,1,0
27,46452,10451,1,0
33,24007,4412,1,0
29,68038,86132,1,1
20,60763,67561,1,1
24,71121,73656,1,1
32,20975,66750,1,0
34,88331,29735,0,0
21,13990,26578,0,0
27,89240,84776,0,0
39,86998,46513,0,0
40,1359,69319,0,0
25,63555,22635,1,0
29,33871,39376,1,0
40,55782,90977,0,0
34,69860,23410,1,0
25,13655,34103,0,0
22,26693,77522,1,0
22,25258,88952,0,0
23,70687,63638,1,1
40,47319,35056,0,0
35,67836,68991,0,0
38,42051,14615,1,0
36,16974,22314,0,0
27,92856,44605,0,0
38,74916,46392,1,0
38,60419,77789,0,0
32,56433,27436,0,0
30,25074,60529,0,0
40,88944,34311,1,0
37,12281,5091,1,0
25,91306,99008,1,1
26,35564,92037,1,0
20,33863,46713,1,0
26,44276,81388,1,0
31,73302,6427,0,0
31,36176,46063,0,0
39,13607,30017,0,0
23,22460,46366,0,0
26,15329,32900,0,0
25,64744,50758,0,0
36,78326,95801,1,0
38,20236,24290,1,0
31,4263,6956,0,0
33,69888,53170,0,0
38,23023,48688,0,0
28,56578,18354,0,0
40,59751,79740,0,0
31,31570,51020,0,0
27,23614,28794,1,0
29,97019,1960,1,0
33,61835,42549,0,0
40,26103,65517,0,0
33,18123,55483,0,0
24,82041,59377,0,0
22,91302,53631,0,0
38,1522,71221,1,0
28,23688,8878,0,0
40,41271,98718,0,0
39,11243,13282,1,0
32,91909,73275,1,0
33,67329,62083,1,0
29,82231,75237,1,1
28,1250,49084,0,0
38,86372,52668,0,0
25,44410,11640,1,0
37,39410,21908,1,0
33,62025,93148,1,0
35,32312,2348,0,0
20,8013,58797,1,0
39,77668,80247,1,0
37,9222,86497,1,0
35,74235,67975,1,0
25,9840,88117,1,0
24,37242,65524,1,0
34,16568,65576,1,0
32,33909,44434,0,0
22,57128,10099,1,0
25,29265,10175,1,0
20,62998,65741,0,0
27,5924,7270,0,0
24,33558,41804,0,0
40,60972,28680,1,0
20,48400,55015,0,0
25,2476,79436,0,0
21,86265,50529,1,1
28,78372,39711,0,0
33,82955,53112,1,0
23,67120,55012,1,1
20,80991,35851,1,0
31,69175,31676,1,0
40,6389,57019,1,0
35,87345,68477,0,0
32,1338,57971,1,0
24,7046,1391,1,0
31,19981,21793,1,0
33,20656,65611,0,0
36,52270,12917,0,0
39,34695,60451,0,0
31,93677,44727,1,0
21,65167,8058,1,0
31,80200,83150,1,0
24,36032,44601,1,0
35,52857,22000,0,0
40,20617,71026,1,0
35,36407,5405,1,0
34,67289,58490,0,0
37,76601,35329,0,0
26,27018,24100,1,0
29,7549,1207,1,0
23,93248,73267,0,0
23,90027,85377,0,0
31,92241,61428,0,0
26,1438,42046,0,0
37,55874,7858,1,0
20,9463,29881,0,0
20,85362,10259,0,0
26,4831,93488,1,0
40,20114,6222,0,0
36,90339,86915,0,0
20,2187,84594,1,0
28,29022,34274,1,0
38,79828,64556,0,0
26,31975,83724,0,0
27,31304,57178,0,0
31,65899,39022,0,0
27,22492,21695,1,0
26,83193,46418,1,1
39,29013,75316,1,0
21,18396,78179,1,0
28,53728,1985,1,0
22,65061,82888,1,1
24,79801,59932,1,1
39,57695,63755,0,0
29,32736,89097,1,0
28,64975,51589,0,0
34,6123,21605,1,0
37,80039,10807,0,0
29,44530,26351,0,0
24,10876,1919,0,0
38,85410,89171,0,0
39,76387,44371,0,0
35,90081,52923,0,0
26,7843,41673,1,0
33,47970,31770,0,0
33,67995,82598,1,0
21,54663,74534,1,1
22,22045,94171,1,0
37,86398,82635,0,0
22,43588,11444,0,0
32,34141,44710,0,0
33,24452,50535,1,0
35,59918,66229,1,0
26,28796,62803,0,0
37,11284,72213,1,0
28,95135,31936,1,0
40,17449,35072,0,0
36,96689,66555,0,0
24,12201,34810,0,0
31,26313,5022,0,0
36,59730,53029,0,0
34,61984,5743,1,0
40,8686,15502,0,0
28,50332,91383,1,1
35,63515,30574,1,0
31,34344,88893,0,0
38,6891,78254,1,0
33,80777,3300,0,0
35,31828,99445,0,0
38,33557,79903,0,0
36,18240,5811,0,0
39,72526,33012,1,0
27,73841,40177,1,1
31,36140,30661,0,0
39,37289,8658,0,0
40,67078,4539,0,0
35,12286,76828,0,0
28,70851,40689,1,1
40,5186,28513,1,0
33,14277,71162,1,0
37,24628,90414,1,0
36,11024,20825,1,0
20,76385,46945,1,1
33,76150,13939,0,0
40,99600,26030,0,0
34,88800,83071,0,0
20,12516,43023,1,0
29,29123,76435,0,0
21,20087,20576,0,0
37,67312,88553,1,0
23,77523,88311,0,0
39,89081,64049,0,0
38,99280,87610,1,0
37,72196,40467,0,0
31,76486,98784,1,0
20,15880,19013,1,0
34,67323,88301,1,0
34,32215,46464,1,0
40,51929,24027,1,0
31,59383,38816,0,0
20,98330,64462,1,1
30,65542,85492,0,0
36,73559,19816,1,0
40,91173,41194,1,0
25,8479,97076,1,0
34,56686,38207,0,0
40,12211,66633,0,0
28,55231,74204,0,0
37,55716,17782,0,0
34,26912,36556,1,0
32,27066,56036,1,0
23,65218,93928,1,1
24,10088,77377,1,0
25,40505,39350,1,0
21,5094,34090,1,0
30,45924,73564,0,0
22,7286,38811,1,0
39,22443,69639,1,0
37,89750,71792,0,0
29,7147,86689,1,0
28,17408,44978,0,0
28,9372,93240,0,0
35,12458,47130,0,0
21,59979,68929,0,0
30,47725,45622,1,0
35,60598,64500,1,0
32,37265,26539,1,0
34,23306,96406,0,0
28,50725,31768,0,0
32,34792,47732,1,0
20,96445,13262,1,0
25,99829,93173,0,0
31,63155,98259,0,0
29,8007,88006,0,0
36,87222,62383,0,0
28,5604,80127,1,0
31,80797,68797,0,0
29,35463,87737,1,0
26,2304,66490,1,0
39,10722,42299,1,0
24,66488,35561,1,0
30,20246,39781,0,0
24,10829,20471,1,0
27,66599,27265,0,0
40,4746,31629,0,0
35,98996,50192,1,0
21,65528,23663,0,0
33,2050,13803,1,0
35,95843,76978,0,0
38,91531,47163,1,0
20,8290,4065,0,0
31,59546,7073,0,0
36,53711,45037,1,0
24,53748,4742,0,0
24,69890,33329,0,0
39,50508,56389,0,0
40,95393,21557,1,0
28,29441,50617,1,0
24,41763,42833,0,0
24,53838,77279,1,1
25,51812,84915,0,0
22,60721,2982,0,0
32,40121,46375,1,0
40,51473,51221,0,0
36,93769,5173,1,0
36,24016,51252,0,0
30,25807,19934,0,0
23,48604,65172,0,0
39,51940,68070,1,0
27,84807,47232,0,0
38,94197,52783,1,0
30,62555,4844,1,0
38,22203,69232,0,0
35,61948,32465,1,0
39,48051,21234,1,0
29,46856,90111,1,0
30,48103,70653,1,0
31,6119,79134,0,0
33,99578,93560,1,0
20,80222,19670,0,0
34,82111,14573,0,0
39,12689,76846,1,0
24,6483,65816,1,0
35,10096,92217,1,0
24,15724,56673,1,0
31,81509,49381,0,0
38,64753,85313,0,0
31,17456,14488,0,0
26,28200,97346,1,0
34,65706,51452,1,0
30,93416,42652,1,0
26,5911,27274,1,0
35,85520,65233,0,0
35,99751,67117,1,0
24,35032,72536,0,0
26,76420,19780,1,0
29,87614,77452,0,0
29,43459,84926,1,0
20,38387,90291,1,0
23,43438,91112,0,0
30,15365,32436,0,0
39,10737,29493,1,0
22,61106,8515,1,0
39,14188,40210,0,0
33,43486,34141,1,0
34,18713,86241,1,0
31,43768,55985,1,0
33,50033,58640,0,0
30,98866,65984,0,0
40,4172,96771,1,0
28,97852,62901,0,0
30,32509,90489,1,0
27,46605,97647,1,0
29,83695,55144,1,1
39,26277,20219,0,0
38,72331,8621,0,0
36,11411,27789,0,0
24,98628,34453,1,0
23,99815,81530,1,1
25,26469,51005,0,0
38,47682,74192,0,0
33,50489,15291,1,0
26,99178,5861,1,0
40,78386,46373,0,0
25,10706,63631,1,0
25,36963,97604,1,0
25,84091,17001,1,0
33,10261,54995,0,0
39,93408,57276,0,0
28,92395,83080,1,1
21,80403,48449,1,1
21,13473,17154,0,0
23,55715,36841,0,0
27,11764,5608,0,0
27,95640,72001,1,1
24,50777,3022,0,0
38,43649,27281,0,0
31,41011,26019,1,0
22,16033,16624,0,0
34,69338,68183,0,0
26,68118,51847,0,0
28,12770,8830,0,0
36,58548,48910,0,0
21,91657,13309,0,0
23,17372,99133,0,0
38,37251,47309,0,0
25,55671,38495,0,0
36,30124,2002,0,0
32,48141,61388,0,0
22,14777,10049,1,0
21,6148,15278,1,0
38,77084,2970,1,0
38,14360,34988,0,0
31,60740,38567,1,0
36,80147,63162,0,0
22,93969,78072,0,0
30,96948,37790,1,0
30,6241,58403,0,0
20,25810,2134,0,0
29,28454,59876,1,0
30,14886,65693,0,0
34,39661,60889,1,0
31,43780,4002,1,0
29,68527,90240,0,0
38,66141,89044,1,0
24,91578,10561,0,0
37,52847,56449,1,0
40,46204,61027,0,0
39,22843,59060,1,0
20,55585,8038,0,0
36,66245,81768,0,0
31,70310,63359,0,0
32,94356,97675,0,0
23,5603,61229,0,0
22,58703,50712,0,0
28,82163,38151,1,0
33,65428,41519,1,0
24,25406,78976,0,0
23,64959,21776,1,0
40,47243,22098,0,0
32,27093,77939,0,0
25,59280,43918,1,1
34,47759,81882,0,0
20,54476,16264,1,0
27,35960,79029,1,0
25,49615,38637,1,0
31,26654,44549,1,0
34,75288,56389,1,0
40,57320,76228,1,0
25,23038,52230,1,0
39,66543,50003,0,0
30,2397,63716,0,0
39,65053,29601,1,0
33,59341,81821,1,0
20,10813,19051,1,0
23,33145,2681,1,0
35,23529,38091,0,0
36,86103,27985,0,0
30,68771,68924,1,0
34,66173,63553,1,0
25,61446,19862,1,0
39,86062,83387,0,0
29,15366,77309,1,0
37,4770,53331,1,0
26,33065,55877,1,0
25,87358,38761,1,0
21,48327,76928,0,0
30,67367,22296,0,0
26,56413,77684,0,0
22,98366,89833,0,0
28,41610,96034,1,0
22,47297,15387,0,0
29,81823,80281,0,0
34,95878,35065,1,0
21,97832,69749,0,0
37,36852,67661,0,0
34,34585,26305,0,0
39,13746,50958,1,0
25,53987,14959,1,0
36,52441,85502,0,0
34,3492,84269,0,0
37,32898,98049,0,0
27,7481,31899,1,0
21,32041,66187,1,0
39,83488,37042,0,0
22,88872,90280,1,1
40,30738,43161,0,0
35,55179,6473,1,0
26,54566,6135,0,0
20,53595,3062,0,0
34,73821,80117,1,0
21,75734,63467,1,1
21,15890,73901,1,0
31,93874,11937,1,0
31,86703,65518,1,0
37,80097,43400,0,0
23,87959,79922,0,0
23,74369,31370,0,0
33,89535,65122,1,0
29,52141,88946,1,1
39,76474,85743,1,0
20,49948,9782,0,0
38,34670,56444,0,0
39,88011,54940,0,0
27,44794,80264,1,0
27,57675,83594,1,1
39,11021,82969,0,0
33,60262,46086,1,0
24,88144,63026,0,0
40,64639,56433,1,0
29,59018,34251,0,0
37,62336,18760,0,0
37,91128,5723,1,0
37,15354,14317,1,0
28,58576,19318,1,0
25,64248,1187,1,0
21,62523,12420,0,0
33,88525,69653,1,0
31,33492,20484,0,0
22,95955,79442,0,0
34,74003,98212,1,0
27,36388,96280,1,0
32,14042,16283,0,0
24,79372,81200,1,1
26,48594,45378,0,0
37,16571,20313,0,0
35,1376,56762,0,0
27,69529,93333,0,0
29,92654,46758,0,0
21,42040,16785,1,0
36,21945,3609,1,0
23,89867,12971,1,0
32,2090,54055,0,0
23,35308,58532,1,0
22,69927,45750,1,1
37,12409,44251,0,0
23,56155,85034,1,1
36,23937,58700,1,0
34,98643,71712,1,0
21,42425,7980,1,0
27,69849,17790,0,0
27,48831,2749,1,0
40,74526,95015,1,0
33,79644,82951,0,0
29,30974,61291,1,0
20,93114,19009,1,0
24,67945,90018,1,1
38,89815,62327,1,0
25,51820,20640,1,0
20,23081,72424,1,0
31,7823,59056,0,0
35,39279,50840,0,0
38,86816,22065,1,0
31,70812,78455,1,0
22,18368,25920,1,0
37,9132,45346,0,0
29,28372,39142,0,0
25,21286,51096,1,0
24,71108,47579,0,0
34,71347,89941,1,0
35,76769,3346,1,0
40,42480,43453,1,0
28,16026,73347,0,0
24,52607,82323,1,1
21,41996,46633,0,0
27,68084,63242,1,1
25,32684,29912,0,0
29,99563,50593,1,1
33,21778,16374,1,0
26,64697,24905,1,0
40,14881,6962,1,0
25,22514,39069,1,0
38,23679,50627,0,0
31,48022,91026,0,0
33,19754,63286,0,0
35,85368,12865,1,0
37,10170,86784,0,0
35,56960,98317,0,0
32,19773,10977,0,0
34,71293,77216,1,0
24,19345,26780,0,0
39,66778,40431,0,0
24,49893,91098,0,0
36,39452,77725,0,0
29,56932,71212,1,1
25,77043,2914,0,0
40,30779,8868,0,0
37,76669,33216,0,0
36,60138,94240,0,0
39,33387,26058,1,0
25,7394,53335,1,0
28,8238,99967,0,0
35,80561,85065,1,0
24,39624,54044,1,0
40,12160,95094,1,0
22,92011,64549,1,1
23,25998,95265,1,0
32,33624,4203,0,0
22,86747,82497,0,0
29,40655,12633,1,0
40,59496,17070,0,0
20,67365,90399,1,1
37,22850,91270,0,0
20,19726,35628,1,0
22,43277,1422,1,0
36,71187,7199,0,0
40,41976,76670,0,0
21,30558,72723,0,0
31,7710,78072,0,0
40,74599,74141,1,0
38,16870,60446,0,0
34,38618,56601,0,0
29,45456,99021,0,0
28,9266,88385,1,0
40,21170,31140,0,0
38,63234,32010,1,0
25,21944,52740,0,0
38,52710,12742,1,0
26,21912,62663,1,0
33,10091,40748,0,0
24,63214,39228,0,0
40,81779,75328,0,0
28,52731,98450,0,0
25,94850,68109,1,1
34,60062,55026,1,0
40,32596,38115,1,0
31,27542,85007,1,0
21,70873,23356,1,0
35,5822,53334,1,0
24,71099,23486,1,0
38,99392,58726,1,0
36,7261,55553,1,0
31,31067,64270,0,0
38,13420,69117,1,0
20,3493,28806,0,0
37,97968,46076,1,0
30,78238,9426,1,0
28,60129,73525,0,0
39,65726,27182,1,0
20,53536,78584,1,1
40,40513,81487,0,0
37,58480,90988,0,0
39,96987,71914,0,0
31,64672,90323,1,0
23,50564,22956,1,0
40,7351,17817,0,0
33,86354,1553,0,0
20,64954,98807,1,1
35,37631,64737,0,0
26,20835,73651,0,0
40,88616,83904,0,0
37,8670,91416,0,0
39,21277,37920,1,0
30,26658,15112,1,0
35,66994,69296,1,0
20,81675,78624,1,1
33,75437,45461,1,0
34,28294,94399,1,0
37,82849,42070,1,0
26,32166,86181,1,0
20,39434,8436,1,0
30,42502,73010,0,0
22,92159,18059,0,0
23,97170,93340,0,0
21,59431,14331,1,0
21,89460,18031,0,0
40,8165,24400,1,0
35,16083,35544,0,0
32,60705,25585,1,0
28,81946,80017,0,0
21,11703,31254,0,0
20,30776,92614,1,0
35,11873,4680,1,0
24,40420,26589,0,0
26,20561,17663,0,0
31,52065,61411,0,0
27,8825,51278,1,0
35,19658,85426,1,0
34,90120,57583,1,0
31,59326,4071,1,0
38,19481,69645,0,0
39,55546,66710,1,0
23,55688,87714,0,0
39,65215,25494,0,0
38,76908,86885,0,0
23,28385,24319,1,0
26,41681,3298,1,0
21,11668,16303,1,0
40,27353,95434,1,0
23,51881,65184,0,0
32,2620,20162,1,0
25,6267,13544,1,0
36,10103,99221,1,0
31,8605,55084,0,0
27,89799,13059,0,0
28,87214,49038,0,0
27,71255,51112,1,1
22,53063,29516,1,0
29,79873,19045,0,0
27,77906,32493,0,0
21,72538,40296,0,0
28,15623,16191,0,0
35,26873,28232,1,0
29,23388,70295,1,0
40,18183,89915,0,0
36,15426,51344,0,0
35,29438,61280,0,0
21,31289,90320,1,0
20,56023,43349,1,1
35,18566,71094,1,0
33,2774,6662,1,0
34,56420,11015,0,0
36,45290,86257,1,0
28,83970,84639,0,0
38,74769,25030,0,0
34,65178,47782,1,0
38,73938,92487,0,0
28,28206,81955,1,0
38,51084,61954,0,0
33,26893,12368,1,0
30,68532,19585,0,0
24,18612,3803,1,0
27,3379,59633,1,0
30,36146,97402,0,0
21,51265,49091,0,0
39,36441,98774,1,0
40,78051,5864,1,0
34,64242,30731,1,0
30,78984,17485,0,0
38,46030,27575,1,0
40,27051,12880,1,0
24,95232,95118,0,0
34,43763,86592,0,0
30,71742,13143,0,0
38,29687,49023,1,0
20,72277,30567,0,0
25,14591,90279,1,0
35,97418,21537,0,0
21,55560,79572,0,0
26,87215,33184,0,0
28,91310,78877,0,0
37,33695,92929,0,0
32,48630,10834,1,0
36,10128,36975,1,0
26,37408,79707,1,0
31,21316,56285,1,0
28,7441,95082,0,0
23,77134,88977,0,0
27,94049,1659,0,0
33,94793,67460,0,0
30,70176,85614,0,0
33,6231,23547,1,0
34,12667,43335,1,0
20,1117,59060,1,0
37,53715,45046,1,0
26,44493,17953,1,0
26,14342,29873,1,0
21,94148,11817,0,0
27,88677,79632,1,1
29,84826,99462,0,0
32,85608,47425,1,0
21,61051,93355,1,1
26,87939,20992,1,0
40,43161,98236,0,0
40,97647,83439,1,0
27,42473,86271,0,0
39,46630,31392,1,0
23,24611,77441,0,0
33,22269,99948,1,0
33,22030,45373,0,0
37,2384,77249,0,0
36,50206,27918,1,0
38,12215,68678,1,0
22,89211,42640,1,1
27,65459,17982,0,0
33,1264,71347,1,0
30,49390,73138,1,0
34,5019,89790,0,0
27,48407,97074,1,0
25,28270,81364,1,0
35,9655,79586,1,0
22,73692,99478,1,1
28,91603,74601,1,1
32,37978,97071,1,0
24,6816,91589,0,0
34,63301,36693,0,0
34,88815,23775,1,0
28,36406,13134,0,0
23,38861,52236,0,0
39,41362,69859,0,0
33,3658,93857,1,0
36,49912,69279,0,0
37,38502,98760,0,0
40,64533,86675,1,0
23,22789,51554,1,0
37,68277,13448,0,0
28,74789,39740,0,0
28,26050,7950,1,0
26,52422,36833,0,0
25,95801,16813,1,0
30,21587,5633,1,0
31,42651,2850,1,0
36,94578,65110,1,0
39,4207,8404,1,0
21,7026,35884,1,0
21,35560,32408,0,0
22,10033,45129,0,0
35,25139,35191,0,0
22,87510,73860,1,1
27,96364,35871,1,0
25,63667,39364,1,0
27,55495,44847,1,1
26,84252,39316,0,0
21,20602,61749,1,0
31,85352,10304,0,0
20,48536,62269,1,0
34,37670,74238,1,0
38,65199,79817,1,0
30,38197,75116,0,0
34,27864,95534,1,0
22,13518,96382,0,0
31,14597,14798,1,0
20,23383,37290,1,0
36,92131,43720,0,0
34,37874,70991,1,0
36,70849,21353,0,0
23,22574,92324,0,0
22,48379,23260,0,0
27,15967,70521,0,0
31,22606,29440,1,0
29,4447,65497,1,0
33,2070,36480,0,0
34,69076,71919,0,0
20,78886,53149,1,1
29,86837,86892,1,1
23,93190,29960,0,0
40,60486,20342,0,0
28,92160,43383,0,0
35,1735,35434,0,0
29,6027,29432,1,0
23,15899,91207,0,0
30,21712,72345,0,0
39,90699,70391,1,0
23,87046,98302,0,0
20,69539,12836,1,0
30,29295,17872,1,0
24,23570,14100,1,0
40,51377,92990,0,0
39,31901,95577,1,0
37,69244,31129,1,0
28,92146,38000,1,0
24,69306,52377,0,0
21,71363,47660,1,1
25,64997,47238,1,1
32,15389,52465,1,0
34,76558,96334,1,0
23,37063,88742,1,0
33,39047,54658,0,0
26,14313,18567,1,0
34,96551,81801,1,0
38,35043,52351,1,0
36,30574,49579,1,0
40,29087,86802,0,0
24,77307,72344,0,0
32,51720,33045,1,0
37,88746,31483,0,0
20,66691,76904,0,0
34,28679,15583,1,0
29,67254,3584,0,0
27,66365,90563,0,0
24,29881,57831,1,0
33,75088,9089,1,0
25,92335,15904,0,0
34,62307,90622,0,0
40,20299,79435,1,0
31,19278,79636,0,0
20,17239,96277,0,0
34,95683,28678,1,0
23,47764,17854,0,0
31,83559,9699,1,0
33,18248,79784,1,0
21,85663,99762,0,0
38,5930,73944,1,0
21,74706,81310,0,0
26,65140,46156,0,0
36,49641,82393,0,0
40,53312,39525,1,0
32,66617,70773,1,0
21,57373,80739,0,0
33,21328,5930,0,0
35,23340,44797,1,0
28,25109,50520,1,0
39,6645,86644,1,0
25,51664,60740,0,0
37,80570,18731,1,0
33,66553,20034,1,0
25,68936,46792,1,1
37,44028,91870,0,0
35,63472,67161,1,0
25,34898,92734,1,0
25,39858,65761,0,0
27,42307,49989,0,0
26,75640,77883,0,0
35,43137,10673,1,0
35,37905,61713,0,0
39,92401,37815,0,0
39,92299,63393,1,0
21,81826,64598,1,1
21,49846,84350,0,0
30,83606,4435,1,0
37,46237,25544,0,0
24,40486,46201,0,0
36,95491,90043,1,0
29,44425,19856,1,0
22,89595,11069,0,0
37,77742,62522,1,0
25,97846,29515,0,0
29,37579,76586,1,0
37,79575,16473,1,0
38,19318,6198,0,0
26,23293,27630,1,0
20,69700,67157,0,0
22,9853,47986,0,0
37,68800,56856,0,0
24,96052,16482,1,0
28,17194,63988,1,0
23,13820,60430,1,0
22,47794,1941,1,0
23,75054,87076,1,1
34,21075,95496,1,0
23,83762,48073,1,1
26,56860,43848,0,0
25,10969,2349,1,0
20,74818,29579,1,0
35,26259,66892,1,0
39,91987,71369,0,0
20,43498,73479,1,0
35,51928,97804,1,0
34,29911,39589,0,0
21,9550,23470,0,0
39,27000,94794,0,0
27,53189,91923,1,1
24,21648,93347,0,0
21,82748,92355,1,1
40,31126,51281,1,0
26,18001,10013,1,0
37,55823,30305,1,0
26,18795,85596,1,0
32,89692,58615,0,0
37,37104,27964,0,0
29,66052,47406,1,1
31,83701,40706,1,0
36,29782,41130,1,0
26,93504,66276,1,1
37,71792,62358,0,0
26,81295,23295,1,0
40,92439,99204,1,0
36,9655,98957,1,0
29,35954,6229,0,0
23,71264,92865,1,1
39,89855,34904,0,0
36,76178,44058,0,0
24,15823,94562,1,0
39,85461,65606,0,0
35,73154,26703,0,0
37,50228,75621,1,0
30,62929,25992,1,0
20,80658,61240,0,0
26,21397,38959,1,0
37,2396,43134,1,0
34,54257,94123,0,0
38,94870,61089,0,0
20,22512,66311,1,0
36,79748,95971,0,0
30,62544,15231,0,0
29,17573,94923,0,0
21,66925,47949,1,1
32,17812,7795,0,0
26,18977,4222,0,0
34,65190,3360,0,0
21,77355,88355,1,1
37,34717,80559,1,0
39,46303,73615,0,0
29,1189,65475,1,0
28,31469,23142,0,0
27,82624,58979,0,0
20,26350,66790,1,0
28,66807,19645,1,0
40,53647,51543,0,0
32,97180,58948,0,0
21,42082,39758,0,0
32,75930,83624,1,0
34,45819,28001,1,0
37,42760,81276,0,0
37,28986,10227,1,0
21,60272,85988,1,1
25,62338,35746,1,0
38,15213,35383,1,0
37,76093,97941,0,0
23,34667,49389,1,0
35,68406,52211,0,0
30,13996,71448,1,0
29,24980,98945,1,0
26,86944,58988,0,0
34,39178,40956,1,0
31,59791,2313,0,0
23,60955,20939,0,0
25,56292,89768,0,0
40,67363,46289,0,0
35,96383,65130,1,0
21,21355,96582,0,0
23,70268,24915,1,0
27,27785,30187,1,0
23,61553,74841,1,1
31,8231,37560,1,0
38,29269,35505,0,0
34,31510,59984,1,0
21,80638,59081,0,0
21,60800,41010,1,1
35,54882,44860,0,0
21,28307,36274,1,0
30,62955,56241,0,0
26,27049,45328,1,0
23,1478,59718,1,0
39,18044,86024,0,0
39,80726,37555,0,0
31,61705,83013,1,0
32,19455,51501,0,0
37,10250,14947,1,0
35,23134,73383,1,0
40,18569,80083,0,0
39,25669,21573,0,0
40,70491,15443,0,0
37,9870,65498,0,0
35,28185,8879,0,0
30,9707,78669,0,0
30,15802,6542,1,0
22,85529,39223,1,0
29,17063,12371,0,0
32,79127,70443,0,0
30,94847,55241,0,0
23,27952,25826,0,0
36,16840,55733,1,0
23,36466,70039,1,0
38,54216,75388,0,0
26,50228,19287,0,0
33,15171,63264,1,0
28,16262,10980,1,0
40,26340,39760,0,0
20,14038,96481,1,0
30,45351,67522,1,0
39,58474,53999,0,0
33,93318,16830,0,0
22,34861,71230,0,0
20,60600,61127,0,0
33,5135,93934,1,0
20,31035,81501,0,0
35,10089,57893,0,0
21,53863,97034,1,1
37,71382,85150,1,0
23,94563,81802,1,1
25,69801,87922,1,1
32,92258,95468,0,0
36,58273,75653,1,0
25,74328,98881,0,0
32,49615,59469,1,0
35,60310,25481,0,0
26,76143,82240,0,0
22,42971,2756,1,0
39,24231,91255,1,0
24,17005,56673,1,0
24,41645,95528,1,0
33,91935,2292,0,0
30,1604,46170,1,0
40,52616,28108,1,0
37,2150,15727,1,0
21,17257,9465,0,0
37,75355,19809,0,0
22,96090,29031,0,0
36,32144,70050,0,0
21,70223,39543,0,0
30,21049,57324,0,0
34,85089,26190,1,0
21,63234,46483,1,1
21,59869,67445,1,1
25,5647,68541,1,0
24,40730,97366,1,0
39,34108,98254,0,0
38,3108,32194,0,0
34,46629,3104,0,0
22,52397,92175,0,0
23,38062,11206,1,0
25,93002,18007,0,0
37,30936,30038,1,0
39,42990,43074,1,0
31,48289,21939,1,0
26,87199,16393,0,0
27,59870,91370,1,1
33,97521,77089,1,0
29,67201,83228,1,1
22,34193,6745,1,0
26,56344,66753,0,0
23,12042,74629,0,0
26,93878,74562,1,1
20,77602,61400,0,0
34,63735,52209,0,0
31,85733,77348,1,0
31,42750,71345,1,0
33,9222,24453,1,0
31,18032,48400,0,0
20,75107,62701,0,0
24,39642,89092,1,0
35,72634,4808,1,0
27,21177,61837,0,0
34,92849,64217,1,0
31,31936,5364,0,0
27,82109,36335,0,0
28,48282,28337,0,0
37,19356,15939,1,0
33,91782,35188,1,0
24,56370,22290,1,0
23,24830,43106,1,0
27,86512,15494,0,0
28,36581,20170,0,0
25,54775,49394,1,1
29,15815,2858,0,0
40,89684,32780,0,0
24,50907,59680,1,1
31,1229,12637,0,0
22,48856,69706,1,0
27,85249,9299,1,0
20,48123,5032,1,0
23,49571,42551,1,0
25,3036,90465,0,0
39,94606,84010,0,0
27,57434,49827,1,1
35,54678,74928,1,0
33,47916,52571,0,0
39,85842,61979,0,0
38,58041,11926,0,0
40,91784,93394,1,0
24,56328,91996,0,0
28,93574,31637,0,0
32,41585,43360,0,0
39,65213,50873,0,0
38,87650,18928,1,0
35,11630,38617,0,0
22,92287,65141,1,1
31,12910,37026,1,0
23,11490,48380,1,0
24,14599,31212,0,0
23,69117,88429,1,1
24,59000,61417,0,0
34,21805,13049,1,0
24,29839,54080,0,0
23,63489,30158,0,0
39,83021,7432,1,0
33,14604,45836,1,0
38,59756,21670,1,0
24,14973,20456,1,0
35,57757,17941,0,0
28,82544,1923,0,0
26,4452,8731,1,0
38,43767,38378,1,0
35,32439,38960,1,0
23,63719,19439,0,0
31,64403,10247,1,0
26,76101,39307,1,0
40,42075,11318,0,0
28,41027,55187,1,0
32,88420,61999,1,0
28,72837,31140,0,0
32,15190,38263,0,0
27,13169,43155,1,0
33,7089,16418,0,0
32,78054,38282,1,0
24,46961,31413,1,0
27,14678,29737,1,0
23,80874,66469,0,0
26,39326,7629,0,0
29,52413,7865,0,0
25,31487,44062,1,0
20,96681,22069,0,0
32,94387,30676,0,0
25,31946,11003,1,0
27,70120,31158,0,0
27,43761,49054,0,0
25,64115,30592,1,0
34,95257,49049,1,0
34,99452,16033,0,0
24,74511,89709,0,0
40,45083,69704,1,0
35,61388,62557,0,0
29,67738,95718,0,0
29,59976,71670,1,1
31,25905,78512,0,0
38,19111,59265,0,0
28,29827,64969,0,0
28,97075,34543,0,0
34,3565,82195,0,0
36,74879,37746,0,0
24,59631,38629,1,0
35,71265,76854,1,0
36,35137,23943,1,0
36,52049,6699,0,0
37,83195,90246,1,0
25,89581,97746,0,0
34,51814,55519,1,0
39,92578,24077,0,0
26,83642,32786,1,0
30,62299,63632,0,0
32,20182,70554,0,0
25,50034,69809,1,1
35,50552,27838,0,0
39,37655,22909,0,0
33,59018,78460,1,0
23,58571,33579,1,0
38,36413,26560,1,0
22,94837,9433,1,0
34,13496,49456,1,0
31,22944,53263,0,0
20,2399,8156,1,0
30,26564,67343,0,0
38,37890,66330,1,0
28,6005,66122,1,0
38,3473,68647,0,0
28,28129,46623,1,0
22,61223,76970,0,0
32,91847,20370,1,0
40,38321,93536,0,0
40,30745,7053,1,0
30,17584,10716,0,0
39,99053,50440,1,0
31,77610,55311,1,0
30,3622,29673,0,0
36,98360,53192,1,0
36,94385,69387,1,0
27,71597,96865,0,0
31,31211,43180,1,0
38,17717,26950,0,0
23,78721,54786,1,1
40,11623,46108,0,0
40,21713,90266,0,0
32,35540,30885,1,0
32,10200,74366,0,0
27,35994,15823,1,0
38,19755,44176,0,0
24,38100,10628,1,0
27,33335,94121,0,0
28,90856,10837,0,0
26,90203,61804,1,1
21,37250,53095,0,0
38,57000,21913,0,0
27,31038,71009,0,0
24,38273,65481,1,0
37,51246,50909,1,0
28,66544,25453,1,0
39,34528,69615,1,0
37,82794,38281,1,0
40,12589,17520,1,0
39,67347,25640,0,0
23,69008,52864,1,1
35,26060,14952,1,0
20,1398,21621,0,0
32,38357,57205,0,0
27,27441,35501,1,0
39,92998,13897,1,0
26,43532,38293,1,0
20,65352,76467,1,1
30,58505,31321,1,0
34,30449,34706,1,0
31,29010,85012,1,0
38,28562,89401,1,0
40,66069,64159,1,0
22,19682,46212,0,0
33,12417,12584,1,0
27,38138,80815,1,0
36,15014,46251,1,0
29,89134,86866,1,1
31,88565,65208,0,0
28,40922,72277,1,0
25,32672,79023,0,0
36,60159,24878,0,0
28,35088,40211,1,0
34,61809,75966,1,0
20,50120,42509,0,0
30,19483,18270,1,0
30,75634,1690,1,0
31,44614,18576,1,0
37,63358,48652,0,0
40,48584,75160,0,0
29,93227,22018,0,0
26,18494,86287,0,0
32,31854,72785,1,0
24,63624,89455,0,0
27,33276,3978,1,0
24,65532,78505,0,0
33,60318,44358,1,0
21,72993,9860,0,0
26,35614,75249,0,0
33,4219,70369,0,0
38,30972,79483,1,0
25,9526,40759,0,0
27,23092,91234,0,0
31,93108,94755,1,0
35,60937,56772,1,0
38,62778,68459,0,0
25,19637,99885,1,0
28,61709,98512,0,0
30,57527,67144,1,0
29,13472,84579,0,0
40,1412,73227,0,0
33,10224,55166,0,0
29,91128,53127,0,0
24,29666,31582,0,0
23,14567,79621,0,0
21,26051,30590,0,0
29,57874,95989,0,0
35,18024,20427,1,0
38,91787,76377,1,0
32,63496,69586,0,0
34,49334,26865,0,0
36,79602,48089,0,0
34,44881,47932,0,0
37,67681,40823,1,0
28,28419,53053,0,0
21,60881,94246,0,0
36,53478,36024,1,0
36,78014,33963,0,0
26,74417,4259,1,0
39,11334,56047,0,0
35,33943,69586,1,0
20,81573,14853,0,0
24,89187,86676,0,0
20,57618,17885,1,0
34,27166,9764,1,0
29,88883,69534,0,0
32,58843,32702,1,0
20,71342,25788,0,0
29,53760,88683,0,0
28,10575,20247,0,0
32,37002,74115,1,0
30,81252,30632,1,0
34,56516,28660,1,0
21,18335,71767,1,0
35,21436,29159,1,0
22,19122,52119,1,0
36,51856,94430,0,0
31,7539,48818,0,0
26,5680,83225,0,0
36,72770,67262,1,0
26,34111,40065,0,0
26,76701,44201,0,0
38,95877,94297,1,0
29,79044,38654,0,0
21,45757,63827,1,0
27,77967,16524,0,0
35,68883,69938,0,0
28,68830,97554,1,1
37,61970,82558,0,0
29,82959,55555,0,0
38,14422,63305,1,0
39,51030,83745,0,0
29,17586,14457,1,0
22,25852,95981,0,0
26,49717,64926,0,0
38,12033,67404,1,0
21,68340,14942,0,0
32,70340,40487,1,0
39,93149,30785,1,0
33,24513,47493,0,0
21,85582,99607,1,1
35,56162,29374,1,0
29,25303,19958,0,0
20,4845,47801,1,0
38,44440,93058,1,0
35,72764,38977,0,0
36,34885,81352,1,0
21,45811,81142,1,0
35,56601,44600,0,0
27,87657,86128,1,1
38,90498,79879,1,0
25,3715,95154,0,0
23,56498,51655,1,1
36,86075,39684,1,0
30,16518,27247,0,0
28,15330,72887,0,0
32,30434,14291,1,0
26,39202,65905,0,0
25,40496,60018,0,0
22,14083,56339,1,0
40,57362,96908,0,0
31,50651,76423,1,0
32,79719,24909,1,0
25,38695,38117,0,0
20,3614,36639,1,0
38,19959,3320,1,0
22,73347,39311,1,0
26,58843,12816,1,0
22,93398,38920,0,0
38,39336,42126,0,0
23,8788,26805,0,0
28,7129,60972,0,0
36,63811,92043,0,0
20,2387,56600,1,0
36,4409,27179,1,0
26,58582,35694,1,0
34,57211,99718,1,0
26,59529,73495,0,0
35,12038,74458,0,0
37,78604,28560,1,0
27,20736,35662,1,0
35,20925,3172,0,0
27,14762,72995,0,0
21,57850,44509,1,1
33,29419,32353,0,0
37,47647,22403,1,0
32,23324,17779,0,0
24,80350,99803,0,0
22,70903,99326,1,1
39,28274,97062,0,0
35,79172,51202,1,0
25,92980,48084,0,0
24,45221,60108,1,0
40,29150,87036,0,0
39,41554,40641,1,0
30,50716,30183,1,0
37,91700,33666,1,0
27,78180,64903,1,1
28,70457,42206,1,1
25,58450,96911,1,1
27,10025,44457,0,0
28,89927,61133,0,0
26,34190,54217,1,0
32,91505,76168,0,0
26,82490,4896,0,0
23,31168,25281,1,0
23,5271,47901,0,0
38,47259,94436,0,0
27,87189,29356,1,0
26,49149,67181,1,0
37,41846,79499,0,0
33,68495,13147,0,0
21,40176,24433,0,0
30,35969,11787,0,0
29,43248,90188,1,0
37,6465,16428,0,0
26,99526,44060,1,1
37,11355,59566,1,0
22,99708,23714,0,0
26,68562,96387,1,1
37,45543,9802,0,0
22,79348,96459,0,0
28,97495,12855,1,0
34,91351,88738,1,0
20,85619,89625,0,0
21,78389,57989,0,0
34,35275,6366,1,0
29,64988,57568,0,0
39,91258,49971,1,0
30,35546,17692,0,0
25,76268,84383,1,1
39,94711,75869,1,0
34,68372,35086,0,0
21,20160,83185,1,0
37,8532,60839,1,0
33,22457,58368,0,0
22,98008,31965,0,0
22,31846,6148,1,0
30,50494,39101,0,0
34,26648,67061,1,0
23,96145,75605,0,0
25,25956,66760,1,0
22,45720,80874,1,0
34,79104,60235,1,0
22,99921,29604,1,0
29,32102,57718,0,0
28,80388,25028,0,0
36,87399,83812,0,0
36,69412,39748,1,0
24,68171,52247,1,1
29,70166,90965,1,1
39,46252,21588,1,0
35,29642,19800,1,0
35,60603,67628,1,0
33,1232,53898,0,0
20,78314,78609,1,1
37,44070,21709,1,0
40,26946,44672,0,0
21,25254,77859,0,0
35,41867,49282,0,0
37,75303,20805,1,0
35,46162,38516,0,0
32,48494,45801,0,0
33,15287,72662,1,0
38,49210,92278,1,0
31,86917,58869,0,0
34,28861,96555,0,0
29,82086,9545,0,0
20,27773,80287,1,0
30,95175,19789,0,0
32,33983,78199,0,0
27,4969,98116,0,0
36,35851,98137,0,0
21,8430,92849,1,0
30,89338,59905,0,0
21,66702,3586,1,0
32,48267,43132,1,0
23,84350,16072,0,0
36,4996,15449,0,0
36,42086,21267,1,0
35,22408,65726,1,0
36,82756,95032,0,0
37,95032,40475,0,0
39,18908,80846,1,0
35,94804,98222,0,0
35,13028,70585,0,0
37,24460,34061,0,0
36,49329,80631,1,0
30,82643,93763,0,0
30,99401,60376,0,0
30,40032,4460,0,0
37,66651,16295,0,0
40,15230,51876,0,0
25,44745,21449,1,0
34,40284,78378,0,0
31,19514,56852,0,0
31,92217,13454,0,0
31,81880,43976,0,0
40,74641,95788,1,0
29,63363,59578,1,1
23,99897,97577,1,1
32,25002,94265,0,0
24,90352,35922,0,0
23,28013,95403,0,0
20,8964,56451,0,0
37,9451,47236,1,0
24,27713,5494,0,0
40,2612,65114,0,0
38,93279,19431,0,0
36,24553,70794,0,0
31,89748,98319,1,0
30,50227,58350,0,0
31,65524,32070,0,0
37,49778,63789,1,0
34,31395,62654,0,0
34,18758,70131,0,0
21,85562,40718,1,1
31,29100,5691,0,0
37,38918,78662,0,0
28,12467,80918,0,0
34,92386,62401,1,0
23,20152,47483,1,0
32,57503,59709,1,0
38,26016,7794,1,0
29,4498,84648,1,0
26,40722,52477,0,0
38,28463,56649,1,0
27,21040,32698,0,0
29,3282,1484,1,0
23,21168,27503,1,0
39,33287,12837,0,0
21,19666,97220,0,0
39,22661,9825,1,0
30,4893,77149,1,0
38,47949,54572,0,0
34,41570,6099,1,0
31,73837,61736,1,0
33,37094,47769,0,0
35,99441,69221,1,0
38,94960,24399,1,0
24,81654,9460,0,0
37,65112,46085,0,0
31,15282,85917,1,0
35,87496,47835,1,0
22,92413,36061,1,0
26,60302,67739,1,1
23,78477,27541,0,0
32,91888,66102,0,0
32,35806,91227,1,0
32,85761,29368,1,0
22,22343,65834,0,0
23,13564,35383,0,0
23,48684,12603,0,0
22,55796,34146,1,0
27,90601,74874,0,0
37,58352,96771,1,0
38,51788,58999,1,0
24,26821,22618,0,0
39,95306,54648,1,0
23,51124,33510,1,0
32,3431,43950,0,0
39,90885,76846,1,0
34,74505,13622,0,0
37,38194,59456,1,0
30,92473,80209,0,0
40,11152,94794,1,0
32,99029,40029,1,0
28,84852,83513,1,1
36,93291,91456,0,0
24,35738,95407,1,0
33,81410,31628,1,0
28,35904,42969,1,0
33,74671,71384,0,0
26,50269,71305,0,0
34,41347,16182,0,0
22,78066,94913,1,1
32,11626,53243,1,0
23,8370,74120,0,0
38,6332,82585,1,0
32,13403,46966,1,0
38,44486,34917,0,0
37,87179,51200,0,0
33,22771,88664,0,0
23,83850,24538,1,0
28,92851,70326,0,0
36,46450,29140,1,0
29,15771,98920,0,0
27,71519,79823,1,1
25,55126,12703,0,0
21,58181,16291,1,0
27,3432,14104,0,0
22,80876,36841,0,0
28,15246,65202,1,0
25,97235,34542,0,0
22,24604,37761,0,0
32,18983,76161,0,0
22,5699,44147,0,0
31,41677,55559,0,0
28,11291,56840,1,0
22,50892,36298,0,0
24,43834,20247,1,0
39,67818,65877,1,0
26,97125,79265,0,0
30,99302,58455,0,0
25,7820,64976,1,0
32,92409,39885,0,0
20,24837,17471,1,0
24,18373,40458,0,0
28,71746,94722,0,0
35,13287,27823,0,0
31,47273,86292,1,0
28,80479,26304,1,0
21,89700,33694,0,0
35,10006,74027,0,0
30,2061,25521,1,0
32,99447,52185,0,0
22,75374,48429,1,1
21,45871,17125,0,0
38,3732,92372,0,0
34,67048,15131,1,0
30,15693,34923,1,0
24,56809,56692,1,1
20,50820,16306,0,0
39,1468,90991,1,0
25,13670,1367,1,0
25,87720,59691,0,0
31,5598,78005,1,0
22,64420,1300,0,0
30,62022,40889,1,0
34,39951,72431,0,0
22,56704,60033,1,1
24,30839,73875,1,0
20,82136,87752,0,0
27,84315,31526,1,0
30,49201,33012,0,0
36,19031,72277,0,0
24,20219,46942,1,0
21,84628,15636,1,0
33,68741,73040,1,0
29,64833,7902,0,0
34,24990,42974,0,0
36,45956,44441,1,0
34,57309,2495,1,0
25,66770,3700,1,0
20,66803,45371,0,0
34,77222,97845,0,0
40,34264,26371,1,0
33,55761,87681,0,0
24,85323,36557,1,0
34,24499,13751,1,0
22,46603,82524,1,0
30,48609,28453,1,0
38,93491,18618,0,0
29,31338,79631,1,0
21,98130,6627,0,0
25,93463,22185,1,0
29,9694,60672,1,0
38,47113,57603,1,0
36,39100,65581,0,0
29,63934,23769,1,0
21,58956,13511,0,0
21,1736,60428,0,0
31,23585,94867,0,0
28,32960,89739,1,0
34,12668,32168,0,0
28,7103,53670,0,0
35,15180,95801,0,0
31,74483,93018,1,0
34,90827,84476,1,0
35,64258,18248,0,0
22,19228,72513,1,0
20,61822,68381,1,1
35,70963,58515,0,0
36,18560,66982,1,0
22,80164,46716,0,0
38,76775,63106,0,0
26,51162,74040,0,0
20,47203,15496,0,0
36,56832,20333,1,0
26,68591,83735,0,0
22,20977,63609,0,0
26,5234,55560,0,0
32,67180,50322,0,0
40,62463,44683,1,0
36,48850,73917,1,0
31,86349,69215,1,0
30,61091,30717,1,0
23,90574,72960,1,1
23,31901,58808,1,0
24,87666,93126,1,1
39,87913,2571,0,0
25,60218,80150,1,1
33,6735,6321,0,0
24,25722,43268,1,0
31,11870,61472,0,0
29,86572,51672,1,1
30,79158,66084,1,0
26,35562,85394,1,0
34,1493,76747,1,0
28,86809,13912,0,0
26,23446,13333,1,0
21,14651,18793,0,0
31,80395,27371,1,0
29,59234,31268,0,0
25,90742,45758,1,1
30,70772,51058,1,0
38,97875,33982,1,0
26,37266,22555,1,0
34,65091,82045,1,0
36,69079,12357,1,0
35,55136,30749,0,0
33,15058,2027,0,0
36,11850,32257,0,0
26,26009,2997,0,0
22,39865,25555,1,0
31,31659,17421,0,0
37,21401,23052,0,0
26,2778,66564,1,0
37,61268,1430,0,0
29,95496,7786,1,0
29,77699,41094,0,0
31,21503,24600,1,0
39,20550,17077,0,0
39,5351,30871,1,0
29,58233,71726,0,0
40,28661,6080,1,0
31,38224,92460,0,0
39,71155,9040,0,0
20,13712,21082,0,0
31,93004,58246,1,0
40,10947,44636,0,0
33,68053,51057,1,0
30,34649,72977,0,0
23,27577,1094,1,0
35,30649,27258,1,0
30,13134,34766,1,0
35,96906,4078,1,0
33,4148,46609,0,0
23,14081,96222,0,0
30,94939,33118,1,0
23,83482,39923,1,0
40,34835,61326,1,0
28,43309,66336,0,0
24,15335,41196,0,0
36,28210,70679,1,0
22,20762,65792,1,0
22,97276,89057,1,1
37,95458,81745,1,0
38,65460,73885,1,0
20,98806,56294,1,1
28,69962,51166,1,1
28,46039,63286,0,0
26,39612,53872,0,0
33,12463,42939,0,0
34,32393,59424,1,0
40,16318,59076,1,0
33,91896,22309,1,0
35,77056,37197,1,0
37,29539,92071,1,0
25,17271,39354,1,0
35,62844,53868,1,0
26,69840,16926,0,0
40,60737,24433,1,0
36,55849,57752,0,0
20,23366,96265,0,0
25,22443,8206,1,0
35,75467,64380,1,0
25,92934,32269,1,0
26,18671,3701,0,0
25,49626,44490,0,0
32,80862,63148,0,0
28,2733,42440,1,0
20,28564,12445,0,0
34,39762,9384,0,0
38,47154,71642,0,0
33,63304,52411,1,0
25,38736,37971,0,0
40,97646,86972,0,0
38,5284,56462,1,0
39,66074,44085,1,0
26,19409,14333,0,0
35,51954,20848,1,0
28,50853,80774,0,0
33,73336,31847,0,0
25,20860,93061,0,0
28,91135,49378,0,0
24,25321,14674,0,0
20,79721,79535,0,0
36,77155,94583,0,0
28,19013,22306,0,0
22,74135,81428,0,0
25,77211,5138,1,0
38,89195,8581,1,0
32,14831,34261,0,0
39,89428,12052,1,0
27,34039,55417,0,0
32,66514,68267,1,0
24,73844,52309,1,1
38,76232,16888,0,0
39,87255,49439,1,0
33,4353,36027,0,0
40,97945,76773,0,0
40,1070,6978,1,0
38,50483,28099,0,0
20,5971,78224,0,0
40,40494,79731,1,0
36,55065,45432,0,0
33,97684,23330,1,0
32,18156,65288,1,0
28,62116,66967,1,1
25,75778,50145,0,0
26,38217,95850,0,0
26,53333,77805,0,0
22,39691,73940,1,0
30,47218,23637,0,0
24,89738,21131,0,0
32,2164,51209,0,0
20,76516,59913,1,1
40,1960,69969,1,0
37,38349,58500,1,0
23,10139,56199,1,0
29,60139,78147,0,0
29,20500,61970,0,0
35,25678,67632,0,0
32,58702,41862,1,0
21,54888,63463,1,1
33,36508,8881,0,0
40,96774,10626,1,0
34,90372,96864,0,0
36,77356,3655,1,0
40,68928,85492,0,0
27,85309,21236,0,0
27,67244,96313,0,0
22,49817,61782,0,0
34,73412,13205,1,0
40,27130,39061,1,0
28,97266,39570,0,0
25,11987,57489,1,0
37,19629,43158,0,0
24,46601,62153,1,0
31,82227,93434,0,0
35,26239,80812,1,0
31,18584,65175,1,0
36,94224,67141,0,0
32,48920,83032,1,0
40,39550,93061,0,0
38,85808,24689,1,0
21,71135,88771,0,0
30,34388,14072,0,0
40,70627,84873,0,0
23,50560,77187,0,0
39,89165,56254,0,0
33,24641,71992,0,0
22,29058,24842,1,0
32,33063,77591,0,0
27,88598,54068,1,1
25,69531,48774,0,0
20,59496,90907,1,1
38,5100,79492,1,0
22,52674,88877,1,1
35,11092,37481,0,0
20,71504,25000,1,0
38,53400,99551,0,0
29,38146,81908,0,0
28,64655,34230,1,0
39,53673,14069,0,0
38,98070,99068,0,0
34,77842,99727,1,0
30,17596,15200,1,0
40,34881,84983,0,0
24,89457,61459,1,1
35,23282,80086,1,0
24,14064,64865,0,0
33,7772,47341,1,0
31,88401,78822,1,0
29,15336,13061,1,0
28,61080,70257,0,0
26,59835,56395,1,1
20,44038,33175,0,0
26,54408,61698,1,1
29,71481,36874,1,0
38,12401,85136,0,0
37,97835,65586,1,0
31,81197,2761,0,0
38,52231,82015,0,0
22,40005,20185,0,0
32,40250,78325,1,0
36,4807,80754,0,0
31,25069,3617,1,0
40,5747,83927,0,0
38,54767,41604,0,0
22,73557,65989,1,1
20,50277,62787,1,1
38,52764,82662,1,0
21,96390,66811,0,0
21,48564,38378,0,0
28,57636,96257,0,0
30,69347,9982,1,0
39,8030,93194,1,0
31,91827,90055,1,0
24,76743,79031,1,1
29,89706,9387,1,0
27,31135,71694,0,0
35,24537,92567,1,0
39,10665,31261,1,0
22,53660,51119,1,1
25,65447,74299,1,1
21,57521,98098,0,0
27,51023,81220,0,0
28,29855,75467,0,0
28,89104,82298,1,1
26,43758,17554,0,0
39,83758,19392,1,0
20,88944,46652,1,1
27,38596,10502,0,0
35,94835,10618,1,0
36,37793,42215,0,0
38,79965,45098,1,0
39,47084,50895,1,0
21,42769,14275,0,0
38,3822,65158,1,0
29,46924,83049,1,0
30,82526,12845,1,0
35,94003,6245,1,0
32,70105,2338,0,0
22,93682,22790,0,0
23,33337,94298,1,0
33,49940,46501,1,0
38,65784,92246,0,0
20,84582,58043,0,0
39,12493,98326,1,0
34,86228,62126,0,0
40,89034,74259,1,0
22,58299,77215,1,1
36,83704,95327,1,0
23,55670,78680,0,0
25,16987,89871,0,0
32,78270,55747,0,0
28,7057,53574,1,0
31,34184,22004,1,0
33,4120,44903,1,0
32,55148,54133,1,0
37,97904,23080,1,0
30,92425,18141,1,0
20,26765,14024,1,0
27,80667,58267,0,0
22,40251,93343,1,0
36,49011,73094,1,0
34,32261,1558,0,0
32,45999,36236,0,0
30,21560,68927,1,0
23,97415,20427,0,0
23,37737,86197,1,0
35,21922,39226,0,0
37,35271,92753,1,0
36,84447,6916,1,0
33,23478,44492,0,0
38,25722,40482,1,0
24,97777,16936,1,0
32,36040,43963,0,0
23,18140,48998,0,0
27,18209,85059,1,0
35,17269,31709,1,0
21,40394,97245,0,0
22,24772,89103,1,0
40,45243,41630,1,0
32,93954,90762,1,0
33,62471,74083,1,0
38,35175,82951,1,0
39,78599,28707,0,0
34,64246,78536,1,0
38,3887,2431,1,0
37,45080,24360,0,0
32,78894,64755,1,0
21,88521,50943,1,1
23,31537,24920,1,0
35,75457,27876,1,0
35,34524,57583,1,0
22,81769,48437,0,0
31,63107,81894,0,0
26,59127,16843,1,0
